ISO-10303-21;
HEADER;
/****************************************************************
 * Generated by software with PDE/Lib inside                    *
 * PDElib Version v51a, created Fri 12/12/2008                  *
 * International Technegroup Inc. (www.iti-oh.com)              *
 ****************************************************************/
FILE_DESCRIPTION((''),'2;1');
FILE_NAME('C:\\Users\\shirley\\Desktop\\RPS-60.stp','2020-05-27T16:12:38',('shirley'),(''),'Autodesk Inventor 2010','Autodesk Inventor 2010','');
FILE_SCHEMA(('AUTOMOTIVE_DESIGN { 1 0 10303 214 1 1 1 1 }'));
ENDSEC;
DATA;
#5=APPLICATION_CONTEXT('automotive design');
#6=APPLICATION_PROTOCOL_DEFINITION('International Standard','automotive_design',2001,#5);
#7=PRODUCT_CONTEXT('',#5,'mechanical');
#8=PRODUCT('RPS-60','RPS-60',$,(#7));
#9=PRODUCT_RELATED_PRODUCT_CATEGORY('part',$,(#8));
#10=PRODUCT_DEFINITION_FORMATION('',$,#8);
#11=PRODUCT_DEFINITION_CONTEXT('part definition',#5,'design');
#12=PRODUCT_DEFINITION('',$,#10,#11);
#18=(NAMED_UNIT(*)PLANE_ANGLE_UNIT()SI_UNIT($,.RADIAN.));
#19=DIMENSIONAL_EXPONENTS(0.0,0.0,0.0,0.0,0.0,0.0,0.0);
#20=PLANE_ANGLE_MEASURE_WITH_UNIT(PLANE_ANGLE_MEASURE(0.017453292500000),#18);
#24=(CONVERSION_BASED_UNIT('DEGREE',#20)NAMED_UNIT(#19)PLANE_ANGLE_UNIT());
#28=(NAMED_UNIT(*)SI_UNIT($,.STERADIAN.)SOLID_ANGLE_UNIT());
#32=(LENGTH_UNIT()NAMED_UNIT(*)SI_UNIT(.MILLI.,.METRE.));
#34=UNCERTAINTY_MEASURE_WITH_UNIT(LENGTH_MEASURE(0.010000000000000),#32,'DISTANCE_ACCURACY_VALUE','');
#36=(GEOMETRIC_REPRESENTATION_CONTEXT(3)GLOBAL_UNCERTAINTY_ASSIGNED_CONTEXT((#34))GLOBAL_UNIT_ASSIGNED_CONTEXT((#24,#28,#32))REPRESENTATION_CONTEXT('None','None'));
#37=AXIS2_PLACEMENT_3D('',#38,#39,#40);
#38=CARTESIAN_POINT('',(0.0,0.0,0.0));
#39=DIRECTION('',(0.0,0.0,1.0));
#40=DIRECTION('',(1.0,0.0,0.0));
#41=SHAPE_REPRESENTATION('',(#37,#5689,#8656,#12665,#12838,#14600,#15886,#16261,#17581),#36);
#42=PRODUCT_DEFINITION_SHAPE('','',#12);
#43=SHAPE_DEFINITION_REPRESENTATION(#42,#41);
#44=APPLICATION_CONTEXT('automotive design');
#45=APPLICATION_PROTOCOL_DEFINITION('International Standard','automotive_design',2001,#44);
#46=PRODUCT_CONTEXT('',#44,'mechanical');
#47=PRODUCT('PCB','PCB',$,(#46));
#48=PRODUCT_RELATED_PRODUCT_CATEGORY('part',$,(#47));
#49=PRODUCT_DEFINITION_FORMATION('',$,#47);
#50=PRODUCT_DEFINITION_CONTEXT('part definition',#44,'design');
#51=PRODUCT_DEFINITION('',$,#49,#50);
#57=(NAMED_UNIT(*)PLANE_ANGLE_UNIT()SI_UNIT($,.RADIAN.));
#58=DIMENSIONAL_EXPONENTS(0.0,0.0,0.0,0.0,0.0,0.0,0.0);
#59=PLANE_ANGLE_MEASURE_WITH_UNIT(PLANE_ANGLE_MEASURE(0.017453292500000),#57);
#63=(CONVERSION_BASED_UNIT('DEGREE',#59)NAMED_UNIT(#58)PLANE_ANGLE_UNIT());
#67=(NAMED_UNIT(*)SI_UNIT($,.STERADIAN.)SOLID_ANGLE_UNIT());
#71=(LENGTH_UNIT()NAMED_UNIT(*)SI_UNIT(.MILLI.,.METRE.));
#73=UNCERTAINTY_MEASURE_WITH_UNIT(LENGTH_MEASURE(0.010000000000000),#71,'DISTANCE_ACCURACY_VALUE','');
#75=(GEOMETRIC_REPRESENTATION_CONTEXT(3)GLOBAL_UNCERTAINTY_ASSIGNED_CONTEXT((#73))GLOBAL_UNIT_ASSIGNED_CONTEXT((#63,#67,#71))REPRESENTATION_CONTEXT('None','None'));
#76=AXIS2_PLACEMENT_3D('',#77,#78,#79);
#77=CARTESIAN_POINT('',(0.0,0.0,0.0));
#78=DIRECTION('',(0.0,0.0,1.0));
#79=DIRECTION('',(1.0,0.0,0.0));
#80=SHAPE_REPRESENTATION('',(#76),#75);
#81=PRODUCT_DEFINITION_SHAPE('','',#51);
#82=SHAPE_DEFINITION_REPRESENTATION(#81,#80);
#88=(NAMED_UNIT(*)PLANE_ANGLE_UNIT()SI_UNIT($,.RADIAN.));
#89=DIMENSIONAL_EXPONENTS(0.0,0.0,0.0,0.0,0.0,0.0,0.0);
#90=PLANE_ANGLE_MEASURE_WITH_UNIT(PLANE_ANGLE_MEASURE(0.017453292500000),#88);
#94=(CONVERSION_BASED_UNIT('DEGREE',#90)NAMED_UNIT(#89)PLANE_ANGLE_UNIT());
#98=(NAMED_UNIT(*)SI_UNIT($,.STERADIAN.)SOLID_ANGLE_UNIT());
#102=(LENGTH_UNIT()NAMED_UNIT(*)SI_UNIT(.MILLI.,.METRE.));
#104=UNCERTAINTY_MEASURE_WITH_UNIT(LENGTH_MEASURE(0.000001000000000),#102,'DISTANCE_ACCURACY_VALUE','');
#106=(GEOMETRIC_REPRESENTATION_CONTEXT(3)GLOBAL_UNCERTAINTY_ASSIGNED_CONTEXT((#104))GLOBAL_UNIT_ASSIGNED_CONTEXT((#94,#98,#102))REPRESENTATION_CONTEXT('','3D'));
#107=CARTESIAN_POINT('',(82.830027565189312,39.400447175325439,0.0));
#108=DIRECTION('',(0.0,0.0,1.0));
#109=DIRECTION('',(-1.0,0.0,0.0));
#110=AXIS2_PLACEMENT_3D('',#107,#108,#109);
#111=CYLINDRICAL_SURFACE('',#110,1.650000000000000);
#112=CARTESIAN_POINT('',(84.480027565189303,39.400447175325439,1.600000000000000));
#113=VERTEX_POINT('',#112);
#114=CARTESIAN_POINT('',(82.830027565189312,39.400447175325439,1.600000000000000));
#115=DIRECTION('',(0.0,0.0,-1.0));
#116=DIRECTION('',(-1.0,0.0,0.0));
#117=AXIS2_PLACEMENT_3D('',#114,#115,#116);
#118=CIRCLE('',#117,1.650000000000000);
#119=EDGE_CURVE('',#113,#113,#118,.T.);
#120=ORIENTED_EDGE('',*,*,#119,.F.);
#121=EDGE_LOOP('',(#120));
#122=FACE_OUTER_BOUND('',#121,.T.);
#123=CARTESIAN_POINT('',(84.480027565189303,39.400447175325439,0.0));
#124=VERTEX_POINT('',#123);
#125=CARTESIAN_POINT('',(82.830027565189312,39.400447175325439,0.0));
#126=DIRECTION('',(0.0,0.0,1.0));
#127=DIRECTION('',(-1.0,0.0,0.0));
#128=AXIS2_PLACEMENT_3D('',#125,#126,#127);
#129=CIRCLE('',#128,1.650000000000000);
#130=EDGE_CURVE('',#124,#124,#129,.T.);
#131=ORIENTED_EDGE('',*,*,#130,.F.);
#132=EDGE_LOOP('',(#131));
#133=FACE_BOUND('',#132,.T.);
#134=ADVANCED_FACE('',(#122,#133),#111,.F.);
#135=CARTESIAN_POINT('',(82.835027565189307,-5.054552824674563,0.0));
#136=DIRECTION('',(0.0,0.0,1.0));
#137=DIRECTION('',(-1.0,0.0,0.0));
#138=AXIS2_PLACEMENT_3D('',#135,#136,#137);
#139=CYLINDRICAL_SURFACE('',#138,1.650000000000000);
#140=CARTESIAN_POINT('',(84.485027565189313,-5.054552824674563,1.600000000000000));
#141=VERTEX_POINT('',#140);
#142=CARTESIAN_POINT('',(82.835027565189307,-5.054552824674563,1.600000000000000));
#143=DIRECTION('',(0.0,0.0,-1.0));
#144=DIRECTION('',(-1.0,0.0,0.0));
#145=AXIS2_PLACEMENT_3D('',#142,#143,#144);
#146=CIRCLE('',#145,1.650000000000000);
#147=EDGE_CURVE('',#141,#141,#146,.T.);
#148=ORIENTED_EDGE('',*,*,#147,.F.);
#149=EDGE_LOOP('',(#148));
#150=FACE_OUTER_BOUND('',#149,.T.);
#151=CARTESIAN_POINT('',(84.485027565189313,-5.054552824674563,0.0));
#152=VERTEX_POINT('',#151);
#153=CARTESIAN_POINT('',(82.835027565189307,-5.054552824674563,0.0));
#154=DIRECTION('',(0.0,0.0,1.0));
#155=DIRECTION('',(-1.0,0.0,0.0));
#156=AXIS2_PLACEMENT_3D('',#153,#154,#155);
#157=CIRCLE('',#156,1.650000000000000);
#158=EDGE_CURVE('',#152,#152,#157,.T.);
#159=ORIENTED_EDGE('',*,*,#158,.F.);
#160=EDGE_LOOP('',(#159));
#161=FACE_BOUND('',#160,.T.);
#162=ADVANCED_FACE('',(#150,#161),#139,.F.);
#163=CARTESIAN_POINT('',(-12.414972434810693,-5.054552824674563,0.0));
#164=DIRECTION('',(0.0,0.0,1.0));
#165=DIRECTION('',(-1.0,0.0,0.0));
#166=AXIS2_PLACEMENT_3D('',#163,#164,#165);
#167=CYLINDRICAL_SURFACE('',#166,1.650000000000000);
#168=CARTESIAN_POINT('',(-10.764972434810694,-5.054552824674563,1.600000000000000));
#169=VERTEX_POINT('',#168);
#170=CARTESIAN_POINT('',(-12.414972434810693,-5.054552824674563,1.600000000000000));
#171=DIRECTION('',(0.0,0.0,-1.0));
#172=DIRECTION('',(-1.0,0.0,0.0));
#173=AXIS2_PLACEMENT_3D('',#170,#171,#172);
#174=CIRCLE('',#173,1.650000000000000);
#175=EDGE_CURVE('',#169,#169,#174,.T.);
#176=ORIENTED_EDGE('',*,*,#175,.F.);
#177=EDGE_LOOP('',(#176));
#178=FACE_OUTER_BOUND('',#177,.T.);
#179=CARTESIAN_POINT('',(-10.764972434810694,-5.054552824674563,0.0));
#180=VERTEX_POINT('',#179);
#181=CARTESIAN_POINT('',(-12.414972434810693,-5.054552824674563,0.0));
#182=DIRECTION('',(0.0,0.0,1.0));
#183=DIRECTION('',(-1.0,0.0,0.0));
#184=AXIS2_PLACEMENT_3D('',#181,#182,#183);
#185=CIRCLE('',#184,1.650000000000000);
#186=EDGE_CURVE('',#180,#180,#185,.T.);
#187=ORIENTED_EDGE('',*,*,#186,.F.);
#188=EDGE_LOOP('',(#187));
#189=FACE_BOUND('',#188,.T.);
#190=ADVANCED_FACE('',(#178,#189),#167,.F.);
#191=CARTESIAN_POINT('',(-12.419972434810688,39.400447175325439,0.0));
#192=DIRECTION('',(0.0,0.0,1.0));
#193=DIRECTION('',(-1.0,0.0,0.0));
#194=AXIS2_PLACEMENT_3D('',#191,#192,#193);
#195=CYLINDRICAL_SURFACE('',#194,1.650000000000000);
#196=CARTESIAN_POINT('',(-10.769972434810688,39.400447175325439,1.600000000000000));
#197=VERTEX_POINT('',#196);
#198=CARTESIAN_POINT('',(-12.419972434810688,39.400447175325439,1.600000000000000));
#199=DIRECTION('',(0.0,0.0,-1.0));
#200=DIRECTION('',(-1.0,0.0,0.0));
#201=AXIS2_PLACEMENT_3D('',#198,#199,#200);
#202=CIRCLE('',#201,1.650000000000000);
#203=EDGE_CURVE('',#197,#197,#202,.T.);
#204=ORIENTED_EDGE('',*,*,#203,.F.);
#205=EDGE_LOOP('',(#204));
#206=FACE_OUTER_BOUND('',#205,.T.);
#207=CARTESIAN_POINT('',(-10.769972434810688,39.400447175325439,0.0));
#208=VERTEX_POINT('',#207);
#209=CARTESIAN_POINT('',(-12.419972434810688,39.400447175325439,0.0));
#210=DIRECTION('',(0.0,0.0,1.0));
#211=DIRECTION('',(-1.0,0.0,0.0));
#212=AXIS2_PLACEMENT_3D('',#209,#210,#211);
#213=CIRCLE('',#212,1.650000000000000);
#214=EDGE_CURVE('',#208,#208,#213,.T.);
#215=ORIENTED_EDGE('',*,*,#214,.F.);
#216=EDGE_LOOP('',(#215));
#217=FACE_BOUND('',#216,.T.);
#218=ADVANCED_FACE('',(#206,#217),#195,.F.);
#219=CARTESIAN_POINT('',(86.005027565189266,42.566827175325443,0.0));
#220=DIRECTION('',(1.0,0.0,0.0));
#221=DIRECTION('',(0.0,0.0,-1.0));
#222=AXIS2_PLACEMENT_3D('',#219,#220,#221);
#223=PLANE('',#222);
#224=CARTESIAN_POINT('',(86.005027565189266,42.575447175325458,1.600000000000000));
#225=VERTEX_POINT('',#224);
#226=CARTESIAN_POINT('',(86.005027565189266,-8.224552824674564,1.600000000000000));
#227=VERTEX_POINT('',#226);
#228=CARTESIAN_POINT('',(86.005027565189266,42.575447175325465,1.600000000000000));
#229=DIRECTION('',(0.0,-1.0,0.0));
#230=VECTOR('',#229,50.800000000000026);
#231=LINE('',#228,#230);
#232=EDGE_CURVE('',#225,#227,#231,.T.);
#233=ORIENTED_EDGE('',*,*,#232,.T.);
#234=CARTESIAN_POINT('',(86.005027565189266,-8.224552824674564,0.0));
#235=VERTEX_POINT('',#234);
#236=CARTESIAN_POINT('',(86.005027565189266,-8.224552824674564,0.0));
#237=DIRECTION('',(0.0,0.0,1.0));
#238=VECTOR('',#237,1.600000000000000);
#239=LINE('',#236,#238);
#240=EDGE_CURVE('',#235,#227,#239,.T.);
#241=ORIENTED_EDGE('',*,*,#240,.F.);
#242=CARTESIAN_POINT('',(86.005027565189266,42.575447175325458,0.0));
#243=VERTEX_POINT('',#242);
#244=CARTESIAN_POINT('',(86.005027565189266,-8.224552824674564,0.0));
#245=DIRECTION('',(0.0,1.0,0.0));
#246=VECTOR('',#245,50.800000000000026);
#247=LINE('',#244,#246);
#248=EDGE_CURVE('',#235,#243,#247,.T.);
#249=ORIENTED_EDGE('',*,*,#248,.T.);
#250=CARTESIAN_POINT('',(86.005027565189266,42.575447175325458,0.0));
#251=DIRECTION('',(0.0,0.0,1.0));
#252=VECTOR('',#251,1.600000000000000);
#253=LINE('',#250,#252);
#254=EDGE_CURVE('',#243,#225,#253,.T.);
#255=ORIENTED_EDGE('',*,*,#254,.T.);
#256=EDGE_LOOP('',(#233,#241,#249,#255));
#257=FACE_OUTER_BOUND('',#256,.T.);
#258=ADVANCED_FACE('',(#257),#223,.T.);
#259=CARTESIAN_POINT('',(86.005027565189266,-8.224552824674564,0.0));
#260=DIRECTION('',(0.0,-1.0,0.0));
#261=DIRECTION('',(0.0,0.0,-1.0));
#262=AXIS2_PLACEMENT_3D('',#259,#260,#261);
#263=PLANE('',#262);
#264=CARTESIAN_POINT('',(-15.594972434810757,-8.224552824674564,1.600000000000000));
#265=VERTEX_POINT('',#264);
#266=CARTESIAN_POINT('',(86.005027565189266,-8.224552824674564,1.600000000000000));
#267=DIRECTION('',(-1.0,0.0,0.0));
#268=VECTOR('',#267,101.600000000000020);
#269=LINE('',#266,#268);
#270=EDGE_CURVE('',#227,#265,#269,.T.);
#271=ORIENTED_EDGE('',*,*,#270,.T.);
#272=CARTESIAN_POINT('',(-15.594972434810757,-8.224552824674564,0.0));
#273=VERTEX_POINT('',#272);
#274=CARTESIAN_POINT('',(-15.594972434810757,-8.224552824674564,0.0));
#275=DIRECTION('',(0.0,0.0,1.0));
#276=VECTOR('',#275,1.600000000000000);
#277=LINE('',#274,#276);
#278=EDGE_CURVE('',#273,#265,#277,.T.);
#279=ORIENTED_EDGE('',*,*,#278,.F.);
#280=CARTESIAN_POINT('',(-15.594972434810757,-8.224552824674564,0.0));
#281=DIRECTION('',(1.0,0.0,0.0));
#282=VECTOR('',#281,101.600000000000020);
#283=LINE('',#280,#282);
#284=EDGE_CURVE('',#273,#235,#283,.T.);
#285=ORIENTED_EDGE('',*,*,#284,.T.);
#286=ORIENTED_EDGE('',*,*,#240,.T.);
#287=EDGE_LOOP('',(#271,#279,#285,#286));
#288=FACE_OUTER_BOUND('',#287,.T.);
#289=ADVANCED_FACE('',(#288),#263,.T.);
#290=CARTESIAN_POINT('',(-15.594972434810757,-8.224552824674564,0.0));
#291=DIRECTION('',(-1.0,0.0,0.0));
#292=DIRECTION('',(0.0,0.0,1.0));
#293=AXIS2_PLACEMENT_3D('',#290,#291,#292);
#294=PLANE('',#293);
#295=CARTESIAN_POINT('',(-15.594972434810757,42.575447175325458,1.600000000000000));
#296=VERTEX_POINT('',#295);
#297=CARTESIAN_POINT('',(-15.594972434810757,-8.224552824674561,1.600000000000000));
#298=DIRECTION('',(0.0,1.0,0.0));
#299=VECTOR('',#298,50.800000000000018);
#300=LINE('',#297,#299);
#301=EDGE_CURVE('',#265,#296,#300,.T.);
#302=ORIENTED_EDGE('',*,*,#301,.T.);
#303=CARTESIAN_POINT('',(-15.594972434810757,42.575447175325458,0.0));
#304=VERTEX_POINT('',#303);
#305=CARTESIAN_POINT('',(-15.594972434810757,42.575447175325458,0.0));
#306=DIRECTION('',(0.0,0.0,1.0));
#307=VECTOR('',#306,1.600000000000000);
#308=LINE('',#305,#307);
#309=EDGE_CURVE('',#304,#296,#308,.T.);
#310=ORIENTED_EDGE('',*,*,#309,.F.);
#311=CARTESIAN_POINT('',(-15.594972434810757,42.575447175325458,0.0));
#312=DIRECTION('',(0.0,-1.0,0.0));
#313=VECTOR('',#312,50.800000000000018);
#314=LINE('',#311,#313);
#315=EDGE_CURVE('',#304,#273,#314,.T.);
#316=ORIENTED_EDGE('',*,*,#315,.T.);
#317=ORIENTED_EDGE('',*,*,#278,.T.);
#318=EDGE_LOOP('',(#302,#310,#316,#317));
#319=FACE_OUTER_BOUND('',#318,.T.);
#320=ADVANCED_FACE('',(#319),#294,.T.);
#321=CARTESIAN_POINT('',(-15.594972434810757,42.575447175325458,0.0));
#322=DIRECTION('',(0.0,1.0,0.0));
#323=DIRECTION('',(0.0,0.0,1.0));
#324=AXIS2_PLACEMENT_3D('',#321,#322,#323);
#325=PLANE('',#324);
#326=CARTESIAN_POINT('',(-15.594972434810757,42.575447175325458,1.600000000000000));
#327=DIRECTION('',(1.0,0.0,0.0));
#328=VECTOR('',#327,101.600000000000020);
#329=LINE('',#326,#328);
#330=EDGE_CURVE('',#296,#225,#329,.T.);
#331=ORIENTED_EDGE('',*,*,#330,.T.);
#332=ORIENTED_EDGE('',*,*,#254,.F.);
#333=CARTESIAN_POINT('',(86.005027565189266,42.575447175325458,0.0));
#334=DIRECTION('',(-1.0,0.0,0.0));
#335=VECTOR('',#334,101.600000000000020);
#336=LINE('',#333,#335);
#337=EDGE_CURVE('',#243,#304,#336,.T.);
#338=ORIENTED_EDGE('',*,*,#337,.T.);
#339=ORIENTED_EDGE('',*,*,#309,.T.);
#340=EDGE_LOOP('',(#331,#332,#338,#339));
#341=FACE_OUTER_BOUND('',#340,.T.);
#342=ADVANCED_FACE('',(#341),#325,.T.);
#343=CARTESIAN_POINT('',(35.205027565189241,17.175447175325445,0.0));
#344=DIRECTION('',(0.0,0.0,1.0));
#345=DIRECTION('',(1.0,0.0,0.0));
#346=AXIS2_PLACEMENT_3D('',#343,#344,#345);
#347=PLANE('',#346);
#348=ORIENTED_EDGE('',*,*,#337,.F.);
#349=ORIENTED_EDGE('',*,*,#248,.F.);
#350=ORIENTED_EDGE('',*,*,#284,.F.);
#351=ORIENTED_EDGE('',*,*,#315,.F.);
#352=EDGE_LOOP('',(#348,#349,#350,#351));
#353=FACE_OUTER_BOUND('',#352,.T.);
#354=ORIENTED_EDGE('',*,*,#130,.T.);
#355=EDGE_LOOP('',(#354));
#356=FACE_BOUND('',#355,.T.);
#357=ORIENTED_EDGE('',*,*,#158,.T.);
#358=EDGE_LOOP('',(#357));
#359=FACE_BOUND('',#358,.T.);
#360=ORIENTED_EDGE('',*,*,#186,.T.);
#361=EDGE_LOOP('',(#360));
#362=FACE_BOUND('',#361,.T.);
#363=ORIENTED_EDGE('',*,*,#214,.T.);
#364=EDGE_LOOP('',(#363));
#365=FACE_BOUND('',#364,.T.);
#366=ADVANCED_FACE('',(#353,#356,#359,#362,#365),#347,.F.);
#367=CARTESIAN_POINT('',(35.205027565189241,17.175447175325445,1.600000000000000));
#368=DIRECTION('',(0.0,0.0,1.0));
#369=DIRECTION('',(1.0,0.0,0.0));
#370=AXIS2_PLACEMENT_3D('',#367,#368,#369);
#371=PLANE('',#370);
#372=ORIENTED_EDGE('',*,*,#232,.F.);
#373=ORIENTED_EDGE('',*,*,#330,.F.);
#374=ORIENTED_EDGE('',*,*,#301,.F.);
#375=ORIENTED_EDGE('',*,*,#270,.F.);
#376=EDGE_LOOP('',(#372,#373,#374,#375));
#377=FACE_OUTER_BOUND('',#376,.T.);
#378=ORIENTED_EDGE('',*,*,#119,.T.);
#379=EDGE_LOOP('',(#378));
#380=FACE_BOUND('',#379,.T.);
#381=ORIENTED_EDGE('',*,*,#147,.T.);
#382=EDGE_LOOP('',(#381));
#383=FACE_BOUND('',#382,.T.);
#384=ORIENTED_EDGE('',*,*,#175,.T.);
#385=EDGE_LOOP('',(#384));
#386=FACE_BOUND('',#385,.T.);
#387=ORIENTED_EDGE('',*,*,#203,.T.);
#388=EDGE_LOOP('',(#387));
#389=FACE_BOUND('',#388,.T.);
#390=ADVANCED_FACE('',(#377,#380,#383,#386,#389),#371,.T.);
#391=CLOSED_SHELL('',(#134,#162,#190,#218,#258,#289,#320,#342,#366,#390));
#392=MANIFOLD_SOLID_BREP('\X2\5BE69AD4\X0\1',#391);
#393=DRAUGHTING_PRE_DEFINED_COLOUR('green');
#394=FILL_AREA_STYLE_COLOUR('\X2\FFFDFFFD\X0\',#393);
#395=FILL_AREA_STYLE('\X2\FFFDFFFD\X0\',(#394));
#396=SURFACE_STYLE_FILL_AREA(#395);
#397=SURFACE_SIDE_STYLE('\X2\FFFDFFFD\X0\',(#396));
#398=SURFACE_STYLE_USAGE(.BOTH.,#397);
#399=PRESENTATION_STYLE_ASSIGNMENT((#398));
#400=STYLED_ITEM('',(#399),#392);
#401=MECHANICAL_DESIGN_GEOMETRIC_PRESENTATION_REPRESENTATION('',(#400,#6829,#7735,#8641,#11293,#12835,#14597,#15883,#16258,#17249),#36);
#402=ADVANCED_BREP_SHAPE_REPRESENTATION('ABSR',(#392),#75);
#403=SHAPE_REPRESENTATION_RELATIONSHIP('SRR','None',#402,#80);
#404=GROUP('\X2\FFFDFFFDFFFD\X0\2',$);
#405=APPLIED_GROUP_ASSIGNMENT(#404,(#435,#474,#506,#540,#572,#604,#636,#668,#700,#734,#766,#798,#830,#862,#896,#928,#962,#994,#1026,#1058,#1090,#1122,#1154,#1186,#1218,#1250,#1282,#1314,#1346,#1378,#1410,#1442,#1474,#1508,#1540,#1572,#1604,#1636,#1668,#1700,#1732,#1764,#1796,#1828,#1860,#1892,#1924,#1956,#1988,#2020,#2052,#2084,#2116,#2148,#2180,#2214,#2248,#2280,#2314,#2346,#2378,#2410,#2442,#2474,#2506,#2538,#2570,#2602,#2634,#2666,#2698,#2730,#2762,#2794,#2826,#2858,#2890,#2922,#2954,#2986,#3018,#3052,#3084,#3118,#3150,#3184,#3216,#3250,#3282,#3314,#3346,#3380,#3412,#3444,#3476,#3508,#3542,#3574,#3606,#3638,#3670,#3702,#3734,#3768,#3802,#3834,#3868,#3900,#3934,#3966,#4000,#4032,#4064,#4096,#4128,#4160,#4192,#4224,#4256,#4288,#4320,#4352,#4384,#4416,#4447,#4478,#4509,#4540,#4574,#4606,#4640,#4672,#4704,#4738,#4772,#4806,#4840,#4872,#4904,#4936,#4968,#5000,#5032,#5066,#5098,#5128,#5158,#5190,#5220,#5252,#5282,#5312,#5342,#5372,#5402,#5432,#5462,#5498,#5530,#5562,#5593,#5624,#5655,#5686));
#411=(NAMED_UNIT(*)PLANE_ANGLE_UNIT()SI_UNIT($,.RADIAN.));
#412=DIMENSIONAL_EXPONENTS(0.0,0.0,0.0,0.0,0.0,0.0,0.0);
#413=PLANE_ANGLE_MEASURE_WITH_UNIT(PLANE_ANGLE_MEASURE(0.017453292500000),#411);
#417=(CONVERSION_BASED_UNIT('DEGREE',#413)NAMED_UNIT(#412)PLANE_ANGLE_UNIT());
#421=(NAMED_UNIT(*)SI_UNIT($,.STERADIAN.)SOLID_ANGLE_UNIT());
#425=(LENGTH_UNIT()NAMED_UNIT(*)SI_UNIT(.MILLI.,.METRE.));
#427=UNCERTAINTY_MEASURE_WITH_UNIT(LENGTH_MEASURE(0.000001000000000),#425,'DISTANCE_ACCURACY_VALUE','');
#429=(GEOMETRIC_REPRESENTATION_CONTEXT(3)GLOBAL_UNCERTAINTY_ASSIGNED_CONTEXT((#427))GLOBAL_UNIT_ASSIGNED_CONTEXT((#417,#421,#425))REPRESENTATION_CONTEXT('','3D'));
#430=CARTESIAN_POINT('',(47.555027565189135,38.075447175325465,1.600000000000000));
#431=DIRECTION('',(-1.0,0.0,0.0));
#432=VECTOR('',#431,19.999999999998881);
#433=LINE('',#430,#432);
#434=CARTESIAN_POINT('',(27.555027565190255,38.075447175325465,1.600000000000000));
#435=TRIMMED_CURVE('',#433,(PARAMETER_VALUE(0.0),#430),(PARAMETER_VALUE(1.0),#434),.T.,.PARAMETER.);
#436=COLOUR_RGB('',0.0,0.0,0.0);
#437=DRAUGHTING_PRE_DEFINED_CURVE_FONT('continuous');
#438=CURVE_STYLE('',#437,POSITIVE_LENGTH_MEASURE(0.100000000000000),#436);
#439=PRESENTATION_STYLE_ASSIGNMENT((#438));
#440=STYLED_ITEM('',(#439),#435);
#441=MECHANICAL_DESIGN_GEOMETRIC_PRESENTATION_REPRESENTATION('',(#440),#429);
#442=GEOMETRIC_SET('GEOSET',(#435,#474,#506,#540,#572,#604,#636,#668,#700,#734,#766,#798,#830,#862,#896,#928,#962,#994,#1026,#1058,#1090,#1122,#1154,#1186,#1218,#1250,#1282,#1314,#1346,#1378,#1410,#1442,#1474,#1508,#1540,#1572,#1604,#1636,#1668,#1700,#1732,#1764,#1796,#1828,#1860,#1892,#1924,#1956,#1988,#2020,#2052,#2084,#2116,#2148,#2180,#2214,#2248,#2280,#2314,#2346,#2378,#2410,#2442,#2474,#2506,#2538,#2570,#2602,#2634,#2666,#2698,#2730,#2762,#2794,#2826,#2858,#2890,#2922,#2954,#2986,#3018,#3052,#3084,#3118,#3150,#3184,#3216,#3250,#3282,#3314,#3346,#3380,#3412,#3444,#3476,#3508,#3542,#3574,#3606,#3638,#3670,#3702,#3734,#3768,#3802,#3834,#3868,#3900,#3934,#3966,#4000,#4032,#4064,#4096,#4128,#4160,#4192,#4224,#4256,#4288,#4320,#4352,#4384,#4416,#4447,#4478,#4509,#4540,#4574,#4606,#4640,#4672,#4704,#4738,#4772,#4806,#4840,#4872,#4904,#4936,#4968,#5000,#5032,#5066,#5098,#5128,#5158,#5190,#5220,#5252,#5282,#5312,#5342,#5372,#5402,#5432,#5462,#5498,#5530,#5562,#5593,#5624,#5655,#5686));
#443=GEOMETRICALLY_BOUNDED_SURFACE_SHAPE_REPRESENTATION('GBSSR',(#442),#75);
#444=SHAPE_REPRESENTATION_RELATIONSHIP('SRR','None',#443,#80);
#450=(NAMED_UNIT(*)PLANE_ANGLE_UNIT()SI_UNIT($,.RADIAN.));
#451=DIMENSIONAL_EXPONENTS(0.0,0.0,0.0,0.0,0.0,0.0,0.0);
#452=PLANE_ANGLE_MEASURE_WITH_UNIT(PLANE_ANGLE_MEASURE(0.017453292500000),#450);
#456=(CONVERSION_BASED_UNIT('DEGREE',#452)NAMED_UNIT(#451)PLANE_ANGLE_UNIT());
#460=(NAMED_UNIT(*)SI_UNIT($,.STERADIAN.)SOLID_ANGLE_UNIT());
#464=(LENGTH_UNIT()NAMED_UNIT(*)SI_UNIT(.MILLI.,.METRE.));
#466=UNCERTAINTY_MEASURE_WITH_UNIT(LENGTH_MEASURE(0.000001000000000),#464,'DISTANCE_ACCURACY_VALUE','');
#468=(GEOMETRIC_REPRESENTATION_CONTEXT(3)GLOBAL_UNCERTAINTY_ASSIGNED_CONTEXT((#466))GLOBAL_UNIT_ASSIGNED_CONTEXT((#456,#460,#464))REPRESENTATION_CONTEXT('','3D'));
#469=CARTESIAN_POINT('',(38.555028551942314,-8.224552824674568,1.600000000000000));
#470=DIRECTION('',(1.0,0.0,0.0));
#471=VECTOR('',#470,0.999999013247134);
#472=LINE('',#469,#471);
#473=CARTESIAN_POINT('',(39.555027565189448,-8.224552824674568,1.600000000000000));
#474=TRIMMED_CURVE('',#472,(PARAMETER_VALUE(0.0),#469),(PARAMETER_VALUE(1.0),#473),.T.,.PARAMETER.);
#475=STYLED_ITEM('',(#439),#474);
#476=MECHANICAL_DESIGN_GEOMETRIC_PRESENTATION_REPRESENTATION('',(#475),#468);
#482=(NAMED_UNIT(*)PLANE_ANGLE_UNIT()SI_UNIT($,.RADIAN.));
#483=DIMENSIONAL_EXPONENTS(0.0,0.0,0.0,0.0,0.0,0.0,0.0);
#484=PLANE_ANGLE_MEASURE_WITH_UNIT(PLANE_ANGLE_MEASURE(0.017453292500000),#482);
#488=(CONVERSION_BASED_UNIT('DEGREE',#484)NAMED_UNIT(#483)PLANE_ANGLE_UNIT());
#492=(NAMED_UNIT(*)SI_UNIT($,.STERADIAN.)SOLID_ANGLE_UNIT());
#496=(LENGTH_UNIT()NAMED_UNIT(*)SI_UNIT(.MILLI.,.METRE.));
#498=UNCERTAINTY_MEASURE_WITH_UNIT(LENGTH_MEASURE(0.000001000000000),#496,'DISTANCE_ACCURACY_VALUE','');
#500=(GEOMETRIC_REPRESENTATION_CONTEXT(3)GLOBAL_UNCERTAINTY_ASSIGNED_CONTEXT((#498))GLOBAL_UNIT_ASSIGNED_CONTEXT((#488,#492,#496))REPRESENTATION_CONTEXT('','3D'));
#501=CARTESIAN_POINT('',(35.555027565189334,-8.224552824674568,1.600000000000000));
#502=DIRECTION('',(1.0,0.0,0.0));
#503=VECTOR('',#502,1.500000986752980);
#504=LINE('',#501,#503);
#505=CARTESIAN_POINT('',(37.055028551942314,-8.224552824674568,1.600000000000000));
#506=TRIMMED_CURVE('',#504,(PARAMETER_VALUE(0.0),#501),(PARAMETER_VALUE(1.0),#505),.T.,.PARAMETER.);
#507=STYLED_ITEM('',(#439),#506);
#508=MECHANICAL_DESIGN_GEOMETRIC_PRESENTATION_REPRESENTATION('',(#507),#500);
#514=(NAMED_UNIT(*)PLANE_ANGLE_UNIT()SI_UNIT($,.RADIAN.));
#515=DIMENSIONAL_EXPONENTS(0.0,0.0,0.0,0.0,0.0,0.0,0.0);
#516=PLANE_ANGLE_MEASURE_WITH_UNIT(PLANE_ANGLE_MEASURE(0.017453292500000),#514);
#520=(CONVERSION_BASED_UNIT('DEGREE',#516)NAMED_UNIT(#515)PLANE_ANGLE_UNIT());
#524=(NAMED_UNIT(*)SI_UNIT($,.STERADIAN.)SOLID_ANGLE_UNIT());
#528=(LENGTH_UNIT()NAMED_UNIT(*)SI_UNIT(.MILLI.,.METRE.));
#530=UNCERTAINTY_MEASURE_WITH_UNIT(LENGTH_MEASURE(0.000001000000000),#528,'DISTANCE_ACCURACY_VALUE','');
#532=(GEOMETRIC_REPRESENTATION_CONTEXT(3)GLOBAL_UNCERTAINTY_ASSIGNED_CONTEXT((#530))GLOBAL_UNIT_ASSIGNED_CONTEXT((#520,#524,#528))REPRESENTATION_CONTEXT('','3D'));
#533=CARTESIAN_POINT('',(37.805028551942428,-5.974549203955326,1.600000000000000));
#534=DIRECTION('',(0.0,0.0,1.0));
#535=DIRECTION('',(1.0,0.0,0.0));
#536=AXIS2_PLACEMENT_3D('',#533,#534,#535);
#537=CIRCLE('',#536,0.900000000000000);
#538=CARTESIAN_POINT('',(38.555028551942414,-6.472042922508654,1.600000000000000));
#539=CARTESIAN_POINT('',(37.055028551942442,-6.472042922508654,1.600000000000000));
#540=TRIMMED_CURVE('',#537,(PARAMETER_VALUE(326.442690238077940),#538),(PARAMETER_VALUE(213.557309761922030),#539),.T.,.PARAMETER.);
#541=STYLED_ITEM('',(#439),#540);
#542=MECHANICAL_DESIGN_GEOMETRIC_PRESENTATION_REPRESENTATION('',(#541),#532);
#548=(NAMED_UNIT(*)PLANE_ANGLE_UNIT()SI_UNIT($,.RADIAN.));
#549=DIMENSIONAL_EXPONENTS(0.0,0.0,0.0,0.0,0.0,0.0,0.0);
#550=PLANE_ANGLE_MEASURE_WITH_UNIT(PLANE_ANGLE_MEASURE(0.017453292500000),#548);
#554=(CONVERSION_BASED_UNIT('DEGREE',#550)NAMED_UNIT(#549)PLANE_ANGLE_UNIT());
#558=(NAMED_UNIT(*)SI_UNIT($,.STERADIAN.)SOLID_ANGLE_UNIT());
#562=(LENGTH_UNIT()NAMED_UNIT(*)SI_UNIT(.MILLI.,.METRE.));
#564=UNCERTAINTY_MEASURE_WITH_UNIT(LENGTH_MEASURE(0.000001000000000),#562,'DISTANCE_ACCURACY_VALUE','');
#566=(GEOMETRIC_REPRESENTATION_CONTEXT(3)GLOBAL_UNCERTAINTY_ASSIGNED_CONTEXT((#564))GLOBAL_UNIT_ASSIGNED_CONTEXT((#554,#558,#562))REPRESENTATION_CONTEXT('','3D'));
#567=CARTESIAN_POINT('',(37.055028551942435,-6.472042922508656,1.600000000000000));
#568=DIRECTION('',(0.0,-1.0,0.0));
#569=VECTOR('',#568,1.752509902165912);
#570=LINE('',#567,#569);
#571=CARTESIAN_POINT('',(37.055028551942314,-8.224552824674568,1.600000000000000));
#572=TRIMMED_CURVE('',#570,(PARAMETER_VALUE(0.0),#567),(PARAMETER_VALUE(1.0),#571),.T.,.PARAMETER.);
#573=STYLED_ITEM('',(#439),#572);
#574=MECHANICAL_DESIGN_GEOMETRIC_PRESENTATION_REPRESENTATION('',(#573),#566);
#580=(NAMED_UNIT(*)PLANE_ANGLE_UNIT()SI_UNIT($,.RADIAN.));
#581=DIMENSIONAL_EXPONENTS(0.0,0.0,0.0,0.0,0.0,0.0,0.0);
#582=PLANE_ANGLE_MEASURE_WITH_UNIT(PLANE_ANGLE_MEASURE(0.017453292500000),#580);
#586=(CONVERSION_BASED_UNIT('DEGREE',#582)NAMED_UNIT(#581)PLANE_ANGLE_UNIT());
#590=(NAMED_UNIT(*)SI_UNIT($,.STERADIAN.)SOLID_ANGLE_UNIT());
#594=(LENGTH_UNIT()NAMED_UNIT(*)SI_UNIT(.MILLI.,.METRE.));
#596=UNCERTAINTY_MEASURE_WITH_UNIT(LENGTH_MEASURE(0.000001000000000),#594,'DISTANCE_ACCURACY_VALUE','');
#598=(GEOMETRIC_REPRESENTATION_CONTEXT(3)GLOBAL_UNCERTAINTY_ASSIGNED_CONTEXT((#596))GLOBAL_UNIT_ASSIGNED_CONTEXT((#586,#590,#594))REPRESENTATION_CONTEXT('','3D'));
#599=CARTESIAN_POINT('',(38.555028551942314,-8.224552824674568,1.600000000000000));
#600=DIRECTION('',(0.0,1.0,0.0));
#601=VECTOR('',#600,1.752509902165911);
#602=LINE('',#599,#601);
#603=CARTESIAN_POINT('',(38.555028551942421,-6.472042922508657,1.600000000000000));
#604=TRIMMED_CURVE('',#602,(PARAMETER_VALUE(0.0),#599),(PARAMETER_VALUE(1.0),#603),.T.,.PARAMETER.);
#605=STYLED_ITEM('',(#439),#604);
#606=MECHANICAL_DESIGN_GEOMETRIC_PRESENTATION_REPRESENTATION('',(#605),#598);
#612=(NAMED_UNIT(*)PLANE_ANGLE_UNIT()SI_UNIT($,.RADIAN.));
#613=DIMENSIONAL_EXPONENTS(0.0,0.0,0.0,0.0,0.0,0.0,0.0);
#614=PLANE_ANGLE_MEASURE_WITH_UNIT(PLANE_ANGLE_MEASURE(0.017453292500000),#612);
#618=(CONVERSION_BASED_UNIT('DEGREE',#614)NAMED_UNIT(#613)PLANE_ANGLE_UNIT());
#622=(NAMED_UNIT(*)SI_UNIT($,.STERADIAN.)SOLID_ANGLE_UNIT());
#626=(LENGTH_UNIT()NAMED_UNIT(*)SI_UNIT(.MILLI.,.METRE.));
#628=UNCERTAINTY_MEASURE_WITH_UNIT(LENGTH_MEASURE(0.000001000000000),#626,'DISTANCE_ACCURACY_VALUE','');
#630=(GEOMETRIC_REPRESENTATION_CONTEXT(3)GLOBAL_UNCERTAINTY_ASSIGNED_CONTEXT((#628))GLOBAL_UNIT_ASSIGNED_CONTEXT((#618,#622,#626))REPRESENTATION_CONTEXT('','3D'));
#631=CARTESIAN_POINT('',(34.055027565189334,-5.974552824674566,1.600000000000000));
#632=DIRECTION('',(0.0,-1.0,0.0));
#633=VECTOR('',#632,2.250000000000002);
#634=LINE('',#631,#633);
#635=CARTESIAN_POINT('',(34.055027565189334,-8.224552824674568,1.600000000000000));
#636=TRIMMED_CURVE('',#634,(PARAMETER_VALUE(0.0),#631),(PARAMETER_VALUE(1.0),#635),.T.,.PARAMETER.);
#637=STYLED_ITEM('',(#439),#636);
#638=MECHANICAL_DESIGN_GEOMETRIC_PRESENTATION_REPRESENTATION('',(#637),#630);
#644=(NAMED_UNIT(*)PLANE_ANGLE_UNIT()SI_UNIT($,.RADIAN.));
#645=DIMENSIONAL_EXPONENTS(0.0,0.0,0.0,0.0,0.0,0.0,0.0);
#646=PLANE_ANGLE_MEASURE_WITH_UNIT(PLANE_ANGLE_MEASURE(0.017453292500000),#644);
#650=(CONVERSION_BASED_UNIT('DEGREE',#646)NAMED_UNIT(#645)PLANE_ANGLE_UNIT());
#654=(NAMED_UNIT(*)SI_UNIT($,.STERADIAN.)SOLID_ANGLE_UNIT());
#658=(LENGTH_UNIT()NAMED_UNIT(*)SI_UNIT(.MILLI.,.METRE.));
#660=UNCERTAINTY_MEASURE_WITH_UNIT(LENGTH_MEASURE(0.000001000000000),#658,'DISTANCE_ACCURACY_VALUE','');
#662=(GEOMETRIC_REPRESENTATION_CONTEXT(3)GLOBAL_UNCERTAINTY_ASSIGNED_CONTEXT((#660))GLOBAL_UNIT_ASSIGNED_CONTEXT((#650,#654,#658))REPRESENTATION_CONTEXT('','3D'));
#663=CARTESIAN_POINT('',(35.555027565189334,-5.974552824674566,1.600000000000000));
#664=DIRECTION('',(-1.0,0.0,0.0));
#665=VECTOR('',#664,1.500000000000000);
#666=LINE('',#663,#665);
#667=CARTESIAN_POINT('',(34.055027565189334,-5.974552824674566,1.600000000000000));
#668=TRIMMED_CURVE('',#666,(PARAMETER_VALUE(0.0),#663),(PARAMETER_VALUE(1.0),#667),.T.,.PARAMETER.);
#669=STYLED_ITEM('',(#439),#668);
#670=MECHANICAL_DESIGN_GEOMETRIC_PRESENTATION_REPRESENTATION('',(#669),#662);
#676=(NAMED_UNIT(*)PLANE_ANGLE_UNIT()SI_UNIT($,.RADIAN.));
#677=DIMENSIONAL_EXPONENTS(0.0,0.0,0.0,0.0,0.0,0.0,0.0);
#678=PLANE_ANGLE_MEASURE_WITH_UNIT(PLANE_ANGLE_MEASURE(0.017453292500000),#676);
#682=(CONVERSION_BASED_UNIT('DEGREE',#678)NAMED_UNIT(#677)PLANE_ANGLE_UNIT());
#686=(NAMED_UNIT(*)SI_UNIT($,.STERADIAN.)SOLID_ANGLE_UNIT());
#690=(LENGTH_UNIT()NAMED_UNIT(*)SI_UNIT(.MILLI.,.METRE.));
#692=UNCERTAINTY_MEASURE_WITH_UNIT(LENGTH_MEASURE(0.000001000000000),#690,'DISTANCE_ACCURACY_VALUE','');
#694=(GEOMETRIC_REPRESENTATION_CONTEXT(3)GLOBAL_UNCERTAINTY_ASSIGNED_CONTEXT((#692))GLOBAL_UNIT_ASSIGNED_CONTEXT((#682,#686,#690))REPRESENTATION_CONTEXT('','3D'));
#695=CARTESIAN_POINT('',(35.555027565189334,-8.224552824674568,1.600000000000000));
#696=DIRECTION('',(0.0,1.0,0.0));
#697=VECTOR('',#696,2.250000000000001);
#698=LINE('',#695,#697);
#699=CARTESIAN_POINT('',(35.555027565189334,-5.974552824674567,1.600000000000000));
#700=TRIMMED_CURVE('',#698,(PARAMETER_VALUE(0.0),#695),(PARAMETER_VALUE(1.0),#699),.T.,.PARAMETER.);
#701=STYLED_ITEM('',(#439),#700);
#702=MECHANICAL_DESIGN_GEOMETRIC_PRESENTATION_REPRESENTATION('',(#701),#694);
#708=(NAMED_UNIT(*)PLANE_ANGLE_UNIT()SI_UNIT($,.RADIAN.));
#709=DIMENSIONAL_EXPONENTS(0.0,0.0,0.0,0.0,0.0,0.0,0.0);
#710=PLANE_ANGLE_MEASURE_WITH_UNIT(PLANE_ANGLE_MEASURE(0.017453292500000),#708);
#714=(CONVERSION_BASED_UNIT('DEGREE',#710)NAMED_UNIT(#709)PLANE_ANGLE_UNIT());
#718=(NAMED_UNIT(*)SI_UNIT($,.STERADIAN.)SOLID_ANGLE_UNIT());
#722=(LENGTH_UNIT()NAMED_UNIT(*)SI_UNIT(.MILLI.,.METRE.));
#724=UNCERTAINTY_MEASURE_WITH_UNIT(LENGTH_MEASURE(0.000001000000000),#722,'DISTANCE_ACCURACY_VALUE','');
#726=(GEOMETRIC_REPRESENTATION_CONTEXT(3)GLOBAL_UNCERTAINTY_ASSIGNED_CONTEXT((#724))GLOBAL_UNIT_ASSIGNED_CONTEXT((#714,#718,#722))REPRESENTATION_CONTEXT('','3D'));
#727=CARTESIAN_POINT('',(22.805027565189331,-5.974552824674566,1.600000000000000));
#728=DIRECTION('',(0.0,0.0,1.0));
#729=DIRECTION('',(1.0,0.0,0.0));
#730=AXIS2_PLACEMENT_3D('',#727,#728,#729);
#731=CIRCLE('',#730,0.900000000000000);
#732=CARTESIAN_POINT('',(23.555027565189324,-6.472046543227886,1.600000000000000));
#733=CARTESIAN_POINT('',(22.055027565189341,-6.472046543227892,1.600000000000000));
#734=TRIMMED_CURVE('',#731,(PARAMETER_VALUE(326.442690238078570),#732),(PARAMETER_VALUE(213.557309761921940),#733),.T.,.PARAMETER.);
#735=STYLED_ITEM('',(#439),#734);
#736=MECHANICAL_DESIGN_GEOMETRIC_PRESENTATION_REPRESENTATION('',(#735),#726);
#742=(NAMED_UNIT(*)PLANE_ANGLE_UNIT()SI_UNIT($,.RADIAN.));
#743=DIMENSIONAL_EXPONENTS(0.0,0.0,0.0,0.0,0.0,0.0,0.0);
#744=PLANE_ANGLE_MEASURE_WITH_UNIT(PLANE_ANGLE_MEASURE(0.017453292500000),#742);
#748=(CONVERSION_BASED_UNIT('DEGREE',#744)NAMED_UNIT(#743)PLANE_ANGLE_UNIT());
#752=(NAMED_UNIT(*)SI_UNIT($,.STERADIAN.)SOLID_ANGLE_UNIT());
#756=(LENGTH_UNIT()NAMED_UNIT(*)SI_UNIT(.MILLI.,.METRE.));
#758=UNCERTAINTY_MEASURE_WITH_UNIT(LENGTH_MEASURE(0.000001000000000),#756,'DISTANCE_ACCURACY_VALUE','');
#760=(GEOMETRIC_REPRESENTATION_CONTEXT(3)GLOBAL_UNCERTAINTY_ASSIGNED_CONTEXT((#758))GLOBAL_UNIT_ASSIGNED_CONTEXT((#748,#752,#756))REPRESENTATION_CONTEXT('','3D'));
#761=CARTESIAN_POINT('',(22.055027565189327,-6.472046543227901,1.600000000000000));
#762=DIRECTION('',(0.0,-1.0,0.0));
#763=VECTOR('',#762,1.752506281446667);
#764=LINE('',#761,#763);
#765=CARTESIAN_POINT('',(22.055027565189334,-8.224552824674568,1.600000000000000));
#766=TRIMMED_CURVE('',#764,(PARAMETER_VALUE(0.0),#761),(PARAMETER_VALUE(1.0),#765),.T.,.PARAMETER.);
#767=STYLED_ITEM('',(#439),#766);
#768=MECHANICAL_DESIGN_GEOMETRIC_PRESENTATION_REPRESENTATION('',(#767),#760);
#774=(NAMED_UNIT(*)PLANE_ANGLE_UNIT()SI_UNIT($,.RADIAN.));
#775=DIMENSIONAL_EXPONENTS(0.0,0.0,0.0,0.0,0.0,0.0,0.0);
#776=PLANE_ANGLE_MEASURE_WITH_UNIT(PLANE_ANGLE_MEASURE(0.017453292500000),#774);
#780=(CONVERSION_BASED_UNIT('DEGREE',#776)NAMED_UNIT(#775)PLANE_ANGLE_UNIT());
#784=(NAMED_UNIT(*)SI_UNIT($,.STERADIAN.)SOLID_ANGLE_UNIT());
#788=(LENGTH_UNIT()NAMED_UNIT(*)SI_UNIT(.MILLI.,.METRE.));
#790=UNCERTAINTY_MEASURE_WITH_UNIT(LENGTH_MEASURE(0.000001000000000),#788,'DISTANCE_ACCURACY_VALUE','');
#792=(GEOMETRIC_REPRESENTATION_CONTEXT(3)GLOBAL_UNCERTAINTY_ASSIGNED_CONTEXT((#790))GLOBAL_UNIT_ASSIGNED_CONTEXT((#780,#784,#788))REPRESENTATION_CONTEXT('','3D'));
#793=CARTESIAN_POINT('',(23.555027565189217,-8.224552824674568,1.600000000000000));
#794=DIRECTION('',(0.0,1.0,0.0));
#795=VECTOR('',#794,1.752506281446671);
#796=LINE('',#793,#795);
#797=CARTESIAN_POINT('',(23.555027565189341,-6.472046543227897,1.600000000000000));
#798=TRIMMED_CURVE('',#796,(PARAMETER_VALUE(0.0),#793),(PARAMETER_VALUE(1.0),#797),.T.,.PARAMETER.);
#799=STYLED_ITEM('',(#439),#798);
#800=MECHANICAL_DESIGN_GEOMETRIC_PRESENTATION_REPRESENTATION('',(#799),#792);
#806=(NAMED_UNIT(*)PLANE_ANGLE_UNIT()SI_UNIT($,.RADIAN.));
#807=DIMENSIONAL_EXPONENTS(0.0,0.0,0.0,0.0,0.0,0.0,0.0);
#808=PLANE_ANGLE_MEASURE_WITH_UNIT(PLANE_ANGLE_MEASURE(0.017453292500000),#806);
#812=(CONVERSION_BASED_UNIT('DEGREE',#808)NAMED_UNIT(#807)PLANE_ANGLE_UNIT());
#816=(NAMED_UNIT(*)SI_UNIT($,.STERADIAN.)SOLID_ANGLE_UNIT());
#820=(LENGTH_UNIT()NAMED_UNIT(*)SI_UNIT(.MILLI.,.METRE.));
#822=UNCERTAINTY_MEASURE_WITH_UNIT(LENGTH_MEASURE(0.000001000000000),#820,'DISTANCE_ACCURACY_VALUE','');
#824=(GEOMETRIC_REPRESENTATION_CONTEXT(3)GLOBAL_UNCERTAINTY_ASSIGNED_CONTEXT((#822))GLOBAL_UNIT_ASSIGNED_CONTEXT((#812,#816,#820))REPRESENTATION_CONTEXT('','3D'));
#825=CARTESIAN_POINT('',(23.055027565189334,8.025447175325432,1.600000000000000));
#826=DIRECTION('',(0.0,1.0,0.0));
#827=VECTOR('',#826,1.500000000000000);
#828=LINE('',#825,#827);
#829=CARTESIAN_POINT('',(23.055027565189334,9.525447175325432,1.600000000000000));
#830=TRIMMED_CURVE('',#828,(PARAMETER_VALUE(0.0),#825),(PARAMETER_VALUE(1.0),#829),.T.,.PARAMETER.);
#831=STYLED_ITEM('',(#439),#830);
#832=MECHANICAL_DESIGN_GEOMETRIC_PRESENTATION_REPRESENTATION('',(#831),#824);
#838=(NAMED_UNIT(*)PLANE_ANGLE_UNIT()SI_UNIT($,.RADIAN.));
#839=DIMENSIONAL_EXPONENTS(0.0,0.0,0.0,0.0,0.0,0.0,0.0);
#840=PLANE_ANGLE_MEASURE_WITH_UNIT(PLANE_ANGLE_MEASURE(0.017453292500000),#838);
#844=(CONVERSION_BASED_UNIT('DEGREE',#840)NAMED_UNIT(#839)PLANE_ANGLE_UNIT());
#848=(NAMED_UNIT(*)SI_UNIT($,.STERADIAN.)SOLID_ANGLE_UNIT());
#852=(LENGTH_UNIT()NAMED_UNIT(*)SI_UNIT(.MILLI.,.METRE.));
#854=UNCERTAINTY_MEASURE_WITH_UNIT(LENGTH_MEASURE(0.000001000000000),#852,'DISTANCE_ACCURACY_VALUE','');
#856=(GEOMETRIC_REPRESENTATION_CONTEXT(3)GLOBAL_UNCERTAINTY_ASSIGNED_CONTEXT((#854))GLOBAL_UNIT_ASSIGNED_CONTEXT((#844,#848,#852))REPRESENTATION_CONTEXT('','3D'));
#857=CARTESIAN_POINT('',(35.055027565189327,8.025447175325432,1.600000000000000));
#858=DIRECTION('',(-1.0,0.0,0.0));
#859=VECTOR('',#858,11.999999999999993);
#860=LINE('',#857,#859);
#861=CARTESIAN_POINT('',(23.055027565189334,8.025447175325432,1.600000000000000));
#862=TRIMMED_CURVE('',#860,(PARAMETER_VALUE(0.0),#857),(PARAMETER_VALUE(1.0),#861),.T.,.PARAMETER.);
#863=STYLED_ITEM('',(#439),#862);
#864=MECHANICAL_DESIGN_GEOMETRIC_PRESENTATION_REPRESENTATION('',(#863),#856);
#870=(NAMED_UNIT(*)PLANE_ANGLE_UNIT()SI_UNIT($,.RADIAN.));
#871=DIMENSIONAL_EXPONENTS(0.0,0.0,0.0,0.0,0.0,0.0,0.0);
#872=PLANE_ANGLE_MEASURE_WITH_UNIT(PLANE_ANGLE_MEASURE(0.017453292500000),#870);
#876=(CONVERSION_BASED_UNIT('DEGREE',#872)NAMED_UNIT(#871)PLANE_ANGLE_UNIT());
#880=(NAMED_UNIT(*)SI_UNIT($,.STERADIAN.)SOLID_ANGLE_UNIT());
#884=(LENGTH_UNIT()NAMED_UNIT(*)SI_UNIT(.MILLI.,.METRE.));
#886=UNCERTAINTY_MEASURE_WITH_UNIT(LENGTH_MEASURE(0.000001000000000),#884,'DISTANCE_ACCURACY_VALUE','');
#888=(GEOMETRIC_REPRESENTATION_CONTEXT(3)GLOBAL_UNCERTAINTY_ASSIGNED_CONTEXT((#886))GLOBAL_UNIT_ASSIGNED_CONTEXT((#876,#880,#884))REPRESENTATION_CONTEXT('','3D'));
#889=CARTESIAN_POINT('',(35.055027565189327,7.525447175325432,1.600000000000000));
#890=DIRECTION('',(0.0,0.0,1.0));
#891=DIRECTION('',(1.0,0.0,0.0));
#892=AXIS2_PLACEMENT_3D('',#889,#890,#891);
#893=CIRCLE('',#892,0.500000000000000);
#894=CARTESIAN_POINT('',(35.555027565189327,7.525447175325432,1.600000000000000));
#895=CARTESIAN_POINT('',(35.055027565189327,8.025447175325432,1.600000000000000));
#896=TRIMMED_CURVE('',#893,(PARAMETER_VALUE(0.0),#894),(PARAMETER_VALUE(90.0),#895),.T.,.PARAMETER.);
#897=STYLED_ITEM('',(#439),#896);
#898=MECHANICAL_DESIGN_GEOMETRIC_PRESENTATION_REPRESENTATION('',(#897),#888);
#904=(NAMED_UNIT(*)PLANE_ANGLE_UNIT()SI_UNIT($,.RADIAN.));
#905=DIMENSIONAL_EXPONENTS(0.0,0.0,0.0,0.0,0.0,0.0,0.0);
#906=PLANE_ANGLE_MEASURE_WITH_UNIT(PLANE_ANGLE_MEASURE(0.017453292500000),#904);
#910=(CONVERSION_BASED_UNIT('DEGREE',#906)NAMED_UNIT(#905)PLANE_ANGLE_UNIT());
#914=(NAMED_UNIT(*)SI_UNIT($,.STERADIAN.)SOLID_ANGLE_UNIT());
#918=(LENGTH_UNIT()NAMED_UNIT(*)SI_UNIT(.MILLI.,.METRE.));
#920=UNCERTAINTY_MEASURE_WITH_UNIT(LENGTH_MEASURE(0.000001000000000),#918,'DISTANCE_ACCURACY_VALUE','');
#922=(GEOMETRIC_REPRESENTATION_CONTEXT(3)GLOBAL_UNCERTAINTY_ASSIGNED_CONTEXT((#920))GLOBAL_UNIT_ASSIGNED_CONTEXT((#910,#914,#918))REPRESENTATION_CONTEXT('','3D'));
#923=CARTESIAN_POINT('',(35.555027565189334,-3.474552824674566,1.600000000000000));
#924=DIRECTION('',(0.0,1.0,0.0));
#925=VECTOR('',#924,10.999999999999998);
#926=LINE('',#923,#925);
#927=CARTESIAN_POINT('',(35.555027565189327,7.525447175325432,1.600000000000000));
#928=TRIMMED_CURVE('',#926,(PARAMETER_VALUE(0.0),#923),(PARAMETER_VALUE(1.0),#927),.T.,.PARAMETER.);
#929=STYLED_ITEM('',(#439),#928);
#930=MECHANICAL_DESIGN_GEOMETRIC_PRESENTATION_REPRESENTATION('',(#929),#922);
#936=(NAMED_UNIT(*)PLANE_ANGLE_UNIT()SI_UNIT($,.RADIAN.));
#937=DIMENSIONAL_EXPONENTS(0.0,0.0,0.0,0.0,0.0,0.0,0.0);
#938=PLANE_ANGLE_MEASURE_WITH_UNIT(PLANE_ANGLE_MEASURE(0.017453292500000),#936);
#942=(CONVERSION_BASED_UNIT('DEGREE',#938)NAMED_UNIT(#937)PLANE_ANGLE_UNIT());
#946=(NAMED_UNIT(*)SI_UNIT($,.STERADIAN.)SOLID_ANGLE_UNIT());
#950=(LENGTH_UNIT()NAMED_UNIT(*)SI_UNIT(.MILLI.,.METRE.));
#952=UNCERTAINTY_MEASURE_WITH_UNIT(LENGTH_MEASURE(0.000001000000000),#950,'DISTANCE_ACCURACY_VALUE','');
#954=(GEOMETRIC_REPRESENTATION_CONTEXT(3)GLOBAL_UNCERTAINTY_ASSIGNED_CONTEXT((#952))GLOBAL_UNIT_ASSIGNED_CONTEXT((#942,#946,#950))REPRESENTATION_CONTEXT('','3D'));
#955=CARTESIAN_POINT('',(35.055027565189327,-3.474552824674571,1.600000000000000));
#956=DIRECTION('',(0.0,0.0,1.0));
#957=DIRECTION('',(1.0,0.0,0.0));
#958=AXIS2_PLACEMENT_3D('',#955,#956,#957);
#959=CIRCLE('',#958,0.500000000000000);
#960=CARTESIAN_POINT('',(35.055027565189327,-3.974552824674571,1.600000000000000));
#961=CARTESIAN_POINT('',(35.555027565189327,-3.474552824674571,1.600000000000000));
#962=TRIMMED_CURVE('',#959,(PARAMETER_VALUE(270.0),#960),(PARAMETER_VALUE(5.088887E-013),#961),.T.,.PARAMETER.);
#963=STYLED_ITEM('',(#439),#962);
#964=MECHANICAL_DESIGN_GEOMETRIC_PRESENTATION_REPRESENTATION('',(#963),#954);
#970=(NAMED_UNIT(*)PLANE_ANGLE_UNIT()SI_UNIT($,.RADIAN.));
#971=DIMENSIONAL_EXPONENTS(0.0,0.0,0.0,0.0,0.0,0.0,0.0);
#972=PLANE_ANGLE_MEASURE_WITH_UNIT(PLANE_ANGLE_MEASURE(0.017453292500000),#970);
#976=(CONVERSION_BASED_UNIT('DEGREE',#972)NAMED_UNIT(#971)PLANE_ANGLE_UNIT());
#980=(NAMED_UNIT(*)SI_UNIT($,.STERADIAN.)SOLID_ANGLE_UNIT());
#984=(LENGTH_UNIT()NAMED_UNIT(*)SI_UNIT(.MILLI.,.METRE.));
#986=UNCERTAINTY_MEASURE_WITH_UNIT(LENGTH_MEASURE(0.000001000000000),#984,'DISTANCE_ACCURACY_VALUE','');
#988=(GEOMETRIC_REPRESENTATION_CONTEXT(3)GLOBAL_UNCERTAINTY_ASSIGNED_CONTEXT((#986))GLOBAL_UNIT_ASSIGNED_CONTEXT((#976,#980,#984))REPRESENTATION_CONTEXT('','3D'));
#989=CARTESIAN_POINT('',(20.555027565189334,-3.974552824674569,1.600000000000000));
#990=DIRECTION('',(1.0,0.0,0.0));
#991=VECTOR('',#990,14.499999999999993);
#992=LINE('',#989,#991);
#993=CARTESIAN_POINT('',(35.055027565189327,-3.974552824674569,1.600000000000000));
#994=TRIMMED_CURVE('',#992,(PARAMETER_VALUE(0.0),#989),(PARAMETER_VALUE(1.0),#993),.T.,.PARAMETER.);
#995=STYLED_ITEM('',(#439),#994);
#996=MECHANICAL_DESIGN_GEOMETRIC_PRESENTATION_REPRESENTATION('',(#995),#988);
#1002=(NAMED_UNIT(*)PLANE_ANGLE_UNIT()SI_UNIT($,.RADIAN.));
#1003=DIMENSIONAL_EXPONENTS(0.0,0.0,0.0,0.0,0.0,0.0,0.0);
#1004=PLANE_ANGLE_MEASURE_WITH_UNIT(PLANE_ANGLE_MEASURE(0.017453292500000),#1002);
#1008=(CONVERSION_BASED_UNIT('DEGREE',#1004)NAMED_UNIT(#1003)PLANE_ANGLE_UNIT());
#1012=(NAMED_UNIT(*)SI_UNIT($,.STERADIAN.)SOLID_ANGLE_UNIT());
#1016=(LENGTH_UNIT()NAMED_UNIT(*)SI_UNIT(.MILLI.,.METRE.));
#1018=UNCERTAINTY_MEASURE_WITH_UNIT(LENGTH_MEASURE(0.000001000000000),#1016,'DISTANCE_ACCURACY_VALUE','');
#1020=(GEOMETRIC_REPRESENTATION_CONTEXT(3)GLOBAL_UNCERTAINTY_ASSIGNED_CONTEXT((#1018))GLOBAL_UNIT_ASSIGNED_CONTEXT((#1008,#1012,#1016))REPRESENTATION_CONTEXT('','3D'));
#1021=CARTESIAN_POINT('',(20.555027565189334,-8.224552824674568,1.600000000000000));
#1022=DIRECTION('',(0.0,1.0,0.0));
#1023=VECTOR('',#1022,4.249999999999998);
#1024=LINE('',#1021,#1023);
#1025=CARTESIAN_POINT('',(20.555027565189334,-3.974552824674570,1.600000000000000));
#1026=TRIMMED_CURVE('',#1024,(PARAMETER_VALUE(0.0),#1021),(PARAMETER_VALUE(1.0),#1025),.T.,.PARAMETER.);
#1027=STYLED_ITEM('',(#439),#1026);
#1028=MECHANICAL_DESIGN_GEOMETRIC_PRESENTATION_REPRESENTATION('',(#1027),#1020);
#1034=(NAMED_UNIT(*)PLANE_ANGLE_UNIT()SI_UNIT($,.RADIAN.));
#1035=DIMENSIONAL_EXPONENTS(0.0,0.0,0.0,0.0,0.0,0.0,0.0);
#1036=PLANE_ANGLE_MEASURE_WITH_UNIT(PLANE_ANGLE_MEASURE(0.017453292500000),#1034);
#1040=(CONVERSION_BASED_UNIT('DEGREE',#1036)NAMED_UNIT(#1035)PLANE_ANGLE_UNIT());
#1044=(NAMED_UNIT(*)SI_UNIT($,.STERADIAN.)SOLID_ANGLE_UNIT());
#1048=(LENGTH_UNIT()NAMED_UNIT(*)SI_UNIT(.MILLI.,.METRE.));
#1050=UNCERTAINTY_MEASURE_WITH_UNIT(LENGTH_MEASURE(0.000001000000000),#1048,'DISTANCE_ACCURACY_VALUE','');
#1052=(GEOMETRIC_REPRESENTATION_CONTEXT(3)GLOBAL_UNCERTAINTY_ASSIGNED_CONTEXT((#1050))GLOBAL_UNIT_ASSIGNED_CONTEXT((#1040,#1044,#1048))REPRESENTATION_CONTEXT('','3D'));
#1053=CARTESIAN_POINT('',(22.055027565189338,-8.224552824674568,1.600000000000000));
#1054=DIRECTION('',(-1.0,0.0,0.0));
#1055=VECTOR('',#1054,1.500000000000004);
#1056=LINE('',#1053,#1055);
#1057=CARTESIAN_POINT('',(20.555027565189334,-8.224552824674568,1.600000000000000));
#1058=TRIMMED_CURVE('',#1056,(PARAMETER_VALUE(0.0),#1053),(PARAMETER_VALUE(1.0),#1057),.T.,.PARAMETER.);
#1059=STYLED_ITEM('',(#439),#1058);
#1060=MECHANICAL_DESIGN_GEOMETRIC_PRESENTATION_REPRESENTATION('',(#1059),#1052);
#1066=(NAMED_UNIT(*)PLANE_ANGLE_UNIT()SI_UNIT($,.RADIAN.));
#1067=DIMENSIONAL_EXPONENTS(0.0,0.0,0.0,0.0,0.0,0.0,0.0);
#1068=PLANE_ANGLE_MEASURE_WITH_UNIT(PLANE_ANGLE_MEASURE(0.017453292500000),#1066);
#1072=(CONVERSION_BASED_UNIT('DEGREE',#1068)NAMED_UNIT(#1067)PLANE_ANGLE_UNIT());
#1076=(NAMED_UNIT(*)SI_UNIT($,.STERADIAN.)SOLID_ANGLE_UNIT());
#1080=(LENGTH_UNIT()NAMED_UNIT(*)SI_UNIT(.MILLI.,.METRE.));
#1082=UNCERTAINTY_MEASURE_WITH_UNIT(LENGTH_MEASURE(0.000001000000000),#1080,'DISTANCE_ACCURACY_VALUE','');
#1084=(GEOMETRIC_REPRESENTATION_CONTEXT(3)GLOBAL_UNCERTAINTY_ASSIGNED_CONTEXT((#1082))GLOBAL_UNIT_ASSIGNED_CONTEXT((#1072,#1076,#1080))REPRESENTATION_CONTEXT('','3D'));
#1085=CARTESIAN_POINT('',(25.055027565189327,-8.224552824674568,1.600000000000000));
#1086=DIRECTION('',(-1.0,0.0,0.0));
#1087=VECTOR('',#1086,1.500000000000110);
#1088=LINE('',#1085,#1087);
#1089=CARTESIAN_POINT('',(23.555027565189217,-8.224552824674568,1.600000000000000));
#1090=TRIMMED_CURVE('',#1088,(PARAMETER_VALUE(0.0),#1085),(PARAMETER_VALUE(1.0),#1089),.T.,.PARAMETER.);
#1091=STYLED_ITEM('',(#439),#1090);
#1092=MECHANICAL_DESIGN_GEOMETRIC_PRESENTATION_REPRESENTATION('',(#1091),#1084);
#1098=(NAMED_UNIT(*)PLANE_ANGLE_UNIT()SI_UNIT($,.RADIAN.));
#1099=DIMENSIONAL_EXPONENTS(0.0,0.0,0.0,0.0,0.0,0.0,0.0);
#1100=PLANE_ANGLE_MEASURE_WITH_UNIT(PLANE_ANGLE_MEASURE(0.017453292500000),#1098);
#1104=(CONVERSION_BASED_UNIT('DEGREE',#1100)NAMED_UNIT(#1099)PLANE_ANGLE_UNIT());
#1108=(NAMED_UNIT(*)SI_UNIT($,.STERADIAN.)SOLID_ANGLE_UNIT());
#1112=(LENGTH_UNIT()NAMED_UNIT(*)SI_UNIT(.MILLI.,.METRE.));
#1114=UNCERTAINTY_MEASURE_WITH_UNIT(LENGTH_MEASURE(0.000001000000000),#1112,'DISTANCE_ACCURACY_VALUE','');
#1116=(GEOMETRIC_REPRESENTATION_CONTEXT(3)GLOBAL_UNCERTAINTY_ASSIGNED_CONTEXT((#1114))GLOBAL_UNIT_ASSIGNED_CONTEXT((#1104,#1108,#1112))REPRESENTATION_CONTEXT('','3D'));
#1117=CARTESIAN_POINT('',(25.055027565189327,-5.974552824674566,1.600000000000000));
#1118=DIRECTION('',(0.0,-1.0,0.0));
#1119=VECTOR('',#1118,2.250000000000002);
#1120=LINE('',#1117,#1119);
#1121=CARTESIAN_POINT('',(25.055027565189327,-8.224552824674568,1.600000000000000));
#1122=TRIMMED_CURVE('',#1120,(PARAMETER_VALUE(0.0),#1117),(PARAMETER_VALUE(1.0),#1121),.T.,.PARAMETER.);
#1123=STYLED_ITEM('',(#439),#1122);
#1124=MECHANICAL_DESIGN_GEOMETRIC_PRESENTATION_REPRESENTATION('',(#1123),#1116);
#1130=(NAMED_UNIT(*)PLANE_ANGLE_UNIT()SI_UNIT($,.RADIAN.));
#1131=DIMENSIONAL_EXPONENTS(0.0,0.0,0.0,0.0,0.0,0.0,0.0);
#1132=PLANE_ANGLE_MEASURE_WITH_UNIT(PLANE_ANGLE_MEASURE(0.017453292500000),#1130);
#1136=(CONVERSION_BASED_UNIT('DEGREE',#1132)NAMED_UNIT(#1131)PLANE_ANGLE_UNIT());
#1140=(NAMED_UNIT(*)SI_UNIT($,.STERADIAN.)SOLID_ANGLE_UNIT());
#1144=(LENGTH_UNIT()NAMED_UNIT(*)SI_UNIT(.MILLI.,.METRE.));
#1146=UNCERTAINTY_MEASURE_WITH_UNIT(LENGTH_MEASURE(0.000001000000000),#1144,'DISTANCE_ACCURACY_VALUE','');
#1148=(GEOMETRIC_REPRESENTATION_CONTEXT(3)GLOBAL_UNCERTAINTY_ASSIGNED_CONTEXT((#1146))GLOBAL_UNIT_ASSIGNED_CONTEXT((#1136,#1140,#1144))REPRESENTATION_CONTEXT('','3D'));
#1149=CARTESIAN_POINT('',(26.555027565189331,-5.974552824674566,1.600000000000000));
#1150=DIRECTION('',(-1.0,0.0,0.0));
#1151=VECTOR('',#1150,1.500000000000004);
#1152=LINE('',#1149,#1151);
#1153=CARTESIAN_POINT('',(25.055027565189327,-5.974552824674566,1.600000000000000));
#1154=TRIMMED_CURVE('',#1152,(PARAMETER_VALUE(0.0),#1149),(PARAMETER_VALUE(1.0),#1153),.T.,.PARAMETER.);
#1155=STYLED_ITEM('',(#439),#1154);
#1156=MECHANICAL_DESIGN_GEOMETRIC_PRESENTATION_REPRESENTATION('',(#1155),#1148);
#1162=(NAMED_UNIT(*)PLANE_ANGLE_UNIT()SI_UNIT($,.RADIAN.));
#1163=DIMENSIONAL_EXPONENTS(0.0,0.0,0.0,0.0,0.0,0.0,0.0);
#1164=PLANE_ANGLE_MEASURE_WITH_UNIT(PLANE_ANGLE_MEASURE(0.017453292500000),#1162);
#1168=(CONVERSION_BASED_UNIT('DEGREE',#1164)NAMED_UNIT(#1163)PLANE_ANGLE_UNIT());
#1172=(NAMED_UNIT(*)SI_UNIT($,.STERADIAN.)SOLID_ANGLE_UNIT());
#1176=(LENGTH_UNIT()NAMED_UNIT(*)SI_UNIT(.MILLI.,.METRE.));
#1178=UNCERTAINTY_MEASURE_WITH_UNIT(LENGTH_MEASURE(0.000001000000000),#1176,'DISTANCE_ACCURACY_VALUE','');
#1180=(GEOMETRIC_REPRESENTATION_CONTEXT(3)GLOBAL_UNCERTAINTY_ASSIGNED_CONTEXT((#1178))GLOBAL_UNIT_ASSIGNED_CONTEXT((#1168,#1172,#1176))REPRESENTATION_CONTEXT('','3D'));
#1181=CARTESIAN_POINT('',(26.555027565189331,-8.224552824674568,1.600000000000000));
#1182=DIRECTION('',(0.0,1.0,0.0));
#1183=VECTOR('',#1182,2.250000000000001);
#1184=LINE('',#1181,#1183);
#1185=CARTESIAN_POINT('',(26.555027565189331,-5.974552824674567,1.600000000000000));
#1186=TRIMMED_CURVE('',#1184,(PARAMETER_VALUE(0.0),#1181),(PARAMETER_VALUE(1.0),#1185),.T.,.PARAMETER.);
#1187=STYLED_ITEM('',(#439),#1186);
#1188=MECHANICAL_DESIGN_GEOMETRIC_PRESENTATION_REPRESENTATION('',(#1187),#1180);
#1194=(NAMED_UNIT(*)PLANE_ANGLE_UNIT()SI_UNIT($,.RADIAN.));
#1195=DIMENSIONAL_EXPONENTS(0.0,0.0,0.0,0.0,0.0,0.0,0.0);
#1196=PLANE_ANGLE_MEASURE_WITH_UNIT(PLANE_ANGLE_MEASURE(0.017453292500000),#1194);
#1200=(CONVERSION_BASED_UNIT('DEGREE',#1196)NAMED_UNIT(#1195)PLANE_ANGLE_UNIT());
#1204=(NAMED_UNIT(*)SI_UNIT($,.STERADIAN.)SOLID_ANGLE_UNIT());
#1208=(LENGTH_UNIT()NAMED_UNIT(*)SI_UNIT(.MILLI.,.METRE.));
#1210=UNCERTAINTY_MEASURE_WITH_UNIT(LENGTH_MEASURE(0.000001000000000),#1208,'DISTANCE_ACCURACY_VALUE','');
#1212=(GEOMETRIC_REPRESENTATION_CONTEXT(3)GLOBAL_UNCERTAINTY_ASSIGNED_CONTEXT((#1210))GLOBAL_UNIT_ASSIGNED_CONTEXT((#1200,#1204,#1208))REPRESENTATION_CONTEXT('','3D'));
#1213=CARTESIAN_POINT('',(28.055027565189334,-8.224552824674568,1.600000000000000));
#1214=DIRECTION('',(-1.0,0.0,0.0));
#1215=VECTOR('',#1214,1.500000000000004);
#1216=LINE('',#1213,#1215);
#1217=CARTESIAN_POINT('',(26.555027565189331,-8.224552824674568,1.600000000000000));
#1218=TRIMMED_CURVE('',#1216,(PARAMETER_VALUE(0.0),#1213),(PARAMETER_VALUE(1.0),#1217),.T.,.PARAMETER.);
#1219=STYLED_ITEM('',(#439),#1218);
#1220=MECHANICAL_DESIGN_GEOMETRIC_PRESENTATION_REPRESENTATION('',(#1219),#1212);
#1226=(NAMED_UNIT(*)PLANE_ANGLE_UNIT()SI_UNIT($,.RADIAN.));
#1227=DIMENSIONAL_EXPONENTS(0.0,0.0,0.0,0.0,0.0,0.0,0.0);
#1228=PLANE_ANGLE_MEASURE_WITH_UNIT(PLANE_ANGLE_MEASURE(0.017453292500000),#1226);
#1232=(CONVERSION_BASED_UNIT('DEGREE',#1228)NAMED_UNIT(#1227)PLANE_ANGLE_UNIT());
#1236=(NAMED_UNIT(*)SI_UNIT($,.STERADIAN.)SOLID_ANGLE_UNIT());
#1240=(LENGTH_UNIT()NAMED_UNIT(*)SI_UNIT(.MILLI.,.METRE.));
#1242=UNCERTAINTY_MEASURE_WITH_UNIT(LENGTH_MEASURE(0.000001000000000),#1240,'DISTANCE_ACCURACY_VALUE','');
#1244=(GEOMETRIC_REPRESENTATION_CONTEXT(3)GLOBAL_UNCERTAINTY_ASSIGNED_CONTEXT((#1242))GLOBAL_UNIT_ASSIGNED_CONTEXT((#1232,#1236,#1240))REPRESENTATION_CONTEXT('','3D'));
#1245=CARTESIAN_POINT('',(28.055027565189334,-5.974552824674566,1.600000000000000));
#1246=DIRECTION('',(0.0,-1.0,0.0));
#1247=VECTOR('',#1246,2.250000000000002);
#1248=LINE('',#1245,#1247);
#1249=CARTESIAN_POINT('',(28.055027565189334,-8.224552824674568,1.600000000000000));
#1250=TRIMMED_CURVE('',#1248,(PARAMETER_VALUE(0.0),#1245),(PARAMETER_VALUE(1.0),#1249),.T.,.PARAMETER.);
#1251=STYLED_ITEM('',(#439),#1250);
#1252=MECHANICAL_DESIGN_GEOMETRIC_PRESENTATION_REPRESENTATION('',(#1251),#1244);
#1258=(NAMED_UNIT(*)PLANE_ANGLE_UNIT()SI_UNIT($,.RADIAN.));
#1259=DIMENSIONAL_EXPONENTS(0.0,0.0,0.0,0.0,0.0,0.0,0.0);
#1260=PLANE_ANGLE_MEASURE_WITH_UNIT(PLANE_ANGLE_MEASURE(0.017453292500000),#1258);
#1264=(CONVERSION_BASED_UNIT('DEGREE',#1260)NAMED_UNIT(#1259)PLANE_ANGLE_UNIT());
#1268=(NAMED_UNIT(*)SI_UNIT($,.STERADIAN.)SOLID_ANGLE_UNIT());
#1272=(LENGTH_UNIT()NAMED_UNIT(*)SI_UNIT(.MILLI.,.METRE.));
#1274=UNCERTAINTY_MEASURE_WITH_UNIT(LENGTH_MEASURE(0.000001000000000),#1272,'DISTANCE_ACCURACY_VALUE','');
#1276=(GEOMETRIC_REPRESENTATION_CONTEXT(3)GLOBAL_UNCERTAINTY_ASSIGNED_CONTEXT((#1274))GLOBAL_UNIT_ASSIGNED_CONTEXT((#1264,#1268,#1272))REPRESENTATION_CONTEXT('','3D'));
#1277=CARTESIAN_POINT('',(29.555027565189338,-5.974552824674566,1.600000000000000));
#1278=DIRECTION('',(-1.0,0.0,0.0));
#1279=VECTOR('',#1278,1.500000000000004);
#1280=LINE('',#1277,#1279);
#1281=CARTESIAN_POINT('',(28.055027565189334,-5.974552824674566,1.600000000000000));
#1282=TRIMMED_CURVE('',#1280,(PARAMETER_VALUE(0.0),#1277),(PARAMETER_VALUE(1.0),#1281),.T.,.PARAMETER.);
#1283=STYLED_ITEM('',(#439),#1282);
#1284=MECHANICAL_DESIGN_GEOMETRIC_PRESENTATION_REPRESENTATION('',(#1283),#1276);
#1290=(NAMED_UNIT(*)PLANE_ANGLE_UNIT()SI_UNIT($,.RADIAN.));
#1291=DIMENSIONAL_EXPONENTS(0.0,0.0,0.0,0.0,0.0,0.0,0.0);
#1292=PLANE_ANGLE_MEASURE_WITH_UNIT(PLANE_ANGLE_MEASURE(0.017453292500000),#1290);
#1296=(CONVERSION_BASED_UNIT('DEGREE',#1292)NAMED_UNIT(#1291)PLANE_ANGLE_UNIT());
#1300=(NAMED_UNIT(*)SI_UNIT($,.STERADIAN.)SOLID_ANGLE_UNIT());
#1304=(LENGTH_UNIT()NAMED_UNIT(*)SI_UNIT(.MILLI.,.METRE.));
#1306=UNCERTAINTY_MEASURE_WITH_UNIT(LENGTH_MEASURE(0.000001000000000),#1304,'DISTANCE_ACCURACY_VALUE','');
#1308=(GEOMETRIC_REPRESENTATION_CONTEXT(3)GLOBAL_UNCERTAINTY_ASSIGNED_CONTEXT((#1306))GLOBAL_UNIT_ASSIGNED_CONTEXT((#1296,#1300,#1304))REPRESENTATION_CONTEXT('','3D'));
#1309=CARTESIAN_POINT('',(29.555027565189338,-8.224552824674568,1.600000000000000));
#1310=DIRECTION('',(0.0,1.0,0.0));
#1311=VECTOR('',#1310,2.250000000000001);
#1312=LINE('',#1309,#1311);
#1313=CARTESIAN_POINT('',(29.555027565189338,-5.974552824674567,1.600000000000000));
#1314=TRIMMED_CURVE('',#1312,(PARAMETER_VALUE(0.0),#1309),(PARAMETER_VALUE(1.0),#1313),.T.,.PARAMETER.);
#1315=STYLED_ITEM('',(#439),#1314);
#1316=MECHANICAL_DESIGN_GEOMETRIC_PRESENTATION_REPRESENTATION('',(#1315),#1308);
#1322=(NAMED_UNIT(*)PLANE_ANGLE_UNIT()SI_UNIT($,.RADIAN.));
#1323=DIMENSIONAL_EXPONENTS(0.0,0.0,0.0,0.0,0.0,0.0,0.0);
#1324=PLANE_ANGLE_MEASURE_WITH_UNIT(PLANE_ANGLE_MEASURE(0.017453292500000),#1322);
#1328=(CONVERSION_BASED_UNIT('DEGREE',#1324)NAMED_UNIT(#1323)PLANE_ANGLE_UNIT());
#1332=(NAMED_UNIT(*)SI_UNIT($,.STERADIAN.)SOLID_ANGLE_UNIT());
#1336=(LENGTH_UNIT()NAMED_UNIT(*)SI_UNIT(.MILLI.,.METRE.));
#1338=UNCERTAINTY_MEASURE_WITH_UNIT(LENGTH_MEASURE(0.000001000000000),#1336,'DISTANCE_ACCURACY_VALUE','');
#1340=(GEOMETRIC_REPRESENTATION_CONTEXT(3)GLOBAL_UNCERTAINTY_ASSIGNED_CONTEXT((#1338))GLOBAL_UNIT_ASSIGNED_CONTEXT((#1328,#1332,#1336))REPRESENTATION_CONTEXT('','3D'));
#1341=CARTESIAN_POINT('',(31.055027565189341,-8.224552824674568,1.600000000000000));
#1342=DIRECTION('',(-1.0,0.0,0.0));
#1343=VECTOR('',#1342,1.500000000000004);
#1344=LINE('',#1341,#1343);
#1345=CARTESIAN_POINT('',(29.555027565189338,-8.224552824674568,1.600000000000000));
#1346=TRIMMED_CURVE('',#1344,(PARAMETER_VALUE(0.0),#1341),(PARAMETER_VALUE(1.0),#1345),.T.,.PARAMETER.);
#1347=STYLED_ITEM('',(#439),#1346);
#1348=MECHANICAL_DESIGN_GEOMETRIC_PRESENTATION_REPRESENTATION('',(#1347),#1340);
#1354=(NAMED_UNIT(*)PLANE_ANGLE_UNIT()SI_UNIT($,.RADIAN.));
#1355=DIMENSIONAL_EXPONENTS(0.0,0.0,0.0,0.0,0.0,0.0,0.0);
#1356=PLANE_ANGLE_MEASURE_WITH_UNIT(PLANE_ANGLE_MEASURE(0.017453292500000),#1354);
#1360=(CONVERSION_BASED_UNIT('DEGREE',#1356)NAMED_UNIT(#1355)PLANE_ANGLE_UNIT());
#1364=(NAMED_UNIT(*)SI_UNIT($,.STERADIAN.)SOLID_ANGLE_UNIT());
#1368=(LENGTH_UNIT()NAMED_UNIT(*)SI_UNIT(.MILLI.,.METRE.));
#1370=UNCERTAINTY_MEASURE_WITH_UNIT(LENGTH_MEASURE(0.000001000000000),#1368,'DISTANCE_ACCURACY_VALUE','');
#1372=(GEOMETRIC_REPRESENTATION_CONTEXT(3)GLOBAL_UNCERTAINTY_ASSIGNED_CONTEXT((#1370))GLOBAL_UNIT_ASSIGNED_CONTEXT((#1360,#1364,#1368))REPRESENTATION_CONTEXT('','3D'));
#1373=CARTESIAN_POINT('',(31.055027565189341,-5.974552824674566,1.600000000000000));
#1374=DIRECTION('',(0.0,-1.0,0.0));
#1375=VECTOR('',#1374,2.250000000000002);
#1376=LINE('',#1373,#1375);
#1377=CARTESIAN_POINT('',(31.055027565189341,-8.224552824674568,1.600000000000000));
#1378=TRIMMED_CURVE('',#1376,(PARAMETER_VALUE(0.0),#1373),(PARAMETER_VALUE(1.0),#1377),.T.,.PARAMETER.);
#1379=STYLED_ITEM('',(#439),#1378);
#1380=MECHANICAL_DESIGN_GEOMETRIC_PRESENTATION_REPRESENTATION('',(#1379),#1372);
#1386=(NAMED_UNIT(*)PLANE_ANGLE_UNIT()SI_UNIT($,.RADIAN.));
#1387=DIMENSIONAL_EXPONENTS(0.0,0.0,0.0,0.0,0.0,0.0,0.0);
#1388=PLANE_ANGLE_MEASURE_WITH_UNIT(PLANE_ANGLE_MEASURE(0.017453292500000),#1386);
#1392=(CONVERSION_BASED_UNIT('DEGREE',#1388)NAMED_UNIT(#1387)PLANE_ANGLE_UNIT());
#1396=(NAMED_UNIT(*)SI_UNIT($,.STERADIAN.)SOLID_ANGLE_UNIT());
#1400=(LENGTH_UNIT()NAMED_UNIT(*)SI_UNIT(.MILLI.,.METRE.));
#1402=UNCERTAINTY_MEASURE_WITH_UNIT(LENGTH_MEASURE(0.000001000000000),#1400,'DISTANCE_ACCURACY_VALUE','');
#1404=(GEOMETRIC_REPRESENTATION_CONTEXT(3)GLOBAL_UNCERTAINTY_ASSIGNED_CONTEXT((#1402))GLOBAL_UNIT_ASSIGNED_CONTEXT((#1392,#1396,#1400))REPRESENTATION_CONTEXT('','3D'));
#1405=CARTESIAN_POINT('',(32.555027565189327,-5.974552824674566,1.600000000000000));
#1406=DIRECTION('',(-1.0,0.0,0.0));
#1407=VECTOR('',#1406,1.499999999999986);
#1408=LINE('',#1405,#1407);
#1409=CARTESIAN_POINT('',(31.055027565189341,-5.974552824674566,1.600000000000000));
#1410=TRIMMED_CURVE('',#1408,(PARAMETER_VALUE(0.0),#1405),(PARAMETER_VALUE(1.0),#1409),.T.,.PARAMETER.);
#1411=STYLED_ITEM('',(#439),#1410);
#1412=MECHANICAL_DESIGN_GEOMETRIC_PRESENTATION_REPRESENTATION('',(#1411),#1404);
#1418=(NAMED_UNIT(*)PLANE_ANGLE_UNIT()SI_UNIT($,.RADIAN.));
#1419=DIMENSIONAL_EXPONENTS(0.0,0.0,0.0,0.0,0.0,0.0,0.0);
#1420=PLANE_ANGLE_MEASURE_WITH_UNIT(PLANE_ANGLE_MEASURE(0.017453292500000),#1418);
#1424=(CONVERSION_BASED_UNIT('DEGREE',#1420)NAMED_UNIT(#1419)PLANE_ANGLE_UNIT());
#1428=(NAMED_UNIT(*)SI_UNIT($,.STERADIAN.)SOLID_ANGLE_UNIT());
#1432=(LENGTH_UNIT()NAMED_UNIT(*)SI_UNIT(.MILLI.,.METRE.));
#1434=UNCERTAINTY_MEASURE_WITH_UNIT(LENGTH_MEASURE(0.000001000000000),#1432,'DISTANCE_ACCURACY_VALUE','');
#1436=(GEOMETRIC_REPRESENTATION_CONTEXT(3)GLOBAL_UNCERTAINTY_ASSIGNED_CONTEXT((#1434))GLOBAL_UNIT_ASSIGNED_CONTEXT((#1424,#1428,#1432))REPRESENTATION_CONTEXT('','3D'));
#1437=CARTESIAN_POINT('',(32.555027565189327,-8.224552824674568,1.600000000000000));
#1438=DIRECTION('',(0.0,1.0,0.0));
#1439=VECTOR('',#1438,2.250000000000001);
#1440=LINE('',#1437,#1439);
#1441=CARTESIAN_POINT('',(32.555027565189327,-5.974552824674567,1.600000000000000));
#1442=TRIMMED_CURVE('',#1440,(PARAMETER_VALUE(0.0),#1437),(PARAMETER_VALUE(1.0),#1441),.T.,.PARAMETER.);
#1443=STYLED_ITEM('',(#439),#1442);
#1444=MECHANICAL_DESIGN_GEOMETRIC_PRESENTATION_REPRESENTATION('',(#1443),#1436);
#1450=(NAMED_UNIT(*)PLANE_ANGLE_UNIT()SI_UNIT($,.RADIAN.));
#1451=DIMENSIONAL_EXPONENTS(0.0,0.0,0.0,0.0,0.0,0.0,0.0);
#1452=PLANE_ANGLE_MEASURE_WITH_UNIT(PLANE_ANGLE_MEASURE(0.017453292500000),#1450);
#1456=(CONVERSION_BASED_UNIT('DEGREE',#1452)NAMED_UNIT(#1451)PLANE_ANGLE_UNIT());
#1460=(NAMED_UNIT(*)SI_UNIT($,.STERADIAN.)SOLID_ANGLE_UNIT());
#1464=(LENGTH_UNIT()NAMED_UNIT(*)SI_UNIT(.MILLI.,.METRE.));
#1466=UNCERTAINTY_MEASURE_WITH_UNIT(LENGTH_MEASURE(0.000001000000000),#1464,'DISTANCE_ACCURACY_VALUE','');
#1468=(GEOMETRIC_REPRESENTATION_CONTEXT(3)GLOBAL_UNCERTAINTY_ASSIGNED_CONTEXT((#1466))GLOBAL_UNIT_ASSIGNED_CONTEXT((#1456,#1460,#1464))REPRESENTATION_CONTEXT('','3D'));
#1469=CARTESIAN_POINT('',(34.055027565189334,-8.224552824674568,1.600000000000000));
#1470=DIRECTION('',(-1.0,0.0,0.0));
#1471=VECTOR('',#1470,1.500000000000000);
#1472=LINE('',#1469,#1471);
#1473=CARTESIAN_POINT('',(32.555027565189334,-8.224552824674568,1.600000000000000));
#1474=TRIMMED_CURVE('',#1472,(PARAMETER_VALUE(0.0),#1469),(PARAMETER_VALUE(1.0),#1473),.T.,.PARAMETER.);
#1475=STYLED_ITEM('',(#439),#1474);
#1476=MECHANICAL_DESIGN_GEOMETRIC_PRESENTATION_REPRESENTATION('',(#1475),#1468);
#1482=(NAMED_UNIT(*)PLANE_ANGLE_UNIT()SI_UNIT($,.RADIAN.));
#1483=DIMENSIONAL_EXPONENTS(0.0,0.0,0.0,0.0,0.0,0.0,0.0);
#1484=PLANE_ANGLE_MEASURE_WITH_UNIT(PLANE_ANGLE_MEASURE(0.017453292500000),#1482);
#1488=(CONVERSION_BASED_UNIT('DEGREE',#1484)NAMED_UNIT(#1483)PLANE_ANGLE_UNIT());
#1492=(NAMED_UNIT(*)SI_UNIT($,.STERADIAN.)SOLID_ANGLE_UNIT());
#1496=(LENGTH_UNIT()NAMED_UNIT(*)SI_UNIT(.MILLI.,.METRE.));
#1498=UNCERTAINTY_MEASURE_WITH_UNIT(LENGTH_MEASURE(0.000001000000000),#1496,'DISTANCE_ACCURACY_VALUE','');
#1500=(GEOMETRIC_REPRESENTATION_CONTEXT(3)GLOBAL_UNCERTAINTY_ASSIGNED_CONTEXT((#1498))GLOBAL_UNIT_ASSIGNED_CONTEXT((#1488,#1492,#1496))REPRESENTATION_CONTEXT('','3D'));
#1501=CARTESIAN_POINT('',(39.555027565189448,-7.724552824674569,1.600000000000000));
#1502=DIRECTION('',(0.0,0.0,1.0));
#1503=DIRECTION('',(1.0,0.0,0.0));
#1504=AXIS2_PLACEMENT_3D('',#1501,#1502,#1503);
#1505=CIRCLE('',#1504,0.500000000000000);
#1506=CARTESIAN_POINT('',(39.555027565189448,-8.224552824674568,1.600000000000000));
#1507=CARTESIAN_POINT('',(40.055027565189448,-7.724552824674569,1.600000000000000));
#1508=TRIMMED_CURVE('',#1505,(PARAMETER_VALUE(270.0),#1506),(PARAMETER_VALUE(3.562221E-012),#1507),.T.,.PARAMETER.);
#1509=STYLED_ITEM('',(#439),#1508);
#1510=MECHANICAL_DESIGN_GEOMETRIC_PRESENTATION_REPRESENTATION('',(#1509),#1500);
#1516=(NAMED_UNIT(*)PLANE_ANGLE_UNIT()SI_UNIT($,.RADIAN.));
#1517=DIMENSIONAL_EXPONENTS(0.0,0.0,0.0,0.0,0.0,0.0,0.0);
#1518=PLANE_ANGLE_MEASURE_WITH_UNIT(PLANE_ANGLE_MEASURE(0.017453292500000),#1516);
#1522=(CONVERSION_BASED_UNIT('DEGREE',#1518)NAMED_UNIT(#1517)PLANE_ANGLE_UNIT());
#1526=(NAMED_UNIT(*)SI_UNIT($,.STERADIAN.)SOLID_ANGLE_UNIT());
#1530=(LENGTH_UNIT()NAMED_UNIT(*)SI_UNIT(.MILLI.,.METRE.));
#1532=UNCERTAINTY_MEASURE_WITH_UNIT(LENGTH_MEASURE(0.000001000000000),#1530,'DISTANCE_ACCURACY_VALUE','');
#1534=(GEOMETRIC_REPRESENTATION_CONTEXT(3)GLOBAL_UNCERTAINTY_ASSIGNED_CONTEXT((#1532))GLOBAL_UNIT_ASSIGNED_CONTEXT((#1522,#1526,#1530))REPRESENTATION_CONTEXT('','3D'));
#1535=CARTESIAN_POINT('',(40.055027565189327,-3.974552824674569,1.600000000000000));
#1536=DIRECTION('',(0.0,-1.0,0.0));
#1537=VECTOR('',#1536,3.749999999999969);
#1538=LINE('',#1535,#1537);
#1539=CARTESIAN_POINT('',(40.055027565189448,-7.724552824674538,1.600000000000000));
#1540=TRIMMED_CURVE('',#1538,(PARAMETER_VALUE(0.0),#1535),(PARAMETER_VALUE(1.0),#1539),.T.,.PARAMETER.);
#1541=STYLED_ITEM('',(#439),#1540);
#1542=MECHANICAL_DESIGN_GEOMETRIC_PRESENTATION_REPRESENTATION('',(#1541),#1534);
#1548=(NAMED_UNIT(*)PLANE_ANGLE_UNIT()SI_UNIT($,.RADIAN.));
#1549=DIMENSIONAL_EXPONENTS(0.0,0.0,0.0,0.0,0.0,0.0,0.0);
#1550=PLANE_ANGLE_MEASURE_WITH_UNIT(PLANE_ANGLE_MEASURE(0.017453292500000),#1548);
#1554=(CONVERSION_BASED_UNIT('DEGREE',#1550)NAMED_UNIT(#1549)PLANE_ANGLE_UNIT());
#1558=(NAMED_UNIT(*)SI_UNIT($,.STERADIAN.)SOLID_ANGLE_UNIT());
#1562=(LENGTH_UNIT()NAMED_UNIT(*)SI_UNIT(.MILLI.,.METRE.));
#1564=UNCERTAINTY_MEASURE_WITH_UNIT(LENGTH_MEASURE(0.000001000000000),#1562,'DISTANCE_ACCURACY_VALUE','');
#1566=(GEOMETRIC_REPRESENTATION_CONTEXT(3)GLOBAL_UNCERTAINTY_ASSIGNED_CONTEXT((#1564))GLOBAL_UNIT_ASSIGNED_CONTEXT((#1554,#1558,#1562))REPRESENTATION_CONTEXT('','3D'));
#1567=CARTESIAN_POINT('',(37.555027565189327,-3.974552824674569,1.600000000000000));
#1568=DIRECTION('',(1.0,0.0,0.0));
#1569=VECTOR('',#1568,2.500000000000000);
#1570=LINE('',#1567,#1569);
#1571=CARTESIAN_POINT('',(40.055027565189327,-3.974552824674569,1.600000000000000));
#1572=TRIMMED_CURVE('',#1570,(PARAMETER_VALUE(0.0),#1567),(PARAMETER_VALUE(1.0),#1571),.T.,.PARAMETER.);
#1573=STYLED_ITEM('',(#439),#1572);
#1574=MECHANICAL_DESIGN_GEOMETRIC_PRESENTATION_REPRESENTATION('',(#1573),#1566);
#1580=(NAMED_UNIT(*)PLANE_ANGLE_UNIT()SI_UNIT($,.RADIAN.));
#1581=DIMENSIONAL_EXPONENTS(0.0,0.0,0.0,0.0,0.0,0.0,0.0);
#1582=PLANE_ANGLE_MEASURE_WITH_UNIT(PLANE_ANGLE_MEASURE(0.017453292500000),#1580);
#1586=(CONVERSION_BASED_UNIT('DEGREE',#1582)NAMED_UNIT(#1581)PLANE_ANGLE_UNIT());
#1590=(NAMED_UNIT(*)SI_UNIT($,.STERADIAN.)SOLID_ANGLE_UNIT());
#1594=(LENGTH_UNIT()NAMED_UNIT(*)SI_UNIT(.MILLI.,.METRE.));
#1596=UNCERTAINTY_MEASURE_WITH_UNIT(LENGTH_MEASURE(0.000001000000000),#1594,'DISTANCE_ACCURACY_VALUE','');
#1598=(GEOMETRIC_REPRESENTATION_CONTEXT(3)GLOBAL_UNCERTAINTY_ASSIGNED_CONTEXT((#1596))GLOBAL_UNIT_ASSIGNED_CONTEXT((#1586,#1590,#1594))REPRESENTATION_CONTEXT('','3D'));
#1599=CARTESIAN_POINT('',(37.555027565189327,-2.474552824674570,1.600000000000000));
#1600=DIRECTION('',(0.0,-1.0,0.0));
#1601=VECTOR('',#1600,1.499999999999999);
#1602=LINE('',#1599,#1601);
#1603=CARTESIAN_POINT('',(37.555027565189327,-3.974552824674569,1.600000000000000));
#1604=TRIMMED_CURVE('',#1602,(PARAMETER_VALUE(0.0),#1599),(PARAMETER_VALUE(1.0),#1603),.T.,.PARAMETER.);
#1605=STYLED_ITEM('',(#439),#1604);
#1606=MECHANICAL_DESIGN_GEOMETRIC_PRESENTATION_REPRESENTATION('',(#1605),#1598);
#1612=(NAMED_UNIT(*)PLANE_ANGLE_UNIT()SI_UNIT($,.RADIAN.));
#1613=DIMENSIONAL_EXPONENTS(0.0,0.0,0.0,0.0,0.0,0.0,0.0);
#1614=PLANE_ANGLE_MEASURE_WITH_UNIT(PLANE_ANGLE_MEASURE(0.017453292500000),#1612);
#1618=(CONVERSION_BASED_UNIT('DEGREE',#1614)NAMED_UNIT(#1613)PLANE_ANGLE_UNIT());
#1622=(NAMED_UNIT(*)SI_UNIT($,.STERADIAN.)SOLID_ANGLE_UNIT());
#1626=(LENGTH_UNIT()NAMED_UNIT(*)SI_UNIT(.MILLI.,.METRE.));
#1628=UNCERTAINTY_MEASURE_WITH_UNIT(LENGTH_MEASURE(0.000001000000000),#1626,'DISTANCE_ACCURACY_VALUE','');
#1630=(GEOMETRIC_REPRESENTATION_CONTEXT(3)GLOBAL_UNCERTAINTY_ASSIGNED_CONTEXT((#1628))GLOBAL_UNIT_ASSIGNED_CONTEXT((#1618,#1622,#1626))REPRESENTATION_CONTEXT('','3D'));
#1631=CARTESIAN_POINT('',(40.055027565189327,-2.474552824674570,1.600000000000000));
#1632=DIRECTION('',(-1.0,0.0,0.0));
#1633=VECTOR('',#1632,2.500000000000000);
#1634=LINE('',#1631,#1633);
#1635=CARTESIAN_POINT('',(37.555027565189327,-2.474552824674570,1.600000000000000));
#1636=TRIMMED_CURVE('',#1634,(PARAMETER_VALUE(0.0),#1631),(PARAMETER_VALUE(1.0),#1635),.T.,.PARAMETER.);
#1637=STYLED_ITEM('',(#439),#1636);
#1638=MECHANICAL_DESIGN_GEOMETRIC_PRESENTATION_REPRESENTATION('',(#1637),#1630);
#1644=(NAMED_UNIT(*)PLANE_ANGLE_UNIT()SI_UNIT($,.RADIAN.));
#1645=DIMENSIONAL_EXPONENTS(0.0,0.0,0.0,0.0,0.0,0.0,0.0);
#1646=PLANE_ANGLE_MEASURE_WITH_UNIT(PLANE_ANGLE_MEASURE(0.017453292500000),#1644);
#1650=(CONVERSION_BASED_UNIT('DEGREE',#1646)NAMED_UNIT(#1645)PLANE_ANGLE_UNIT());
#1654=(NAMED_UNIT(*)SI_UNIT($,.STERADIAN.)SOLID_ANGLE_UNIT());
#1658=(LENGTH_UNIT()NAMED_UNIT(*)SI_UNIT(.MILLI.,.METRE.));
#1660=UNCERTAINTY_MEASURE_WITH_UNIT(LENGTH_MEASURE(0.000001000000000),#1658,'DISTANCE_ACCURACY_VALUE','');
#1662=(GEOMETRIC_REPRESENTATION_CONTEXT(3)GLOBAL_UNCERTAINTY_ASSIGNED_CONTEXT((#1660))GLOBAL_UNIT_ASSIGNED_CONTEXT((#1650,#1654,#1658))REPRESENTATION_CONTEXT('','3D'));
#1663=CARTESIAN_POINT('',(40.055027565189327,-0.974552824674566,1.600000000000000));
#1664=DIRECTION('',(0.0,-1.0,0.0));
#1665=VECTOR('',#1664,1.500000000000004);
#1666=LINE('',#1663,#1665);
#1667=CARTESIAN_POINT('',(40.055027565189327,-2.474552824674570,1.600000000000000));
#1668=TRIMMED_CURVE('',#1666,(PARAMETER_VALUE(0.0),#1663),(PARAMETER_VALUE(1.0),#1667),.T.,.PARAMETER.);
#1669=STYLED_ITEM('',(#439),#1668);
#1670=MECHANICAL_DESIGN_GEOMETRIC_PRESENTATION_REPRESENTATION('',(#1669),#1662);
#1676=(NAMED_UNIT(*)PLANE_ANGLE_UNIT()SI_UNIT($,.RADIAN.));
#1677=DIMENSIONAL_EXPONENTS(0.0,0.0,0.0,0.0,0.0,0.0,0.0);
#1678=PLANE_ANGLE_MEASURE_WITH_UNIT(PLANE_ANGLE_MEASURE(0.017453292500000),#1676);
#1682=(CONVERSION_BASED_UNIT('DEGREE',#1678)NAMED_UNIT(#1677)PLANE_ANGLE_UNIT());
#1686=(NAMED_UNIT(*)SI_UNIT($,.STERADIAN.)SOLID_ANGLE_UNIT());
#1690=(LENGTH_UNIT()NAMED_UNIT(*)SI_UNIT(.MILLI.,.METRE.));
#1692=UNCERTAINTY_MEASURE_WITH_UNIT(LENGTH_MEASURE(0.000001000000000),#1690,'DISTANCE_ACCURACY_VALUE','');
#1694=(GEOMETRIC_REPRESENTATION_CONTEXT(3)GLOBAL_UNCERTAINTY_ASSIGNED_CONTEXT((#1692))GLOBAL_UNIT_ASSIGNED_CONTEXT((#1682,#1686,#1690))REPRESENTATION_CONTEXT('','3D'));
#1695=CARTESIAN_POINT('',(37.555027565189327,-0.974552824674566,1.600000000000000));
#1696=DIRECTION('',(1.0,0.0,0.0));
#1697=VECTOR('',#1696,2.500000000000000);
#1698=LINE('',#1695,#1697);
#1699=CARTESIAN_POINT('',(40.055027565189327,-0.974552824674566,1.600000000000000));
#1700=TRIMMED_CURVE('',#1698,(PARAMETER_VALUE(0.0),#1695),(PARAMETER_VALUE(1.0),#1699),.T.,.PARAMETER.);
#1701=STYLED_ITEM('',(#439),#1700);
#1702=MECHANICAL_DESIGN_GEOMETRIC_PRESENTATION_REPRESENTATION('',(#1701),#1694);
#1708=(NAMED_UNIT(*)PLANE_ANGLE_UNIT()SI_UNIT($,.RADIAN.));
#1709=DIMENSIONAL_EXPONENTS(0.0,0.0,0.0,0.0,0.0,0.0,0.0);
#1710=PLANE_ANGLE_MEASURE_WITH_UNIT(PLANE_ANGLE_MEASURE(0.017453292500000),#1708);
#1714=(CONVERSION_BASED_UNIT('DEGREE',#1710)NAMED_UNIT(#1709)PLANE_ANGLE_UNIT());
#1718=(NAMED_UNIT(*)SI_UNIT($,.STERADIAN.)SOLID_ANGLE_UNIT());
#1722=(LENGTH_UNIT()NAMED_UNIT(*)SI_UNIT(.MILLI.,.METRE.));
#1724=UNCERTAINTY_MEASURE_WITH_UNIT(LENGTH_MEASURE(0.000001000000000),#1722,'DISTANCE_ACCURACY_VALUE','');
#1726=(GEOMETRIC_REPRESENTATION_CONTEXT(3)GLOBAL_UNCERTAINTY_ASSIGNED_CONTEXT((#1724))GLOBAL_UNIT_ASSIGNED_CONTEXT((#1714,#1718,#1722))REPRESENTATION_CONTEXT('','3D'));
#1727=CARTESIAN_POINT('',(37.555027565189327,5.025447175325435,1.600000000000000));
#1728=DIRECTION('',(0.0,-1.0,0.0));
#1729=VECTOR('',#1728,6.000000000000001);
#1730=LINE('',#1727,#1729);
#1731=CARTESIAN_POINT('',(37.555027565189327,-0.974552824674566,1.600000000000000));
#1732=TRIMMED_CURVE('',#1730,(PARAMETER_VALUE(0.0),#1727),(PARAMETER_VALUE(1.0),#1731),.T.,.PARAMETER.);
#1733=STYLED_ITEM('',(#439),#1732);
#1734=MECHANICAL_DESIGN_GEOMETRIC_PRESENTATION_REPRESENTATION('',(#1733),#1726);
#1740=(NAMED_UNIT(*)PLANE_ANGLE_UNIT()SI_UNIT($,.RADIAN.));
#1741=DIMENSIONAL_EXPONENTS(0.0,0.0,0.0,0.0,0.0,0.0,0.0);
#1742=PLANE_ANGLE_MEASURE_WITH_UNIT(PLANE_ANGLE_MEASURE(0.017453292500000),#1740);
#1746=(CONVERSION_BASED_UNIT('DEGREE',#1742)NAMED_UNIT(#1741)PLANE_ANGLE_UNIT());
#1750=(NAMED_UNIT(*)SI_UNIT($,.STERADIAN.)SOLID_ANGLE_UNIT());
#1754=(LENGTH_UNIT()NAMED_UNIT(*)SI_UNIT(.MILLI.,.METRE.));
#1756=UNCERTAINTY_MEASURE_WITH_UNIT(LENGTH_MEASURE(0.000001000000000),#1754,'DISTANCE_ACCURACY_VALUE','');
#1758=(GEOMETRIC_REPRESENTATION_CONTEXT(3)GLOBAL_UNCERTAINTY_ASSIGNED_CONTEXT((#1756))GLOBAL_UNIT_ASSIGNED_CONTEXT((#1746,#1750,#1754))REPRESENTATION_CONTEXT('','3D'));
#1759=CARTESIAN_POINT('',(40.055027565189327,5.025447175325435,1.600000000000000));
#1760=DIRECTION('',(-1.0,0.0,0.0));
#1761=VECTOR('',#1760,2.500000000000000);
#1762=LINE('',#1759,#1761);
#1763=CARTESIAN_POINT('',(37.555027565189327,5.025447175325435,1.600000000000000));
#1764=TRIMMED_CURVE('',#1762,(PARAMETER_VALUE(0.0),#1759),(PARAMETER_VALUE(1.0),#1763),.T.,.PARAMETER.);
#1765=STYLED_ITEM('',(#439),#1764);
#1766=MECHANICAL_DESIGN_GEOMETRIC_PRESENTATION_REPRESENTATION('',(#1765),#1758);
#1772=(NAMED_UNIT(*)PLANE_ANGLE_UNIT()SI_UNIT($,.RADIAN.));
#1773=DIMENSIONAL_EXPONENTS(0.0,0.0,0.0,0.0,0.0,0.0,0.0);
#1774=PLANE_ANGLE_MEASURE_WITH_UNIT(PLANE_ANGLE_MEASURE(0.017453292500000),#1772);
#1778=(CONVERSION_BASED_UNIT('DEGREE',#1774)NAMED_UNIT(#1773)PLANE_ANGLE_UNIT());
#1782=(NAMED_UNIT(*)SI_UNIT($,.STERADIAN.)SOLID_ANGLE_UNIT());
#1786=(LENGTH_UNIT()NAMED_UNIT(*)SI_UNIT(.MILLI.,.METRE.));
#1788=UNCERTAINTY_MEASURE_WITH_UNIT(LENGTH_MEASURE(0.000001000000000),#1786,'DISTANCE_ACCURACY_VALUE','');
#1790=(GEOMETRIC_REPRESENTATION_CONTEXT(3)GLOBAL_UNCERTAINTY_ASSIGNED_CONTEXT((#1788))GLOBAL_UNIT_ASSIGNED_CONTEXT((#1778,#1782,#1786))REPRESENTATION_CONTEXT('','3D'));
#1791=CARTESIAN_POINT('',(40.055027565189327,6.525447175325434,1.600000000000000));
#1792=DIRECTION('',(0.0,-1.0,0.0));
#1793=VECTOR('',#1792,1.499999999999999);
#1794=LINE('',#1791,#1793);
#1795=CARTESIAN_POINT('',(40.055027565189327,5.025447175325435,1.600000000000000));
#1796=TRIMMED_CURVE('',#1794,(PARAMETER_VALUE(0.0),#1791),(PARAMETER_VALUE(1.0),#1795),.T.,.PARAMETER.);
#1797=STYLED_ITEM('',(#439),#1796);
#1798=MECHANICAL_DESIGN_GEOMETRIC_PRESENTATION_REPRESENTATION('',(#1797),#1790);
#1804=(NAMED_UNIT(*)PLANE_ANGLE_UNIT()SI_UNIT($,.RADIAN.));
#1805=DIMENSIONAL_EXPONENTS(0.0,0.0,0.0,0.0,0.0,0.0,0.0);
#1806=PLANE_ANGLE_MEASURE_WITH_UNIT(PLANE_ANGLE_MEASURE(0.017453292500000),#1804);
#1810=(CONVERSION_BASED_UNIT('DEGREE',#1806)NAMED_UNIT(#1805)PLANE_ANGLE_UNIT());
#1814=(NAMED_UNIT(*)SI_UNIT($,.STERADIAN.)SOLID_ANGLE_UNIT());
#1818=(LENGTH_UNIT()NAMED_UNIT(*)SI_UNIT(.MILLI.,.METRE.));
#1820=UNCERTAINTY_MEASURE_WITH_UNIT(LENGTH_MEASURE(0.000001000000000),#1818,'DISTANCE_ACCURACY_VALUE','');
#1822=(GEOMETRIC_REPRESENTATION_CONTEXT(3)GLOBAL_UNCERTAINTY_ASSIGNED_CONTEXT((#1820))GLOBAL_UNIT_ASSIGNED_CONTEXT((#1810,#1814,#1818))REPRESENTATION_CONTEXT('','3D'));
#1823=CARTESIAN_POINT('',(38.302516812013003,6.525447175325459,1.600000000000000));
#1824=DIRECTION('',(1.0,0.0,0.0));
#1825=VECTOR('',#1824,1.752510753176324);
#1826=LINE('',#1823,#1825);
#1827=CARTESIAN_POINT('',(40.055027565189327,6.525447175325434,1.600000000000000));
#1828=TRIMMED_CURVE('',#1826,(PARAMETER_VALUE(0.0),#1823),(PARAMETER_VALUE(1.0),#1827),.T.,.PARAMETER.);
#1829=STYLED_ITEM('',(#439),#1828);
#1830=MECHANICAL_DESIGN_GEOMETRIC_PRESENTATION_REPRESENTATION('',(#1829),#1822);
#1836=(NAMED_UNIT(*)PLANE_ANGLE_UNIT()SI_UNIT($,.RADIAN.));
#1837=DIMENSIONAL_EXPONENTS(0.0,0.0,0.0,0.0,0.0,0.0,0.0);
#1838=PLANE_ANGLE_MEASURE_WITH_UNIT(PLANE_ANGLE_MEASURE(0.017453292500000),#1836);
#1842=(CONVERSION_BASED_UNIT('DEGREE',#1838)NAMED_UNIT(#1837)PLANE_ANGLE_UNIT());
#1846=(NAMED_UNIT(*)SI_UNIT($,.STERADIAN.)SOLID_ANGLE_UNIT());
#1850=(LENGTH_UNIT()NAMED_UNIT(*)SI_UNIT(.MILLI.,.METRE.));
#1852=UNCERTAINTY_MEASURE_WITH_UNIT(LENGTH_MEASURE(0.000001000000000),#1850,'DISTANCE_ACCURACY_VALUE','');
#1854=(GEOMETRIC_REPRESENTATION_CONTEXT(3)GLOBAL_UNCERTAINTY_ASSIGNED_CONTEXT((#1852))GLOBAL_UNIT_ASSIGNED_CONTEXT((#1842,#1846,#1850))REPRESENTATION_CONTEXT('','3D'));
#1855=CARTESIAN_POINT('',(40.055027565189327,8.025447175325432,1.600000000000000));
#1856=DIRECTION('',(-1.0,0.0,0.0));
#1857=VECTOR('',#1856,1.752499836297083);
#1858=LINE('',#1855,#1857);
#1859=CARTESIAN_POINT('',(38.302527728892244,8.025447175325429,1.600000000000000));
#1860=TRIMMED_CURVE('',#1858,(PARAMETER_VALUE(0.0),#1855),(PARAMETER_VALUE(1.0),#1859),.T.,.PARAMETER.);
#1861=STYLED_ITEM('',(#439),#1860);
#1862=MECHANICAL_DESIGN_GEOMETRIC_PRESENTATION_REPRESENTATION('',(#1861),#1854);
#1868=(NAMED_UNIT(*)PLANE_ANGLE_UNIT()SI_UNIT($,.RADIAN.));
#1869=DIMENSIONAL_EXPONENTS(0.0,0.0,0.0,0.0,0.0,0.0,0.0);
#1870=PLANE_ANGLE_MEASURE_WITH_UNIT(PLANE_ANGLE_MEASURE(0.017453292500000),#1868);
#1874=(CONVERSION_BASED_UNIT('DEGREE',#1870)NAMED_UNIT(#1869)PLANE_ANGLE_UNIT());
#1878=(NAMED_UNIT(*)SI_UNIT($,.STERADIAN.)SOLID_ANGLE_UNIT());
#1882=(LENGTH_UNIT()NAMED_UNIT(*)SI_UNIT(.MILLI.,.METRE.));
#1884=UNCERTAINTY_MEASURE_WITH_UNIT(LENGTH_MEASURE(0.000001000000000),#1882,'DISTANCE_ACCURACY_VALUE','');
#1886=(GEOMETRIC_REPRESENTATION_CONTEXT(3)GLOBAL_UNCERTAINTY_ASSIGNED_CONTEXT((#1884))GLOBAL_UNIT_ASSIGNED_CONTEXT((#1874,#1878,#1882))REPRESENTATION_CONTEXT('','3D'));
#1887=CARTESIAN_POINT('',(40.055027565189327,9.525447175325432,1.600000000000000));
#1888=DIRECTION('',(0.0,-1.0,0.0));
#1889=VECTOR('',#1888,1.500000000000000);
#1890=LINE('',#1887,#1889);
#1891=CARTESIAN_POINT('',(40.055027565189327,8.025447175325432,1.600000000000000));
#1892=TRIMMED_CURVE('',#1890,(PARAMETER_VALUE(0.0),#1887),(PARAMETER_VALUE(1.0),#1891),.T.,.PARAMETER.);
#1893=STYLED_ITEM('',(#439),#1892);
#1894=MECHANICAL_DESIGN_GEOMETRIC_PRESENTATION_REPRESENTATION('',(#1893),#1886);
#1900=(NAMED_UNIT(*)PLANE_ANGLE_UNIT()SI_UNIT($,.RADIAN.));
#1901=DIMENSIONAL_EXPONENTS(0.0,0.0,0.0,0.0,0.0,0.0,0.0);
#1902=PLANE_ANGLE_MEASURE_WITH_UNIT(PLANE_ANGLE_MEASURE(0.017453292500000),#1900);
#1906=(CONVERSION_BASED_UNIT('DEGREE',#1902)NAMED_UNIT(#1901)PLANE_ANGLE_UNIT());
#1910=(NAMED_UNIT(*)SI_UNIT($,.STERADIAN.)SOLID_ANGLE_UNIT());
#1914=(LENGTH_UNIT()NAMED_UNIT(*)SI_UNIT(.MILLI.,.METRE.));
#1916=UNCERTAINTY_MEASURE_WITH_UNIT(LENGTH_MEASURE(0.000001000000000),#1914,'DISTANCE_ACCURACY_VALUE','');
#1918=(GEOMETRIC_REPRESENTATION_CONTEXT(3)GLOBAL_UNCERTAINTY_ASSIGNED_CONTEXT((#1916))GLOBAL_UNIT_ASSIGNED_CONTEXT((#1906,#1910,#1914))REPRESENTATION_CONTEXT('','3D'));
#1919=CARTESIAN_POINT('',(23.055027565189334,9.525447175325432,1.600000000000000));
#1920=DIRECTION('',(1.0,0.0,0.0));
#1921=VECTOR('',#1920,16.999999999999993);
#1922=LINE('',#1919,#1921);
#1923=CARTESIAN_POINT('',(40.055027565189327,9.525447175325432,1.600000000000000));
#1924=TRIMMED_CURVE('',#1922,(PARAMETER_VALUE(0.0),#1919),(PARAMETER_VALUE(1.0),#1923),.T.,.PARAMETER.);
#1925=STYLED_ITEM('',(#439),#1924);
#1926=MECHANICAL_DESIGN_GEOMETRIC_PRESENTATION_REPRESENTATION('',(#1925),#1918);
#1932=(NAMED_UNIT(*)PLANE_ANGLE_UNIT()SI_UNIT($,.RADIAN.));
#1933=DIMENSIONAL_EXPONENTS(0.0,0.0,0.0,0.0,0.0,0.0,0.0);
#1934=PLANE_ANGLE_MEASURE_WITH_UNIT(PLANE_ANGLE_MEASURE(0.017453292500000),#1932);
#1938=(CONVERSION_BASED_UNIT('DEGREE',#1934)NAMED_UNIT(#1933)PLANE_ANGLE_UNIT());
#1942=(NAMED_UNIT(*)SI_UNIT($,.STERADIAN.)SOLID_ANGLE_UNIT());
#1946=(LENGTH_UNIT()NAMED_UNIT(*)SI_UNIT(.MILLI.,.METRE.));
#1948=UNCERTAINTY_MEASURE_WITH_UNIT(LENGTH_MEASURE(0.000001000000000),#1946,'DISTANCE_ACCURACY_VALUE','');
#1950=(GEOMETRIC_REPRESENTATION_CONTEXT(3)GLOBAL_UNCERTAINTY_ASSIGNED_CONTEXT((#1948))GLOBAL_UNIT_ASSIGNED_CONTEXT((#1938,#1942,#1946))REPRESENTATION_CONTEXT('','3D'));
#1951=CARTESIAN_POINT('',(-15.344972434810753,28.240730159367260,1.600000000000000));
#1952=DIRECTION('',(0.0,1.0,0.0));
#1953=VECTOR('',#1952,4.0);
#1954=LINE('',#1951,#1953);
#1955=CARTESIAN_POINT('',(-15.344972434810753,32.240730159367260,1.600000000000000));
#1956=TRIMMED_CURVE('',#1954,(PARAMETER_VALUE(0.0),#1951),(PARAMETER_VALUE(1.0),#1955),.T.,.PARAMETER.);
#1957=STYLED_ITEM('',(#439),#1956);
#1958=MECHANICAL_DESIGN_GEOMETRIC_PRESENTATION_REPRESENTATION('',(#1957),#1950);
#1964=(NAMED_UNIT(*)PLANE_ANGLE_UNIT()SI_UNIT($,.RADIAN.));
#1965=DIMENSIONAL_EXPONENTS(0.0,0.0,0.0,0.0,0.0,0.0,0.0);
#1966=PLANE_ANGLE_MEASURE_WITH_UNIT(PLANE_ANGLE_MEASURE(0.017453292500000),#1964);
#1970=(CONVERSION_BASED_UNIT('DEGREE',#1966)NAMED_UNIT(#1965)PLANE_ANGLE_UNIT());
#1974=(NAMED_UNIT(*)SI_UNIT($,.STERADIAN.)SOLID_ANGLE_UNIT());
#1978=(LENGTH_UNIT()NAMED_UNIT(*)SI_UNIT(.MILLI.,.METRE.));
#1980=UNCERTAINTY_MEASURE_WITH_UNIT(LENGTH_MEASURE(0.000001000000000),#1978,'DISTANCE_ACCURACY_VALUE','');
#1982=(GEOMETRIC_REPRESENTATION_CONTEXT(3)GLOBAL_UNCERTAINTY_ASSIGNED_CONTEXT((#1980))GLOBAL_UNIT_ASSIGNED_CONTEXT((#1970,#1974,#1978))REPRESENTATION_CONTEXT('','3D'));
#1983=CARTESIAN_POINT('',(-6.844972434810757,28.240730159367260,1.600000000000000));
#1984=DIRECTION('',(-1.0,0.0,0.0));
#1985=VECTOR('',#1984,8.499999999999996);
#1986=LINE('',#1983,#1985);
#1987=CARTESIAN_POINT('',(-15.344972434810753,28.240730159367260,1.600000000000000));
#1988=TRIMMED_CURVE('',#1986,(PARAMETER_VALUE(0.0),#1983),(PARAMETER_VALUE(1.0),#1987),.T.,.PARAMETER.);
#1989=STYLED_ITEM('',(#439),#1988);
#1990=MECHANICAL_DESIGN_GEOMETRIC_PRESENTATION_REPRESENTATION('',(#1989),#1982);
#1996=(NAMED_UNIT(*)PLANE_ANGLE_UNIT()SI_UNIT($,.RADIAN.));
#1997=DIMENSIONAL_EXPONENTS(0.0,0.0,0.0,0.0,0.0,0.0,0.0);
#1998=PLANE_ANGLE_MEASURE_WITH_UNIT(PLANE_ANGLE_MEASURE(0.017453292500000),#1996);
#2002=(CONVERSION_BASED_UNIT('DEGREE',#1998)NAMED_UNIT(#1997)PLANE_ANGLE_UNIT());
#2006=(NAMED_UNIT(*)SI_UNIT($,.STERADIAN.)SOLID_ANGLE_UNIT());
#2010=(LENGTH_UNIT()NAMED_UNIT(*)SI_UNIT(.MILLI.,.METRE.));
#2012=UNCERTAINTY_MEASURE_WITH_UNIT(LENGTH_MEASURE(0.000001000000000),#2010,'DISTANCE_ACCURACY_VALUE','');
#2014=(GEOMETRIC_REPRESENTATION_CONTEXT(3)GLOBAL_UNCERTAINTY_ASSIGNED_CONTEXT((#2012))GLOBAL_UNIT_ASSIGNED_CONTEXT((#2002,#2006,#2010))REPRESENTATION_CONTEXT('','3D'));
#2015=CARTESIAN_POINT('',(-6.844972434810757,32.240730159367260,1.600000000000000));
#2016=DIRECTION('',(0.0,-1.0,0.0));
#2017=VECTOR('',#2016,4.000000000000004);
#2018=LINE('',#2015,#2017);
#2019=CARTESIAN_POINT('',(-6.844972434810757,28.240730159367256,1.600000000000000));
#2020=TRIMMED_CURVE('',#2018,(PARAMETER_VALUE(0.0),#2015),(PARAMETER_VALUE(1.0),#2019),.T.,.PARAMETER.);
#2021=STYLED_ITEM('',(#439),#2020);
#2022=MECHANICAL_DESIGN_GEOMETRIC_PRESENTATION_REPRESENTATION('',(#2021),#2014);
#2028=(NAMED_UNIT(*)PLANE_ANGLE_UNIT()SI_UNIT($,.RADIAN.));
#2029=DIMENSIONAL_EXPONENTS(0.0,0.0,0.0,0.0,0.0,0.0,0.0);
#2030=PLANE_ANGLE_MEASURE_WITH_UNIT(PLANE_ANGLE_MEASURE(0.017453292500000),#2028);
#2034=(CONVERSION_BASED_UNIT('DEGREE',#2030)NAMED_UNIT(#2029)PLANE_ANGLE_UNIT());
#2038=(NAMED_UNIT(*)SI_UNIT($,.STERADIAN.)SOLID_ANGLE_UNIT());
#2042=(LENGTH_UNIT()NAMED_UNIT(*)SI_UNIT(.MILLI.,.METRE.));
#2044=UNCERTAINTY_MEASURE_WITH_UNIT(LENGTH_MEASURE(0.000001000000000),#2042,'DISTANCE_ACCURACY_VALUE','');
#2046=(GEOMETRIC_REPRESENTATION_CONTEXT(3)GLOBAL_UNCERTAINTY_ASSIGNED_CONTEXT((#2044))GLOBAL_UNIT_ASSIGNED_CONTEXT((#2034,#2038,#2042))REPRESENTATION_CONTEXT('','3D'));
#2047=CARTESIAN_POINT('',(-15.344972434810753,32.240730159367260,1.600000000000000));
#2048=DIRECTION('',(1.0,0.0,0.0));
#2049=VECTOR('',#2048,8.499999999999996);
#2050=LINE('',#2047,#2049);
#2051=CARTESIAN_POINT('',(-6.844972434810757,32.240730159367260,1.600000000000000));
#2052=TRIMMED_CURVE('',#2050,(PARAMETER_VALUE(0.0),#2047),(PARAMETER_VALUE(1.0),#2051),.T.,.PARAMETER.);
#2053=STYLED_ITEM('',(#439),#2052);
#2054=MECHANICAL_DESIGN_GEOMETRIC_PRESENTATION_REPRESENTATION('',(#2053),#2046);
#2060=(NAMED_UNIT(*)PLANE_ANGLE_UNIT()SI_UNIT($,.RADIAN.));
#2061=DIMENSIONAL_EXPONENTS(0.0,0.0,0.0,0.0,0.0,0.0,0.0);
#2062=PLANE_ANGLE_MEASURE_WITH_UNIT(PLANE_ANGLE_MEASURE(0.017453292500000),#2060);
#2066=(CONVERSION_BASED_UNIT('DEGREE',#2062)NAMED_UNIT(#2061)PLANE_ANGLE_UNIT());
#2070=(NAMED_UNIT(*)SI_UNIT($,.STERADIAN.)SOLID_ANGLE_UNIT());
#2074=(LENGTH_UNIT()NAMED_UNIT(*)SI_UNIT(.MILLI.,.METRE.));
#2076=UNCERTAINTY_MEASURE_WITH_UNIT(LENGTH_MEASURE(0.000001000000000),#2074,'DISTANCE_ACCURACY_VALUE','');
#2078=(GEOMETRIC_REPRESENTATION_CONTEXT(3)GLOBAL_UNCERTAINTY_ASSIGNED_CONTEXT((#2076))GLOBAL_UNIT_ASSIGNED_CONTEXT((#2066,#2070,#2074))REPRESENTATION_CONTEXT('','3D'));
#2079=CARTESIAN_POINT('',(-15.344972434810753,14.733661023251239,1.600000000000000));
#2080=DIRECTION('',(0.0,-1.0,0.0));
#2081=VECTOR('',#2080,4.000000000000002);
#2082=LINE('',#2079,#2081);
#2083=CARTESIAN_POINT('',(-15.344972434810753,10.733661023251237,1.600000000000000));
#2084=TRIMMED_CURVE('',#2082,(PARAMETER_VALUE(0.0),#2079),(PARAMETER_VALUE(1.0),#2083),.T.,.PARAMETER.);
#2085=STYLED_ITEM('',(#439),#2084);
#2086=MECHANICAL_DESIGN_GEOMETRIC_PRESENTATION_REPRESENTATION('',(#2085),#2078);
#2092=(NAMED_UNIT(*)PLANE_ANGLE_UNIT()SI_UNIT($,.RADIAN.));
#2093=DIMENSIONAL_EXPONENTS(0.0,0.0,0.0,0.0,0.0,0.0,0.0);
#2094=PLANE_ANGLE_MEASURE_WITH_UNIT(PLANE_ANGLE_MEASURE(0.017453292500000),#2092);
#2098=(CONVERSION_BASED_UNIT('DEGREE',#2094)NAMED_UNIT(#2093)PLANE_ANGLE_UNIT());
#2102=(NAMED_UNIT(*)SI_UNIT($,.STERADIAN.)SOLID_ANGLE_UNIT());
#2106=(LENGTH_UNIT()NAMED_UNIT(*)SI_UNIT(.MILLI.,.METRE.));
#2108=UNCERTAINTY_MEASURE_WITH_UNIT(LENGTH_MEASURE(0.000001000000000),#2106,'DISTANCE_ACCURACY_VALUE','');
#2110=(GEOMETRIC_REPRESENTATION_CONTEXT(3)GLOBAL_UNCERTAINTY_ASSIGNED_CONTEXT((#2108))GLOBAL_UNIT_ASSIGNED_CONTEXT((#2098,#2102,#2106))REPRESENTATION_CONTEXT('','3D'));
#2111=CARTESIAN_POINT('',(-6.844972434810757,14.733661023251239,1.600000000000000));
#2112=DIRECTION('',(-1.0,0.0,0.0));
#2113=VECTOR('',#2112,8.499999999999996);
#2114=LINE('',#2111,#2113);
#2115=CARTESIAN_POINT('',(-15.344972434810753,14.733661023251239,1.600000000000000));
#2116=TRIMMED_CURVE('',#2114,(PARAMETER_VALUE(0.0),#2111),(PARAMETER_VALUE(1.0),#2115),.T.,.PARAMETER.);
#2117=STYLED_ITEM('',(#439),#2116);
#2118=MECHANICAL_DESIGN_GEOMETRIC_PRESENTATION_REPRESENTATION('',(#2117),#2110);
#2124=(NAMED_UNIT(*)PLANE_ANGLE_UNIT()SI_UNIT($,.RADIAN.));
#2125=DIMENSIONAL_EXPONENTS(0.0,0.0,0.0,0.0,0.0,0.0,0.0);
#2126=PLANE_ANGLE_MEASURE_WITH_UNIT(PLANE_ANGLE_MEASURE(0.017453292500000),#2124);
#2130=(CONVERSION_BASED_UNIT('DEGREE',#2126)NAMED_UNIT(#2125)PLANE_ANGLE_UNIT());
#2134=(NAMED_UNIT(*)SI_UNIT($,.STERADIAN.)SOLID_ANGLE_UNIT());
#2138=(LENGTH_UNIT()NAMED_UNIT(*)SI_UNIT(.MILLI.,.METRE.));
#2140=UNCERTAINTY_MEASURE_WITH_UNIT(LENGTH_MEASURE(0.000001000000000),#2138,'DISTANCE_ACCURACY_VALUE','');
#2142=(GEOMETRIC_REPRESENTATION_CONTEXT(3)GLOBAL_UNCERTAINTY_ASSIGNED_CONTEXT((#2140))GLOBAL_UNIT_ASSIGNED_CONTEXT((#2130,#2134,#2138))REPRESENTATION_CONTEXT('','3D'));
#2143=CARTESIAN_POINT('',(-6.844972434810757,10.733661023251237,1.600000000000000));
#2144=DIRECTION('',(0.0,1.0,0.0));
#2145=VECTOR('',#2144,4.000000000000002);
#2146=LINE('',#2143,#2145);
#2147=CARTESIAN_POINT('',(-6.844972434810757,14.733661023251239,1.600000000000000));
#2148=TRIMMED_CURVE('',#2146,(PARAMETER_VALUE(0.0),#2143),(PARAMETER_VALUE(1.0),#2147),.T.,.PARAMETER.);
#2149=STYLED_ITEM('',(#439),#2148);
#2150=MECHANICAL_DESIGN_GEOMETRIC_PRESENTATION_REPRESENTATION('',(#2149),#2142);
#2156=(NAMED_UNIT(*)PLANE_ANGLE_UNIT()SI_UNIT($,.RADIAN.));
#2157=DIMENSIONAL_EXPONENTS(0.0,0.0,0.0,0.0,0.0,0.0,0.0);
#2158=PLANE_ANGLE_MEASURE_WITH_UNIT(PLANE_ANGLE_MEASURE(0.017453292500000),#2156);
#2162=(CONVERSION_BASED_UNIT('DEGREE',#2158)NAMED_UNIT(#2157)PLANE_ANGLE_UNIT());
#2166=(NAMED_UNIT(*)SI_UNIT($,.STERADIAN.)SOLID_ANGLE_UNIT());
#2170=(LENGTH_UNIT()NAMED_UNIT(*)SI_UNIT(.MILLI.,.METRE.));
#2172=UNCERTAINTY_MEASURE_WITH_UNIT(LENGTH_MEASURE(0.000001000000000),#2170,'DISTANCE_ACCURACY_VALUE','');
#2174=(GEOMETRIC_REPRESENTATION_CONTEXT(3)GLOBAL_UNCERTAINTY_ASSIGNED_CONTEXT((#2172))GLOBAL_UNIT_ASSIGNED_CONTEXT((#2162,#2166,#2170))REPRESENTATION_CONTEXT('','3D'));
#2175=CARTESIAN_POINT('',(-15.344972434810753,10.733661023251237,1.600000000000000));
#2176=DIRECTION('',(1.0,0.0,0.0));
#2177=VECTOR('',#2176,8.499999999999996);
#2178=LINE('',#2175,#2177);
#2179=CARTESIAN_POINT('',(-6.844972434810757,10.733661023251237,1.600000000000000));
#2180=TRIMMED_CURVE('',#2178,(PARAMETER_VALUE(0.0),#2175),(PARAMETER_VALUE(1.0),#2179),.T.,.PARAMETER.);
#2181=STYLED_ITEM('',(#439),#2180);
#2182=MECHANICAL_DESIGN_GEOMETRIC_PRESENTATION_REPRESENTATION('',(#2181),#2174);
#2188=(NAMED_UNIT(*)PLANE_ANGLE_UNIT()SI_UNIT($,.RADIAN.));
#2189=DIMENSIONAL_EXPONENTS(0.0,0.0,0.0,0.0,0.0,0.0,0.0);
#2190=PLANE_ANGLE_MEASURE_WITH_UNIT(PLANE_ANGLE_MEASURE(0.017453292500000),#2188);
#2194=(CONVERSION_BASED_UNIT('DEGREE',#2190)NAMED_UNIT(#2189)PLANE_ANGLE_UNIT());
#2198=(NAMED_UNIT(*)SI_UNIT($,.STERADIAN.)SOLID_ANGLE_UNIT());
#2202=(LENGTH_UNIT()NAMED_UNIT(*)SI_UNIT(.MILLI.,.METRE.));
#2204=UNCERTAINTY_MEASURE_WITH_UNIT(LENGTH_MEASURE(0.000001000000000),#2202,'DISTANCE_ACCURACY_VALUE','');
#2206=(GEOMETRIC_REPRESENTATION_CONTEXT(3)GLOBAL_UNCERTAINTY_ASSIGNED_CONTEXT((#2204))GLOBAL_UNIT_ASSIGNED_CONTEXT((#2194,#2198,#2202))REPRESENTATION_CONTEXT('','3D'));
#2207=CARTESIAN_POINT('',(24.055027500956960,41.575447239558599,1.600000000000000));
#2208=DIRECTION('',(0.0,0.0,1.0));
#2209=DIRECTION('',(1.0,0.0,0.0));
#2210=AXIS2_PLACEMENT_3D('',#2207,#2208,#2209);
#2211=CIRCLE('',#2210,0.999999935767626);
#2212=CARTESIAN_POINT('',(24.055027500956960,42.575447175326225,1.600000000000000));
#2213=CARTESIAN_POINT('',(23.055027565189334,41.575447239558599,1.600000000000000));
#2214=TRIMMED_CURVE('',#2211,(PARAMETER_VALUE(90.0),#2212),(PARAMETER_VALUE(180.0),#2213),.T.,.PARAMETER.);
#2215=STYLED_ITEM('',(#439),#2214);
#2216=MECHANICAL_DESIGN_GEOMETRIC_PRESENTATION_REPRESENTATION('',(#2215),#2206);
#2222=(NAMED_UNIT(*)PLANE_ANGLE_UNIT()SI_UNIT($,.RADIAN.));
#2223=DIMENSIONAL_EXPONENTS(0.0,0.0,0.0,0.0,0.0,0.0,0.0);
#2224=PLANE_ANGLE_MEASURE_WITH_UNIT(PLANE_ANGLE_MEASURE(0.017453292500000),#2222);
#2228=(CONVERSION_BASED_UNIT('DEGREE',#2224)NAMED_UNIT(#2223)PLANE_ANGLE_UNIT());
#2232=(NAMED_UNIT(*)SI_UNIT($,.STERADIAN.)SOLID_ANGLE_UNIT());
#2236=(LENGTH_UNIT()NAMED_UNIT(*)SI_UNIT(.MILLI.,.METRE.));
#2238=UNCERTAINTY_MEASURE_WITH_UNIT(LENGTH_MEASURE(0.000001000000000),#2236,'DISTANCE_ACCURACY_VALUE','');
#2240=(GEOMETRIC_REPRESENTATION_CONTEXT(3)GLOBAL_UNCERTAINTY_ASSIGNED_CONTEXT((#2238))GLOBAL_UNIT_ASSIGNED_CONTEXT((#2228,#2232,#2236))REPRESENTATION_CONTEXT('','3D'));
#2241=CARTESIAN_POINT('',(51.055027629422369,41.575447239558549,1.600000000000000));
#2242=DIRECTION('',(0.0,0.0,1.0));
#2243=DIRECTION('',(1.0,0.0,0.0));
#2244=AXIS2_PLACEMENT_3D('',#2241,#2242,#2243);
#2245=CIRCLE('',#2244,0.999999935766939);
#2246=CARTESIAN_POINT('',(52.055027565189306,41.575447175325465,1.600000000000000));
#2247=CARTESIAN_POINT('',(51.055027565189356,42.575447175325486,1.600000000000000));
#2248=TRIMMED_CURVE('',#2245,(PARAMETER_VALUE(359.999996319715310),#2246),(PARAMETER_VALUE(90.000003680280614),#2247),.T.,.PARAMETER.);
#2249=STYLED_ITEM('',(#439),#2248);
#2250=MECHANICAL_DESIGN_GEOMETRIC_PRESENTATION_REPRESENTATION('',(#2249),#2240);
#2256=(NAMED_UNIT(*)PLANE_ANGLE_UNIT()SI_UNIT($,.RADIAN.));
#2257=DIMENSIONAL_EXPONENTS(0.0,0.0,0.0,0.0,0.0,0.0,0.0);
#2258=PLANE_ANGLE_MEASURE_WITH_UNIT(PLANE_ANGLE_MEASURE(0.017453292500000),#2256);
#2262=(CONVERSION_BASED_UNIT('DEGREE',#2258)NAMED_UNIT(#2257)PLANE_ANGLE_UNIT());
#2266=(NAMED_UNIT(*)SI_UNIT($,.STERADIAN.)SOLID_ANGLE_UNIT());
#2270=(LENGTH_UNIT()NAMED_UNIT(*)SI_UNIT(.MILLI.,.METRE.));
#2272=UNCERTAINTY_MEASURE_WITH_UNIT(LENGTH_MEASURE(0.000001000000000),#2270,'DISTANCE_ACCURACY_VALUE','');
#2274=(GEOMETRIC_REPRESENTATION_CONTEXT(3)GLOBAL_UNCERTAINTY_ASSIGNED_CONTEXT((#2272))GLOBAL_UNIT_ASSIGNED_CONTEXT((#2262,#2266,#2270))REPRESENTATION_CONTEXT('','3D'));
#2275=CARTESIAN_POINT('',(52.055027565189235,13.575447175325426,1.600000000000000));
#2276=DIRECTION('',(0.0,1.0,0.0));
#2277=VECTOR('',#2276,28.000000000000039);
#2278=LINE('',#2275,#2277);
#2279=CARTESIAN_POINT('',(52.055027565189306,41.575447175325465,1.600000000000000));
#2280=TRIMMED_CURVE('',#2278,(PARAMETER_VALUE(0.0),#2275),(PARAMETER_VALUE(1.0),#2279),.T.,.PARAMETER.);
#2281=STYLED_ITEM('',(#439),#2280);
#2282=MECHANICAL_DESIGN_GEOMETRIC_PRESENTATION_REPRESENTATION('',(#2281),#2274);
#2288=(NAMED_UNIT(*)PLANE_ANGLE_UNIT()SI_UNIT($,.RADIAN.));
#2289=DIMENSIONAL_EXPONENTS(0.0,0.0,0.0,0.0,0.0,0.0,0.0);
#2290=PLANE_ANGLE_MEASURE_WITH_UNIT(PLANE_ANGLE_MEASURE(0.017453292500000),#2288);
#2294=(CONVERSION_BASED_UNIT('DEGREE',#2290)NAMED_UNIT(#2289)PLANE_ANGLE_UNIT());
#2298=(NAMED_UNIT(*)SI_UNIT($,.STERADIAN.)SOLID_ANGLE_UNIT());
#2302=(LENGTH_UNIT()NAMED_UNIT(*)SI_UNIT(.MILLI.,.METRE.));
#2304=UNCERTAINTY_MEASURE_WITH_UNIT(LENGTH_MEASURE(0.000001000000000),#2302,'DISTANCE_ACCURACY_VALUE','');
#2306=(GEOMETRIC_REPRESENTATION_CONTEXT(3)GLOBAL_UNCERTAINTY_ASSIGNED_CONTEXT((#2304))GLOBAL_UNIT_ASSIGNED_CONTEXT((#2294,#2298,#2302))REPRESENTATION_CONTEXT('','3D'));
#2307=CARTESIAN_POINT('',(51.055027629422405,13.575447111092252,1.600000000000000));
#2308=DIRECTION('',(0.0,0.0,1.0));
#2309=DIRECTION('',(1.0,0.0,0.0));
#2310=AXIS2_PLACEMENT_3D('',#2307,#2308,#2309);
#2311=CIRCLE('',#2310,0.999999935766825);
#2312=CARTESIAN_POINT('',(51.055027565189356,12.575447175325429,1.600000000000000));
#2313=CARTESIAN_POINT('',(52.055027565189228,13.575447175325428,1.600000000000000));
#2314=TRIMMED_CURVE('',#2311,(PARAMETER_VALUE(269.999996319717300),#2312),(PARAMETER_VALUE(0.000003680290049),#2313),.T.,.PARAMETER.);
#2315=STYLED_ITEM('',(#439),#2314);
#2316=MECHANICAL_DESIGN_GEOMETRIC_PRESENTATION_REPRESENTATION('',(#2315),#2306);
#2322=(NAMED_UNIT(*)PLANE_ANGLE_UNIT()SI_UNIT($,.RADIAN.));
#2323=DIMENSIONAL_EXPONENTS(0.0,0.0,0.0,0.0,0.0,0.0,0.0);
#2324=PLANE_ANGLE_MEASURE_WITH_UNIT(PLANE_ANGLE_MEASURE(0.017453292500000),#2322);
#2328=(CONVERSION_BASED_UNIT('DEGREE',#2324)NAMED_UNIT(#2323)PLANE_ANGLE_UNIT());
#2332=(NAMED_UNIT(*)SI_UNIT($,.STERADIAN.)SOLID_ANGLE_UNIT());
#2336=(LENGTH_UNIT()NAMED_UNIT(*)SI_UNIT(.MILLI.,.METRE.));
#2338=UNCERTAINTY_MEASURE_WITH_UNIT(LENGTH_MEASURE(0.000001000000000),#2336,'DISTANCE_ACCURACY_VALUE','');
#2340=(GEOMETRIC_REPRESENTATION_CONTEXT(3)GLOBAL_UNCERTAINTY_ASSIGNED_CONTEXT((#2338))GLOBAL_UNIT_ASSIGNED_CONTEXT((#2328,#2332,#2336))REPRESENTATION_CONTEXT('','3D'));
#2341=CARTESIAN_POINT('',(26.087487565189118,12.575447175325429,1.600000000000000));
#2342=DIRECTION('',(1.0,0.0,0.0));
#2343=VECTOR('',#2342,24.967540000000245);
#2344=LINE('',#2341,#2343);
#2345=CARTESIAN_POINT('',(51.055027565189363,12.575447175325429,1.600000000000000));
#2346=TRIMMED_CURVE('',#2344,(PARAMETER_VALUE(0.0),#2341),(PARAMETER_VALUE(1.0),#2345),.T.,.PARAMETER.);
#2347=STYLED_ITEM('',(#439),#2346);
#2348=MECHANICAL_DESIGN_GEOMETRIC_PRESENTATION_REPRESENTATION('',(#2347),#2340);
#2354=(NAMED_UNIT(*)PLANE_ANGLE_UNIT()SI_UNIT($,.RADIAN.));
#2355=DIMENSIONAL_EXPONENTS(0.0,0.0,0.0,0.0,0.0,0.0,0.0);
#2356=PLANE_ANGLE_MEASURE_WITH_UNIT(PLANE_ANGLE_MEASURE(0.017453292500000),#2354);
#2360=(CONVERSION_BASED_UNIT('DEGREE',#2356)NAMED_UNIT(#2355)PLANE_ANGLE_UNIT());
#2364=(NAMED_UNIT(*)SI_UNIT($,.STERADIAN.)SOLID_ANGLE_UNIT());
#2368=(LENGTH_UNIT()NAMED_UNIT(*)SI_UNIT(.MILLI.,.METRE.));
#2370=UNCERTAINTY_MEASURE_WITH_UNIT(LENGTH_MEASURE(0.000001000000000),#2368,'DISTANCE_ACCURACY_VALUE','');
#2372=(GEOMETRIC_REPRESENTATION_CONTEXT(3)GLOBAL_UNCERTAINTY_ASSIGNED_CONTEXT((#2370))GLOBAL_UNIT_ASSIGNED_CONTEXT((#2360,#2364,#2368))REPRESENTATION_CONTEXT('','3D'));
#2373=CARTESIAN_POINT('',(27.555027565190251,38.075447175325465,1.600000000000000));
#2374=DIRECTION('',(0.0,-1.0,0.0));
#2375=VECTOR('',#2374,21.000000000000032);
#2376=LINE('',#2373,#2375);
#2377=CARTESIAN_POINT('',(27.555027565189327,17.075447175325433,1.600000000000000));
#2378=TRIMMED_CURVE('',#2376,(PARAMETER_VALUE(0.0),#2373),(PARAMETER_VALUE(1.0),#2377),.T.,.PARAMETER.);
#2379=STYLED_ITEM('',(#439),#2378);
#2380=MECHANICAL_DESIGN_GEOMETRIC_PRESENTATION_REPRESENTATION('',(#2379),#2372);
#2386=(NAMED_UNIT(*)PLANE_ANGLE_UNIT()SI_UNIT($,.RADIAN.));
#2387=DIMENSIONAL_EXPONENTS(0.0,0.0,0.0,0.0,0.0,0.0,0.0);
#2388=PLANE_ANGLE_MEASURE_WITH_UNIT(PLANE_ANGLE_MEASURE(0.017453292500000),#2386);
#2392=(CONVERSION_BASED_UNIT('DEGREE',#2388)NAMED_UNIT(#2387)PLANE_ANGLE_UNIT());
#2396=(NAMED_UNIT(*)SI_UNIT($,.STERADIAN.)SOLID_ANGLE_UNIT());
#2400=(LENGTH_UNIT()NAMED_UNIT(*)SI_UNIT(.MILLI.,.METRE.));
#2402=UNCERTAINTY_MEASURE_WITH_UNIT(LENGTH_MEASURE(0.000001000000000),#2400,'DISTANCE_ACCURACY_VALUE','');
#2404=(GEOMETRIC_REPRESENTATION_CONTEXT(3)GLOBAL_UNCERTAINTY_ASSIGNED_CONTEXT((#2402))GLOBAL_UNIT_ASSIGNED_CONTEXT((#2392,#2396,#2400))REPRESENTATION_CONTEXT('','3D'));
#2405=CARTESIAN_POINT('',(83.505027565189238,7.799043143919429,1.600000000000000));
#2406=DIRECTION('',(-1.0,0.0,0.0));
#2407=VECTOR('',#2406,1.000000000000014);
#2408=LINE('',#2405,#2407);
#2409=CARTESIAN_POINT('',(82.505027565189224,7.799043143919429,1.600000000000000));
#2410=TRIMMED_CURVE('',#2408,(PARAMETER_VALUE(0.0),#2405),(PARAMETER_VALUE(1.0),#2409),.T.,.PARAMETER.);
#2411=STYLED_ITEM('',(#439),#2410);
#2412=MECHANICAL_DESIGN_GEOMETRIC_PRESENTATION_REPRESENTATION('',(#2411),#2404);
#2418=(NAMED_UNIT(*)PLANE_ANGLE_UNIT()SI_UNIT($,.RADIAN.));
#2419=DIMENSIONAL_EXPONENTS(0.0,0.0,0.0,0.0,0.0,0.0,0.0);
#2420=PLANE_ANGLE_MEASURE_WITH_UNIT(PLANE_ANGLE_MEASURE(0.017453292500000),#2418);
#2424=(CONVERSION_BASED_UNIT('DEGREE',#2420)NAMED_UNIT(#2419)PLANE_ANGLE_UNIT());
#2428=(NAMED_UNIT(*)SI_UNIT($,.STERADIAN.)SOLID_ANGLE_UNIT());
#2432=(LENGTH_UNIT()NAMED_UNIT(*)SI_UNIT(.MILLI.,.METRE.));
#2434=UNCERTAINTY_MEASURE_WITH_UNIT(LENGTH_MEASURE(0.000001000000000),#2432,'DISTANCE_ACCURACY_VALUE','');
#2436=(GEOMETRIC_REPRESENTATION_CONTEXT(3)GLOBAL_UNCERTAINTY_ASSIGNED_CONTEXT((#2434))GLOBAL_UNIT_ASSIGNED_CONTEXT((#2424,#2428,#2432))REPRESENTATION_CONTEXT('','3D'));
#2437=CARTESIAN_POINT('',(83.505027565189238,8.799043143919427,1.600000000000000));
#2438=DIRECTION('',(0.0,-1.0,0.0));
#2439=VECTOR('',#2438,0.999999999999998);
#2440=LINE('',#2437,#2439);
#2441=CARTESIAN_POINT('',(83.505027565189238,7.799043143919429,1.600000000000000));
#2442=TRIMMED_CURVE('',#2440,(PARAMETER_VALUE(0.0),#2437),(PARAMETER_VALUE(1.0),#2441),.T.,.PARAMETER.);
#2443=STYLED_ITEM('',(#439),#2442);
#2444=MECHANICAL_DESIGN_GEOMETRIC_PRESENTATION_REPRESENTATION('',(#2443),#2436);
#2450=(NAMED_UNIT(*)PLANE_ANGLE_UNIT()SI_UNIT($,.RADIAN.));
#2451=DIMENSIONAL_EXPONENTS(0.0,0.0,0.0,0.0,0.0,0.0,0.0);
#2452=PLANE_ANGLE_MEASURE_WITH_UNIT(PLANE_ANGLE_MEASURE(0.017453292500000),#2450);
#2456=(CONVERSION_BASED_UNIT('DEGREE',#2452)NAMED_UNIT(#2451)PLANE_ANGLE_UNIT());
#2460=(NAMED_UNIT(*)SI_UNIT($,.STERADIAN.)SOLID_ANGLE_UNIT());
#2464=(LENGTH_UNIT()NAMED_UNIT(*)SI_UNIT(.MILLI.,.METRE.));
#2466=UNCERTAINTY_MEASURE_WITH_UNIT(LENGTH_MEASURE(0.000001000000000),#2464,'DISTANCE_ACCURACY_VALUE','');
#2468=(GEOMETRIC_REPRESENTATION_CONTEXT(3)GLOBAL_UNCERTAINTY_ASSIGNED_CONTEXT((#2466))GLOBAL_UNIT_ASSIGNED_CONTEXT((#2456,#2460,#2464))REPRESENTATION_CONTEXT('','3D'));
#2469=CARTESIAN_POINT('',(82.505027565189238,8.799043143919427,1.600000000000000));
#2470=DIRECTION('',(1.0,0.0,0.0));
#2471=VECTOR('',#2470,1.000000000000014);
#2472=LINE('',#2469,#2471);
#2473=CARTESIAN_POINT('',(83.505027565189252,8.799043143919427,1.600000000000000));
#2474=TRIMMED_CURVE('',#2472,(PARAMETER_VALUE(0.0),#2469),(PARAMETER_VALUE(1.0),#2473),.T.,.PARAMETER.);
#2475=STYLED_ITEM('',(#439),#2474);
#2476=MECHANICAL_DESIGN_GEOMETRIC_PRESENTATION_REPRESENTATION('',(#2475),#2468);
#2482=(NAMED_UNIT(*)PLANE_ANGLE_UNIT()SI_UNIT($,.RADIAN.));
#2483=DIMENSIONAL_EXPONENTS(0.0,0.0,0.0,0.0,0.0,0.0,0.0);
#2484=PLANE_ANGLE_MEASURE_WITH_UNIT(PLANE_ANGLE_MEASURE(0.017453292500000),#2482);
#2488=(CONVERSION_BASED_UNIT('DEGREE',#2484)NAMED_UNIT(#2483)PLANE_ANGLE_UNIT());
#2492=(NAMED_UNIT(*)SI_UNIT($,.STERADIAN.)SOLID_ANGLE_UNIT());
#2496=(LENGTH_UNIT()NAMED_UNIT(*)SI_UNIT(.MILLI.,.METRE.));
#2498=UNCERTAINTY_MEASURE_WITH_UNIT(LENGTH_MEASURE(0.000001000000000),#2496,'DISTANCE_ACCURACY_VALUE','');
#2500=(GEOMETRIC_REPRESENTATION_CONTEXT(3)GLOBAL_UNCERTAINTY_ASSIGNED_CONTEXT((#2498))GLOBAL_UNIT_ASSIGNED_CONTEXT((#2488,#2492,#2496))REPRESENTATION_CONTEXT('','3D'));
#2501=CARTESIAN_POINT('',(82.505027565189238,7.799043143919429,1.600000000000000));
#2502=DIRECTION('',(0.0,1.0,0.0));
#2503=VECTOR('',#2502,0.999999999999998);
#2504=LINE('',#2501,#2503);
#2505=CARTESIAN_POINT('',(82.505027565189238,8.799043143919427,1.600000000000000));
#2506=TRIMMED_CURVE('',#2504,(PARAMETER_VALUE(0.0),#2501),(PARAMETER_VALUE(1.0),#2505),.T.,.PARAMETER.);
#2507=STYLED_ITEM('',(#439),#2506);
#2508=MECHANICAL_DESIGN_GEOMETRIC_PRESENTATION_REPRESENTATION('',(#2507),#2500);
#2514=(NAMED_UNIT(*)PLANE_ANGLE_UNIT()SI_UNIT($,.RADIAN.));
#2515=DIMENSIONAL_EXPONENTS(0.0,0.0,0.0,0.0,0.0,0.0,0.0);
#2516=PLANE_ANGLE_MEASURE_WITH_UNIT(PLANE_ANGLE_MEASURE(0.017453292500000),#2514);
#2520=(CONVERSION_BASED_UNIT('DEGREE',#2516)NAMED_UNIT(#2515)PLANE_ANGLE_UNIT());
#2524=(NAMED_UNIT(*)SI_UNIT($,.STERADIAN.)SOLID_ANGLE_UNIT());
#2528=(LENGTH_UNIT()NAMED_UNIT(*)SI_UNIT(.MILLI.,.METRE.));
#2530=UNCERTAINTY_MEASURE_WITH_UNIT(LENGTH_MEASURE(0.000001000000000),#2528,'DISTANCE_ACCURACY_VALUE','');
#2532=(GEOMETRIC_REPRESENTATION_CONTEXT(3)GLOBAL_UNCERTAINTY_ASSIGNED_CONTEXT((#2530))GLOBAL_UNIT_ASSIGNED_CONTEXT((#2520,#2524,#2528))REPRESENTATION_CONTEXT('','3D'));
#2533=CARTESIAN_POINT('',(83.505027565189238,11.759043143919421,1.600000000000000));
#2534=DIRECTION('',(-1.0,0.0,0.0));
#2535=VECTOR('',#2534,1.000000000000014);
#2536=LINE('',#2533,#2535);
#2537=CARTESIAN_POINT('',(82.505027565189224,11.759043143919421,1.600000000000000));
#2538=TRIMMED_CURVE('',#2536,(PARAMETER_VALUE(0.0),#2533),(PARAMETER_VALUE(1.0),#2537),.T.,.PARAMETER.);
#2539=STYLED_ITEM('',(#439),#2538);
#2540=MECHANICAL_DESIGN_GEOMETRIC_PRESENTATION_REPRESENTATION('',(#2539),#2532);
#2546=(NAMED_UNIT(*)PLANE_ANGLE_UNIT()SI_UNIT($,.RADIAN.));
#2547=DIMENSIONAL_EXPONENTS(0.0,0.0,0.0,0.0,0.0,0.0,0.0);
#2548=PLANE_ANGLE_MEASURE_WITH_UNIT(PLANE_ANGLE_MEASURE(0.017453292500000),#2546);
#2552=(CONVERSION_BASED_UNIT('DEGREE',#2548)NAMED_UNIT(#2547)PLANE_ANGLE_UNIT());
#2556=(NAMED_UNIT(*)SI_UNIT($,.STERADIAN.)SOLID_ANGLE_UNIT());
#2560=(LENGTH_UNIT()NAMED_UNIT(*)SI_UNIT(.MILLI.,.METRE.));
#2562=UNCERTAINTY_MEASURE_WITH_UNIT(LENGTH_MEASURE(0.000001000000000),#2560,'DISTANCE_ACCURACY_VALUE','');
#2564=(GEOMETRIC_REPRESENTATION_CONTEXT(3)GLOBAL_UNCERTAINTY_ASSIGNED_CONTEXT((#2562))GLOBAL_UNIT_ASSIGNED_CONTEXT((#2552,#2556,#2560))REPRESENTATION_CONTEXT('','3D'));
#2565=CARTESIAN_POINT('',(83.505027565189238,12.759043143919422,1.600000000000000));
#2566=DIRECTION('',(0.0,-1.0,0.0));
#2567=VECTOR('',#2566,1.000000000000002);
#2568=LINE('',#2565,#2567);
#2569=CARTESIAN_POINT('',(83.505027565189238,11.759043143919421,1.600000000000000));
#2570=TRIMMED_CURVE('',#2568,(PARAMETER_VALUE(0.0),#2565),(PARAMETER_VALUE(1.0),#2569),.T.,.PARAMETER.);
#2571=STYLED_ITEM('',(#439),#2570);
#2572=MECHANICAL_DESIGN_GEOMETRIC_PRESENTATION_REPRESENTATION('',(#2571),#2564);
#2578=(NAMED_UNIT(*)PLANE_ANGLE_UNIT()SI_UNIT($,.RADIAN.));
#2579=DIMENSIONAL_EXPONENTS(0.0,0.0,0.0,0.0,0.0,0.0,0.0);
#2580=PLANE_ANGLE_MEASURE_WITH_UNIT(PLANE_ANGLE_MEASURE(0.017453292500000),#2578);
#2584=(CONVERSION_BASED_UNIT('DEGREE',#2580)NAMED_UNIT(#2579)PLANE_ANGLE_UNIT());
#2588=(NAMED_UNIT(*)SI_UNIT($,.STERADIAN.)SOLID_ANGLE_UNIT());
#2592=(LENGTH_UNIT()NAMED_UNIT(*)SI_UNIT(.MILLI.,.METRE.));
#2594=UNCERTAINTY_MEASURE_WITH_UNIT(LENGTH_MEASURE(0.000001000000000),#2592,'DISTANCE_ACCURACY_VALUE','');
#2596=(GEOMETRIC_REPRESENTATION_CONTEXT(3)GLOBAL_UNCERTAINTY_ASSIGNED_CONTEXT((#2594))GLOBAL_UNIT_ASSIGNED_CONTEXT((#2584,#2588,#2592))REPRESENTATION_CONTEXT('','3D'));
#2597=CARTESIAN_POINT('',(82.505027565189238,12.759043143919422,1.600000000000000));
#2598=DIRECTION('',(1.0,0.0,0.0));
#2599=VECTOR('',#2598,1.000000000000014);
#2600=LINE('',#2597,#2599);
#2601=CARTESIAN_POINT('',(83.505027565189252,12.759043143919422,1.600000000000000));
#2602=TRIMMED_CURVE('',#2600,(PARAMETER_VALUE(0.0),#2597),(PARAMETER_VALUE(1.0),#2601),.T.,.PARAMETER.);
#2603=STYLED_ITEM('',(#439),#2602);
#2604=MECHANICAL_DESIGN_GEOMETRIC_PRESENTATION_REPRESENTATION('',(#2603),#2596);
#2610=(NAMED_UNIT(*)PLANE_ANGLE_UNIT()SI_UNIT($,.RADIAN.));
#2611=DIMENSIONAL_EXPONENTS(0.0,0.0,0.0,0.0,0.0,0.0,0.0);
#2612=PLANE_ANGLE_MEASURE_WITH_UNIT(PLANE_ANGLE_MEASURE(0.017453292500000),#2610);
#2616=(CONVERSION_BASED_UNIT('DEGREE',#2612)NAMED_UNIT(#2611)PLANE_ANGLE_UNIT());
#2620=(NAMED_UNIT(*)SI_UNIT($,.STERADIAN.)SOLID_ANGLE_UNIT());
#2624=(LENGTH_UNIT()NAMED_UNIT(*)SI_UNIT(.MILLI.,.METRE.));
#2626=UNCERTAINTY_MEASURE_WITH_UNIT(LENGTH_MEASURE(0.000001000000000),#2624,'DISTANCE_ACCURACY_VALUE','');
#2628=(GEOMETRIC_REPRESENTATION_CONTEXT(3)GLOBAL_UNCERTAINTY_ASSIGNED_CONTEXT((#2626))GLOBAL_UNIT_ASSIGNED_CONTEXT((#2616,#2620,#2624))REPRESENTATION_CONTEXT('','3D'));
#2629=CARTESIAN_POINT('',(82.505027565189238,11.759043143919421,1.600000000000000));
#2630=DIRECTION('',(0.0,1.0,0.0));
#2631=VECTOR('',#2630,1.0);
#2632=LINE('',#2629,#2631);
#2633=CARTESIAN_POINT('',(82.505027565189238,12.759043143919421,1.600000000000000));
#2634=TRIMMED_CURVE('',#2632,(PARAMETER_VALUE(0.0),#2629),(PARAMETER_VALUE(1.0),#2633),.T.,.PARAMETER.);
#2635=STYLED_ITEM('',(#439),#2634);
#2636=MECHANICAL_DESIGN_GEOMETRIC_PRESENTATION_REPRESENTATION('',(#2635),#2628);
#2642=(NAMED_UNIT(*)PLANE_ANGLE_UNIT()SI_UNIT($,.RADIAN.));
#2643=DIMENSIONAL_EXPONENTS(0.0,0.0,0.0,0.0,0.0,0.0,0.0);
#2644=PLANE_ANGLE_MEASURE_WITH_UNIT(PLANE_ANGLE_MEASURE(0.017453292500000),#2642);
#2648=(CONVERSION_BASED_UNIT('DEGREE',#2644)NAMED_UNIT(#2643)PLANE_ANGLE_UNIT());
#2652=(NAMED_UNIT(*)SI_UNIT($,.STERADIAN.)SOLID_ANGLE_UNIT());
#2656=(LENGTH_UNIT()NAMED_UNIT(*)SI_UNIT(.MILLI.,.METRE.));
#2658=UNCERTAINTY_MEASURE_WITH_UNIT(LENGTH_MEASURE(0.000001000000000),#2656,'DISTANCE_ACCURACY_VALUE','');
#2660=(GEOMETRIC_REPRESENTATION_CONTEXT(3)GLOBAL_UNCERTAINTY_ASSIGNED_CONTEXT((#2658))GLOBAL_UNIT_ASSIGNED_CONTEXT((#2648,#2652,#2656))REPRESENTATION_CONTEXT('','3D'));
#2661=CARTESIAN_POINT('',(83.505027565189238,15.719043143919421,1.600000000000000));
#2662=DIRECTION('',(-1.0,0.0,0.0));
#2663=VECTOR('',#2662,1.000000000000014);
#2664=LINE('',#2661,#2663);
#2665=CARTESIAN_POINT('',(82.505027565189224,15.719043143919421,1.600000000000000));
#2666=TRIMMED_CURVE('',#2664,(PARAMETER_VALUE(0.0),#2661),(PARAMETER_VALUE(1.0),#2665),.T.,.PARAMETER.);
#2667=STYLED_ITEM('',(#439),#2666);
#2668=MECHANICAL_DESIGN_GEOMETRIC_PRESENTATION_REPRESENTATION('',(#2667),#2660);
#2674=(NAMED_UNIT(*)PLANE_ANGLE_UNIT()SI_UNIT($,.RADIAN.));
#2675=DIMENSIONAL_EXPONENTS(0.0,0.0,0.0,0.0,0.0,0.0,0.0);
#2676=PLANE_ANGLE_MEASURE_WITH_UNIT(PLANE_ANGLE_MEASURE(0.017453292500000),#2674);
#2680=(CONVERSION_BASED_UNIT('DEGREE',#2676)NAMED_UNIT(#2675)PLANE_ANGLE_UNIT());
#2684=(NAMED_UNIT(*)SI_UNIT($,.STERADIAN.)SOLID_ANGLE_UNIT());
#2688=(LENGTH_UNIT()NAMED_UNIT(*)SI_UNIT(.MILLI.,.METRE.));
#2690=UNCERTAINTY_MEASURE_WITH_UNIT(LENGTH_MEASURE(0.000001000000000),#2688,'DISTANCE_ACCURACY_VALUE','');
#2692=(GEOMETRIC_REPRESENTATION_CONTEXT(3)GLOBAL_UNCERTAINTY_ASSIGNED_CONTEXT((#2690))GLOBAL_UNIT_ASSIGNED_CONTEXT((#2680,#2684,#2688))REPRESENTATION_CONTEXT('','3D'));
#2693=CARTESIAN_POINT('',(83.505027565189238,16.719043143919421,1.600000000000000));
#2694=DIRECTION('',(0.0,-1.0,0.0));
#2695=VECTOR('',#2694,1.0);
#2696=LINE('',#2693,#2695);
#2697=CARTESIAN_POINT('',(83.505027565189238,15.719043143919421,1.600000000000000));
#2698=TRIMMED_CURVE('',#2696,(PARAMETER_VALUE(0.0),#2693),(PARAMETER_VALUE(1.0),#2697),.T.,.PARAMETER.);
#2699=STYLED_ITEM('',(#439),#2698);
#2700=MECHANICAL_DESIGN_GEOMETRIC_PRESENTATION_REPRESENTATION('',(#2699),#2692);
#2706=(NAMED_UNIT(*)PLANE_ANGLE_UNIT()SI_UNIT($,.RADIAN.));
#2707=DIMENSIONAL_EXPONENTS(0.0,0.0,0.0,0.0,0.0,0.0,0.0);
#2708=PLANE_ANGLE_MEASURE_WITH_UNIT(PLANE_ANGLE_MEASURE(0.017453292500000),#2706);
#2712=(CONVERSION_BASED_UNIT('DEGREE',#2708)NAMED_UNIT(#2707)PLANE_ANGLE_UNIT());
#2716=(NAMED_UNIT(*)SI_UNIT($,.STERADIAN.)SOLID_ANGLE_UNIT());
#2720=(LENGTH_UNIT()NAMED_UNIT(*)SI_UNIT(.MILLI.,.METRE.));
#2722=UNCERTAINTY_MEASURE_WITH_UNIT(LENGTH_MEASURE(0.000001000000000),#2720,'DISTANCE_ACCURACY_VALUE','');
#2724=(GEOMETRIC_REPRESENTATION_CONTEXT(3)GLOBAL_UNCERTAINTY_ASSIGNED_CONTEXT((#2722))GLOBAL_UNIT_ASSIGNED_CONTEXT((#2712,#2716,#2720))REPRESENTATION_CONTEXT('','3D'));
#2725=CARTESIAN_POINT('',(82.505027565189238,16.719043143919421,1.600000000000000));
#2726=DIRECTION('',(1.0,0.0,0.0));
#2727=VECTOR('',#2726,1.000000000000014);
#2728=LINE('',#2725,#2727);
#2729=CARTESIAN_POINT('',(83.505027565189252,16.719043143919421,1.600000000000000));
#2730=TRIMMED_CURVE('',#2728,(PARAMETER_VALUE(0.0),#2725),(PARAMETER_VALUE(1.0),#2729),.T.,.PARAMETER.);
#2731=STYLED_ITEM('',(#439),#2730);
#2732=MECHANICAL_DESIGN_GEOMETRIC_PRESENTATION_REPRESENTATION('',(#2731),#2724);
#2738=(NAMED_UNIT(*)PLANE_ANGLE_UNIT()SI_UNIT($,.RADIAN.));
#2739=DIMENSIONAL_EXPONENTS(0.0,0.0,0.0,0.0,0.0,0.0,0.0);
#2740=PLANE_ANGLE_MEASURE_WITH_UNIT(PLANE_ANGLE_MEASURE(0.017453292500000),#2738);
#2744=(CONVERSION_BASED_UNIT('DEGREE',#2740)NAMED_UNIT(#2739)PLANE_ANGLE_UNIT());
#2748=(NAMED_UNIT(*)SI_UNIT($,.STERADIAN.)SOLID_ANGLE_UNIT());
#2752=(LENGTH_UNIT()NAMED_UNIT(*)SI_UNIT(.MILLI.,.METRE.));
#2754=UNCERTAINTY_MEASURE_WITH_UNIT(LENGTH_MEASURE(0.000001000000000),#2752,'DISTANCE_ACCURACY_VALUE','');
#2756=(GEOMETRIC_REPRESENTATION_CONTEXT(3)GLOBAL_UNCERTAINTY_ASSIGNED_CONTEXT((#2754))GLOBAL_UNIT_ASSIGNED_CONTEXT((#2744,#2748,#2752))REPRESENTATION_CONTEXT('','3D'));
#2757=CARTESIAN_POINT('',(82.505027565189238,15.719043143919421,1.600000000000000));
#2758=DIRECTION('',(0.0,1.0,0.0));
#2759=VECTOR('',#2758,1.0);
#2760=LINE('',#2757,#2759);
#2761=CARTESIAN_POINT('',(82.505027565189238,16.719043143919421,1.600000000000000));
#2762=TRIMMED_CURVE('',#2760,(PARAMETER_VALUE(0.0),#2757),(PARAMETER_VALUE(1.0),#2761),.T.,.PARAMETER.);
#2763=STYLED_ITEM('',(#439),#2762);
#2764=MECHANICAL_DESIGN_GEOMETRIC_PRESENTATION_REPRESENTATION('',(#2763),#2756);
#2770=(NAMED_UNIT(*)PLANE_ANGLE_UNIT()SI_UNIT($,.RADIAN.));
#2771=DIMENSIONAL_EXPONENTS(0.0,0.0,0.0,0.0,0.0,0.0,0.0);
#2772=PLANE_ANGLE_MEASURE_WITH_UNIT(PLANE_ANGLE_MEASURE(0.017453292500000),#2770);
#2776=(CONVERSION_BASED_UNIT('DEGREE',#2772)NAMED_UNIT(#2771)PLANE_ANGLE_UNIT());
#2780=(NAMED_UNIT(*)SI_UNIT($,.STERADIAN.)SOLID_ANGLE_UNIT());
#2784=(LENGTH_UNIT()NAMED_UNIT(*)SI_UNIT(.MILLI.,.METRE.));
#2786=UNCERTAINTY_MEASURE_WITH_UNIT(LENGTH_MEASURE(0.000001000000000),#2784,'DISTANCE_ACCURACY_VALUE','');
#2788=(GEOMETRIC_REPRESENTATION_CONTEXT(3)GLOBAL_UNCERTAINTY_ASSIGNED_CONTEXT((#2786))GLOBAL_UNIT_ASSIGNED_CONTEXT((#2776,#2780,#2784))REPRESENTATION_CONTEXT('','3D'));
#2789=CARTESIAN_POINT('',(86.005027565189238,3.349043143919452,1.600000000000000));
#2790=DIRECTION('',(-1.0,0.0,0.0));
#2791=VECTOR('',#2790,1.200000000000046);
#2792=LINE('',#2789,#2791);
#2793=CARTESIAN_POINT('',(84.805027565189192,3.349043143919452,1.600000000000000));
#2794=TRIMMED_CURVE('',#2792,(PARAMETER_VALUE(0.0),#2789),(PARAMETER_VALUE(1.0),#2793),.T.,.PARAMETER.);
#2795=STYLED_ITEM('',(#439),#2794);
#2796=MECHANICAL_DESIGN_GEOMETRIC_PRESENTATION_REPRESENTATION('',(#2795),#2788);
#2802=(NAMED_UNIT(*)PLANE_ANGLE_UNIT()SI_UNIT($,.RADIAN.));
#2803=DIMENSIONAL_EXPONENTS(0.0,0.0,0.0,0.0,0.0,0.0,0.0);
#2804=PLANE_ANGLE_MEASURE_WITH_UNIT(PLANE_ANGLE_MEASURE(0.017453292500000),#2802);
#2808=(CONVERSION_BASED_UNIT('DEGREE',#2804)NAMED_UNIT(#2803)PLANE_ANGLE_UNIT());
#2812=(NAMED_UNIT(*)SI_UNIT($,.STERADIAN.)SOLID_ANGLE_UNIT());
#2816=(LENGTH_UNIT()NAMED_UNIT(*)SI_UNIT(.MILLI.,.METRE.));
#2818=UNCERTAINTY_MEASURE_WITH_UNIT(LENGTH_MEASURE(0.000001000000000),#2816,'DISTANCE_ACCURACY_VALUE','');
#2820=(GEOMETRIC_REPRESENTATION_CONTEXT(3)GLOBAL_UNCERTAINTY_ASSIGNED_CONTEXT((#2818))GLOBAL_UNIT_ASSIGNED_CONTEXT((#2808,#2812,#2816))REPRESENTATION_CONTEXT('','3D'));
#2821=CARTESIAN_POINT('',(86.005027565189238,17.109043143919408,1.600000000000000));
#2822=DIRECTION('',(0.0,-1.0,0.0));
#2823=VECTOR('',#2822,13.759999999999955);
#2824=LINE('',#2821,#2823);
#2825=CARTESIAN_POINT('',(86.005027565189238,3.349043143919452,1.600000000000000));
#2826=TRIMMED_CURVE('',#2824,(PARAMETER_VALUE(0.0),#2821),(PARAMETER_VALUE(1.0),#2825),.T.,.PARAMETER.);
#2827=STYLED_ITEM('',(#439),#2826);
#2828=MECHANICAL_DESIGN_GEOMETRIC_PRESENTATION_REPRESENTATION('',(#2827),#2820);
#2834=(NAMED_UNIT(*)PLANE_ANGLE_UNIT()SI_UNIT($,.RADIAN.));
#2835=DIMENSIONAL_EXPONENTS(0.0,0.0,0.0,0.0,0.0,0.0,0.0);
#2836=PLANE_ANGLE_MEASURE_WITH_UNIT(PLANE_ANGLE_MEASURE(0.017453292500000),#2834);
#2840=(CONVERSION_BASED_UNIT('DEGREE',#2836)NAMED_UNIT(#2835)PLANE_ANGLE_UNIT());
#2844=(NAMED_UNIT(*)SI_UNIT($,.STERADIAN.)SOLID_ANGLE_UNIT());
#2848=(LENGTH_UNIT()NAMED_UNIT(*)SI_UNIT(.MILLI.,.METRE.));
#2850=UNCERTAINTY_MEASURE_WITH_UNIT(LENGTH_MEASURE(0.000001000000000),#2848,'DISTANCE_ACCURACY_VALUE','');
#2852=(GEOMETRIC_REPRESENTATION_CONTEXT(3)GLOBAL_UNCERTAINTY_ASSIGNED_CONTEXT((#2850))GLOBAL_UNIT_ASSIGNED_CONTEXT((#2840,#2844,#2848))REPRESENTATION_CONTEXT('','3D'));
#2853=CARTESIAN_POINT('',(84.805027565189192,17.109043143919408,1.600000000000000));
#2854=DIRECTION('',(1.0,0.0,0.0));
#2855=VECTOR('',#2854,1.200000000000046);
#2856=LINE('',#2853,#2855);
#2857=CARTESIAN_POINT('',(86.005027565189238,17.109043143919408,1.600000000000000));
#2858=TRIMMED_CURVE('',#2856,(PARAMETER_VALUE(0.0),#2853),(PARAMETER_VALUE(1.0),#2857),.T.,.PARAMETER.);
#2859=STYLED_ITEM('',(#439),#2858);
#2860=MECHANICAL_DESIGN_GEOMETRIC_PRESENTATION_REPRESENTATION('',(#2859),#2852);
#2866=(NAMED_UNIT(*)PLANE_ANGLE_UNIT()SI_UNIT($,.RADIAN.));
#2867=DIMENSIONAL_EXPONENTS(0.0,0.0,0.0,0.0,0.0,0.0,0.0);
#2868=PLANE_ANGLE_MEASURE_WITH_UNIT(PLANE_ANGLE_MEASURE(0.017453292500000),#2866);
#2872=(CONVERSION_BASED_UNIT('DEGREE',#2868)NAMED_UNIT(#2867)PLANE_ANGLE_UNIT());
#2876=(NAMED_UNIT(*)SI_UNIT($,.STERADIAN.)SOLID_ANGLE_UNIT());
#2880=(LENGTH_UNIT()NAMED_UNIT(*)SI_UNIT(.MILLI.,.METRE.));
#2882=UNCERTAINTY_MEASURE_WITH_UNIT(LENGTH_MEASURE(0.000001000000000),#2880,'DISTANCE_ACCURACY_VALUE','');
#2884=(GEOMETRIC_REPRESENTATION_CONTEXT(3)GLOBAL_UNCERTAINTY_ASSIGNED_CONTEXT((#2882))GLOBAL_UNIT_ASSIGNED_CONTEXT((#2872,#2876,#2880))REPRESENTATION_CONTEXT('','3D'));
#2885=CARTESIAN_POINT('',(84.805027565189192,3.349043143919452,1.600000000000000));
#2886=DIRECTION('',(0.0,1.0,0.0));
#2887=VECTOR('',#2886,13.759999999999955);
#2888=LINE('',#2885,#2887);
#2889=CARTESIAN_POINT('',(84.805027565189192,17.109043143919408,1.600000000000000));
#2890=TRIMMED_CURVE('',#2888,(PARAMETER_VALUE(0.0),#2885),(PARAMETER_VALUE(1.0),#2889),.T.,.PARAMETER.);
#2891=STYLED_ITEM('',(#439),#2890);
#2892=MECHANICAL_DESIGN_GEOMETRIC_PRESENTATION_REPRESENTATION('',(#2891),#2884);
#2898=(NAMED_UNIT(*)PLANE_ANGLE_UNIT()SI_UNIT($,.RADIAN.));
#2899=DIMENSIONAL_EXPONENTS(0.0,0.0,0.0,0.0,0.0,0.0,0.0);
#2900=PLANE_ANGLE_MEASURE_WITH_UNIT(PLANE_ANGLE_MEASURE(0.017453292500000),#2898);
#2904=(CONVERSION_BASED_UNIT('DEGREE',#2900)NAMED_UNIT(#2899)PLANE_ANGLE_UNIT());
#2908=(NAMED_UNIT(*)SI_UNIT($,.STERADIAN.)SOLID_ANGLE_UNIT());
#2912=(LENGTH_UNIT()NAMED_UNIT(*)SI_UNIT(.MILLI.,.METRE.));
#2914=UNCERTAINTY_MEASURE_WITH_UNIT(LENGTH_MEASURE(0.000001000000000),#2912,'DISTANCE_ACCURACY_VALUE','');
#2916=(GEOMETRIC_REPRESENTATION_CONTEXT(3)GLOBAL_UNCERTAINTY_ASSIGNED_CONTEXT((#2914))GLOBAL_UNIT_ASSIGNED_CONTEXT((#2904,#2908,#2912))REPRESENTATION_CONTEXT('','3D'));
#2917=CARTESIAN_POINT('',(83.505027565189238,3.839043143919461,1.600000000000000));
#2918=DIRECTION('',(-1.0,0.0,0.0));
#2919=VECTOR('',#2918,1.000000000000014);
#2920=LINE('',#2917,#2919);
#2921=CARTESIAN_POINT('',(82.505027565189224,3.839043143919461,1.600000000000000));
#2922=TRIMMED_CURVE('',#2920,(PARAMETER_VALUE(0.0),#2917),(PARAMETER_VALUE(1.0),#2921),.T.,.PARAMETER.);
#2923=STYLED_ITEM('',(#439),#2922);
#2924=MECHANICAL_DESIGN_GEOMETRIC_PRESENTATION_REPRESENTATION('',(#2923),#2916);
#2930=(NAMED_UNIT(*)PLANE_ANGLE_UNIT()SI_UNIT($,.RADIAN.));
#2931=DIMENSIONAL_EXPONENTS(0.0,0.0,0.0,0.0,0.0,0.0,0.0);
#2932=PLANE_ANGLE_MEASURE_WITH_UNIT(PLANE_ANGLE_MEASURE(0.017453292500000),#2930);
#2936=(CONVERSION_BASED_UNIT('DEGREE',#2932)NAMED_UNIT(#2931)PLANE_ANGLE_UNIT());
#2940=(NAMED_UNIT(*)SI_UNIT($,.STERADIAN.)SOLID_ANGLE_UNIT());
#2944=(LENGTH_UNIT()NAMED_UNIT(*)SI_UNIT(.MILLI.,.METRE.));
#2946=UNCERTAINTY_MEASURE_WITH_UNIT(LENGTH_MEASURE(0.000001000000000),#2944,'DISTANCE_ACCURACY_VALUE','');
#2948=(GEOMETRIC_REPRESENTATION_CONTEXT(3)GLOBAL_UNCERTAINTY_ASSIGNED_CONTEXT((#2946))GLOBAL_UNIT_ASSIGNED_CONTEXT((#2936,#2940,#2944))REPRESENTATION_CONTEXT('','3D'));
#2949=CARTESIAN_POINT('',(83.505027565189238,4.839043143919461,1.600000000000000));
#2950=DIRECTION('',(0.0,-1.0,0.0));
#2951=VECTOR('',#2950,1.000000000000001);
#2952=LINE('',#2949,#2951);
#2953=CARTESIAN_POINT('',(83.505027565189238,3.839043143919461,1.600000000000000));
#2954=TRIMMED_CURVE('',#2952,(PARAMETER_VALUE(0.0),#2949),(PARAMETER_VALUE(1.0),#2953),.T.,.PARAMETER.);
#2955=STYLED_ITEM('',(#439),#2954);
#2956=MECHANICAL_DESIGN_GEOMETRIC_PRESENTATION_REPRESENTATION('',(#2955),#2948);
#2962=(NAMED_UNIT(*)PLANE_ANGLE_UNIT()SI_UNIT($,.RADIAN.));
#2963=DIMENSIONAL_EXPONENTS(0.0,0.0,0.0,0.0,0.0,0.0,0.0);
#2964=PLANE_ANGLE_MEASURE_WITH_UNIT(PLANE_ANGLE_MEASURE(0.017453292500000),#2962);
#2968=(CONVERSION_BASED_UNIT('DEGREE',#2964)NAMED_UNIT(#2963)PLANE_ANGLE_UNIT());
#2972=(NAMED_UNIT(*)SI_UNIT($,.STERADIAN.)SOLID_ANGLE_UNIT());
#2976=(LENGTH_UNIT()NAMED_UNIT(*)SI_UNIT(.MILLI.,.METRE.));
#2978=UNCERTAINTY_MEASURE_WITH_UNIT(LENGTH_MEASURE(0.000001000000000),#2976,'DISTANCE_ACCURACY_VALUE','');
#2980=(GEOMETRIC_REPRESENTATION_CONTEXT(3)GLOBAL_UNCERTAINTY_ASSIGNED_CONTEXT((#2978))GLOBAL_UNIT_ASSIGNED_CONTEXT((#2968,#2972,#2976))REPRESENTATION_CONTEXT('','3D'));
#2981=CARTESIAN_POINT('',(82.505027565189238,4.839043143919461,1.600000000000000));
#2982=DIRECTION('',(1.0,0.0,0.0));
#2983=VECTOR('',#2982,1.000000000000014);
#2984=LINE('',#2981,#2983);
#2985=CARTESIAN_POINT('',(83.505027565189252,4.839043143919461,1.600000000000000));
#2986=TRIMMED_CURVE('',#2984,(PARAMETER_VALUE(0.0),#2981),(PARAMETER_VALUE(1.0),#2985),.T.,.PARAMETER.);
#2987=STYLED_ITEM('',(#439),#2986);
#2988=MECHANICAL_DESIGN_GEOMETRIC_PRESENTATION_REPRESENTATION('',(#2987),#2980);
#2994=(NAMED_UNIT(*)PLANE_ANGLE_UNIT()SI_UNIT($,.RADIAN.));
#2995=DIMENSIONAL_EXPONENTS(0.0,0.0,0.0,0.0,0.0,0.0,0.0);
#2996=PLANE_ANGLE_MEASURE_WITH_UNIT(PLANE_ANGLE_MEASURE(0.017453292500000),#2994);
#3000=(CONVERSION_BASED_UNIT('DEGREE',#2996)NAMED_UNIT(#2995)PLANE_ANGLE_UNIT());
#3004=(NAMED_UNIT(*)SI_UNIT($,.STERADIAN.)SOLID_ANGLE_UNIT());
#3008=(LENGTH_UNIT()NAMED_UNIT(*)SI_UNIT(.MILLI.,.METRE.));
#3010=UNCERTAINTY_MEASURE_WITH_UNIT(LENGTH_MEASURE(0.000001000000000),#3008,'DISTANCE_ACCURACY_VALUE','');
#3012=(GEOMETRIC_REPRESENTATION_CONTEXT(3)GLOBAL_UNCERTAINTY_ASSIGNED_CONTEXT((#3010))GLOBAL_UNIT_ASSIGNED_CONTEXT((#3000,#3004,#3008))REPRESENTATION_CONTEXT('','3D'));
#3013=CARTESIAN_POINT('',(82.505027565189238,3.839043143919461,1.600000000000000));
#3014=DIRECTION('',(0.0,1.0,0.0));
#3015=VECTOR('',#3014,1.000000000000001);
#3016=LINE('',#3013,#3015);
#3017=CARTESIAN_POINT('',(82.505027565189238,4.839043143919461,1.600000000000000));
#3018=TRIMMED_CURVE('',#3016,(PARAMETER_VALUE(0.0),#3013),(PARAMETER_VALUE(1.0),#3017),.T.,.PARAMETER.);
#3019=STYLED_ITEM('',(#439),#3018);
#3020=MECHANICAL_DESIGN_GEOMETRIC_PRESENTATION_REPRESENTATION('',(#3019),#3012);
#3026=(NAMED_UNIT(*)PLANE_ANGLE_UNIT()SI_UNIT($,.RADIAN.));
#3027=DIMENSIONAL_EXPONENTS(0.0,0.0,0.0,0.0,0.0,0.0,0.0);
#3028=PLANE_ANGLE_MEASURE_WITH_UNIT(PLANE_ANGLE_MEASURE(0.017453292500000),#3026);
#3032=(CONVERSION_BASED_UNIT('DEGREE',#3028)NAMED_UNIT(#3027)PLANE_ANGLE_UNIT());
#3036=(NAMED_UNIT(*)SI_UNIT($,.STERADIAN.)SOLID_ANGLE_UNIT());
#3040=(LENGTH_UNIT()NAMED_UNIT(*)SI_UNIT(.MILLI.,.METRE.));
#3042=UNCERTAINTY_MEASURE_WITH_UNIT(LENGTH_MEASURE(0.000001000000000),#3040,'DISTANCE_ACCURACY_VALUE','');
#3044=(GEOMETRIC_REPRESENTATION_CONTEXT(3)GLOBAL_UNCERTAINTY_ASSIGNED_CONTEXT((#3042))GLOBAL_UNIT_ASSIGNED_CONTEXT((#3032,#3036,#3040))REPRESENTATION_CONTEXT('','3D'));
#3045=CARTESIAN_POINT('',(85.205027565189198,3.149043143919492,1.600000000000000));
#3046=DIRECTION('',(0.0,0.0,1.0));
#3047=DIRECTION('',(1.0,0.0,0.0));
#3048=AXIS2_PLACEMENT_3D('',#3045,#3046,#3047);
#3049=CIRCLE('',#3048,0.800000000000040);
#3050=CARTESIAN_POINT('',(85.205027565189198,2.349043143919452,1.600000000000000));
#3051=CARTESIAN_POINT('',(86.005027565189238,3.149043143919492,1.600000000000000));
#3052=TRIMMED_CURVE('',#3049,(PARAMETER_VALUE(270.0),#3050),(PARAMETER_VALUE(360.0),#3051),.T.,.PARAMETER.);
#3053=STYLED_ITEM('',(#439),#3052);
#3054=MECHANICAL_DESIGN_GEOMETRIC_PRESENTATION_REPRESENTATION('',(#3053),#3044);
#3060=(NAMED_UNIT(*)PLANE_ANGLE_UNIT()SI_UNIT($,.RADIAN.));
#3061=DIMENSIONAL_EXPONENTS(0.0,0.0,0.0,0.0,0.0,0.0,0.0);
#3062=PLANE_ANGLE_MEASURE_WITH_UNIT(PLANE_ANGLE_MEASURE(0.017453292500000),#3060);
#3066=(CONVERSION_BASED_UNIT('DEGREE',#3062)NAMED_UNIT(#3061)PLANE_ANGLE_UNIT());
#3070=(NAMED_UNIT(*)SI_UNIT($,.STERADIAN.)SOLID_ANGLE_UNIT());
#3074=(LENGTH_UNIT()NAMED_UNIT(*)SI_UNIT(.MILLI.,.METRE.));
#3076=UNCERTAINTY_MEASURE_WITH_UNIT(LENGTH_MEASURE(0.000001000000000),#3074,'DISTANCE_ACCURACY_VALUE','');
#3078=(GEOMETRIC_REPRESENTATION_CONTEXT(3)GLOBAL_UNCERTAINTY_ASSIGNED_CONTEXT((#3076))GLOBAL_UNIT_ASSIGNED_CONTEXT((#3066,#3070,#3074))REPRESENTATION_CONTEXT('','3D'));
#3079=CARTESIAN_POINT('',(86.005027565189238,17.309043143919425,1.600000000000000));
#3080=DIRECTION('',(0.0,-1.0,0.0));
#3081=VECTOR('',#3080,14.159999999999933);
#3082=LINE('',#3079,#3081);
#3083=CARTESIAN_POINT('',(86.005027565189238,3.149043143919492,1.600000000000000));
#3084=TRIMMED_CURVE('',#3082,(PARAMETER_VALUE(0.0),#3079),(PARAMETER_VALUE(1.0),#3083),.T.,.PARAMETER.);
#3085=STYLED_ITEM('',(#439),#3084);
#3086=MECHANICAL_DESIGN_GEOMETRIC_PRESENTATION_REPRESENTATION('',(#3085),#3078);
#3092=(NAMED_UNIT(*)PLANE_ANGLE_UNIT()SI_UNIT($,.RADIAN.));
#3093=DIMENSIONAL_EXPONENTS(0.0,0.0,0.0,0.0,0.0,0.0,0.0);
#3094=PLANE_ANGLE_MEASURE_WITH_UNIT(PLANE_ANGLE_MEASURE(0.017453292500000),#3092);
#3098=(CONVERSION_BASED_UNIT('DEGREE',#3094)NAMED_UNIT(#3093)PLANE_ANGLE_UNIT());
#3102=(NAMED_UNIT(*)SI_UNIT($,.STERADIAN.)SOLID_ANGLE_UNIT());
#3106=(LENGTH_UNIT()NAMED_UNIT(*)SI_UNIT(.MILLI.,.METRE.));
#3108=UNCERTAINTY_MEASURE_WITH_UNIT(LENGTH_MEASURE(0.000001000000000),#3106,'DISTANCE_ACCURACY_VALUE','');
#3110=(GEOMETRIC_REPRESENTATION_CONTEXT(3)GLOBAL_UNCERTAINTY_ASSIGNED_CONTEXT((#3108))GLOBAL_UNIT_ASSIGNED_CONTEXT((#3098,#3102,#3106))REPRESENTATION_CONTEXT('','3D'));
#3111=CARTESIAN_POINT('',(85.205027565189212,17.309043143919396,1.600000000000000));
#3112=DIRECTION('',(0.0,0.0,1.0));
#3113=DIRECTION('',(1.0,0.0,0.0));
#3114=AXIS2_PLACEMENT_3D('',#3111,#3112,#3113);
#3115=CIRCLE('',#3114,0.800000000000040);
#3116=CARTESIAN_POINT('',(86.005027565189252,17.309043143919396,1.600000000000000));
#3117=CARTESIAN_POINT('',(85.205027565189212,18.109043143919436,1.600000000000000));
#3118=TRIMMED_CURVE('',#3115,(PARAMETER_VALUE(1.908333E-012),#3116),(PARAMETER_VALUE(90.0),#3117),.T.,.PARAMETER.);
#3119=STYLED_ITEM('',(#439),#3118);
#3120=MECHANICAL_DESIGN_GEOMETRIC_PRESENTATION_REPRESENTATION('',(#3119),#3110);
#3126=(NAMED_UNIT(*)PLANE_ANGLE_UNIT()SI_UNIT($,.RADIAN.));
#3127=DIMENSIONAL_EXPONENTS(0.0,0.0,0.0,0.0,0.0,0.0,0.0);
#3128=PLANE_ANGLE_MEASURE_WITH_UNIT(PLANE_ANGLE_MEASURE(0.017453292500000),#3126);
#3132=(CONVERSION_BASED_UNIT('DEGREE',#3128)NAMED_UNIT(#3127)PLANE_ANGLE_UNIT());
#3136=(NAMED_UNIT(*)SI_UNIT($,.STERADIAN.)SOLID_ANGLE_UNIT());
#3140=(LENGTH_UNIT()NAMED_UNIT(*)SI_UNIT(.MILLI.,.METRE.));
#3142=UNCERTAINTY_MEASURE_WITH_UNIT(LENGTH_MEASURE(0.000001000000000),#3140,'DISTANCE_ACCURACY_VALUE','');
#3144=(GEOMETRIC_REPRESENTATION_CONTEXT(3)GLOBAL_UNCERTAINTY_ASSIGNED_CONTEXT((#3142))GLOBAL_UNIT_ASSIGNED_CONTEXT((#3132,#3136,#3140))REPRESENTATION_CONTEXT('','3D'));
#3145=CARTESIAN_POINT('',(78.805027565189192,18.109043143919436,1.600000000000000));
#3146=DIRECTION('',(1.0,0.0,0.0));
#3147=VECTOR('',#3146,6.400000000000006);
#3148=LINE('',#3145,#3147);
#3149=CARTESIAN_POINT('',(85.205027565189198,18.109043143919440,1.600000000000000));
#3150=TRIMMED_CURVE('',#3148,(PARAMETER_VALUE(0.0),#3145),(PARAMETER_VALUE(1.0),#3149),.T.,.PARAMETER.);
#3151=STYLED_ITEM('',(#439),#3150);
#3152=MECHANICAL_DESIGN_GEOMETRIC_PRESENTATION_REPRESENTATION('',(#3151),#3144);
#3158=(NAMED_UNIT(*)PLANE_ANGLE_UNIT()SI_UNIT($,.RADIAN.));
#3159=DIMENSIONAL_EXPONENTS(0.0,0.0,0.0,0.0,0.0,0.0,0.0);
#3160=PLANE_ANGLE_MEASURE_WITH_UNIT(PLANE_ANGLE_MEASURE(0.017453292500000),#3158);
#3164=(CONVERSION_BASED_UNIT('DEGREE',#3160)NAMED_UNIT(#3159)PLANE_ANGLE_UNIT());
#3168=(NAMED_UNIT(*)SI_UNIT($,.STERADIAN.)SOLID_ANGLE_UNIT());
#3172=(LENGTH_UNIT()NAMED_UNIT(*)SI_UNIT(.MILLI.,.METRE.));
#3174=UNCERTAINTY_MEASURE_WITH_UNIT(LENGTH_MEASURE(0.000001000000000),#3172,'DISTANCE_ACCURACY_VALUE','');
#3176=(GEOMETRIC_REPRESENTATION_CONTEXT(3)GLOBAL_UNCERTAINTY_ASSIGNED_CONTEXT((#3174))GLOBAL_UNIT_ASSIGNED_CONTEXT((#3164,#3168,#3172))REPRESENTATION_CONTEXT('','3D'));
#3177=CARTESIAN_POINT('',(78.805027565189249,17.309043143919453,1.600000000000000));
#3178=DIRECTION('',(0.0,0.0,1.0));
#3179=DIRECTION('',(1.0,0.0,0.0));
#3180=AXIS2_PLACEMENT_3D('',#3177,#3178,#3179);
#3181=CIRCLE('',#3180,0.799999999999983);
#3182=CARTESIAN_POINT('',(78.805027565189249,18.109043143919436,1.600000000000000));
#3183=CARTESIAN_POINT('',(78.005027565189266,17.309043143919453,1.600000000000000));
#3184=TRIMMED_CURVE('',#3181,(PARAMETER_VALUE(90.0),#3182),(PARAMETER_VALUE(180.000000000001900),#3183),.T.,.PARAMETER.);
#3185=STYLED_ITEM('',(#439),#3184);
#3186=MECHANICAL_DESIGN_GEOMETRIC_PRESENTATION_REPRESENTATION('',(#3185),#3176);
#3192=(NAMED_UNIT(*)PLANE_ANGLE_UNIT()SI_UNIT($,.RADIAN.));
#3193=DIMENSIONAL_EXPONENTS(0.0,0.0,0.0,0.0,0.0,0.0,0.0);
#3194=PLANE_ANGLE_MEASURE_WITH_UNIT(PLANE_ANGLE_MEASURE(0.017453292500000),#3192);
#3198=(CONVERSION_BASED_UNIT('DEGREE',#3194)NAMED_UNIT(#3193)PLANE_ANGLE_UNIT());
#3202=(NAMED_UNIT(*)SI_UNIT($,.STERADIAN.)SOLID_ANGLE_UNIT());
#3206=(LENGTH_UNIT()NAMED_UNIT(*)SI_UNIT(.MILLI.,.METRE.));
#3208=UNCERTAINTY_MEASURE_WITH_UNIT(LENGTH_MEASURE(0.000001000000000),#3206,'DISTANCE_ACCURACY_VALUE','');
#3210=(GEOMETRIC_REPRESENTATION_CONTEXT(3)GLOBAL_UNCERTAINTY_ASSIGNED_CONTEXT((#3208))GLOBAL_UNIT_ASSIGNED_CONTEXT((#3198,#3202,#3206))REPRESENTATION_CONTEXT('','3D'));
#3211=CARTESIAN_POINT('',(78.005027565189266,3.149043143919466,1.600000000000000));
#3212=DIRECTION('',(0.0,1.0,0.0));
#3213=VECTOR('',#3212,14.159999999999959);
#3214=LINE('',#3211,#3213);
#3215=CARTESIAN_POINT('',(78.005027565189266,17.309043143919425,1.600000000000000));
#3216=TRIMMED_CURVE('',#3214,(PARAMETER_VALUE(0.0),#3211),(PARAMETER_VALUE(1.0),#3215),.T.,.PARAMETER.);
#3217=STYLED_ITEM('',(#439),#3216);
#3218=MECHANICAL_DESIGN_GEOMETRIC_PRESENTATION_REPRESENTATION('',(#3217),#3210);
#3224=(NAMED_UNIT(*)PLANE_ANGLE_UNIT()SI_UNIT($,.RADIAN.));
#3225=DIMENSIONAL_EXPONENTS(0.0,0.0,0.0,0.0,0.0,0.0,0.0);
#3226=PLANE_ANGLE_MEASURE_WITH_UNIT(PLANE_ANGLE_MEASURE(0.017453292500000),#3224);
#3230=(CONVERSION_BASED_UNIT('DEGREE',#3226)NAMED_UNIT(#3225)PLANE_ANGLE_UNIT());
#3234=(NAMED_UNIT(*)SI_UNIT($,.STERADIAN.)SOLID_ANGLE_UNIT());
#3238=(LENGTH_UNIT()NAMED_UNIT(*)SI_UNIT(.MILLI.,.METRE.));
#3240=UNCERTAINTY_MEASURE_WITH_UNIT(LENGTH_MEASURE(0.000001000000000),#3238,'DISTANCE_ACCURACY_VALUE','');
#3242=(GEOMETRIC_REPRESENTATION_CONTEXT(3)GLOBAL_UNCERTAINTY_ASSIGNED_CONTEXT((#3240))GLOBAL_UNIT_ASSIGNED_CONTEXT((#3230,#3234,#3238))REPRESENTATION_CONTEXT('','3D'));
#3243=CARTESIAN_POINT('',(78.805027565189249,3.149043143919434,1.600000000000000));
#3244=DIRECTION('',(0.0,0.0,1.0));
#3245=DIRECTION('',(1.0,0.0,0.0));
#3246=AXIS2_PLACEMENT_3D('',#3243,#3244,#3245);
#3247=CIRCLE('',#3246,0.799999999999983);
#3248=CARTESIAN_POINT('',(78.005027565189266,3.149043143919434,1.600000000000000));
#3249=CARTESIAN_POINT('',(78.805027565189249,2.349043143919452,1.600000000000000));
#3250=TRIMMED_CURVE('',#3247,(PARAMETER_VALUE(179.999999999997780),#3248),(PARAMETER_VALUE(270.0),#3249),.T.,.PARAMETER.);
#3251=STYLED_ITEM('',(#439),#3250);
#3252=MECHANICAL_DESIGN_GEOMETRIC_PRESENTATION_REPRESENTATION('',(#3251),#3242);
#3258=(NAMED_UNIT(*)PLANE_ANGLE_UNIT()SI_UNIT($,.RADIAN.));
#3259=DIMENSIONAL_EXPONENTS(0.0,0.0,0.0,0.0,0.0,0.0,0.0);
#3260=PLANE_ANGLE_MEASURE_WITH_UNIT(PLANE_ANGLE_MEASURE(0.017453292500000),#3258);
#3264=(CONVERSION_BASED_UNIT('DEGREE',#3260)NAMED_UNIT(#3259)PLANE_ANGLE_UNIT());
#3268=(NAMED_UNIT(*)SI_UNIT($,.STERADIAN.)SOLID_ANGLE_UNIT());
#3272=(LENGTH_UNIT()NAMED_UNIT(*)SI_UNIT(.MILLI.,.METRE.));
#3274=UNCERTAINTY_MEASURE_WITH_UNIT(LENGTH_MEASURE(0.000001000000000),#3272,'DISTANCE_ACCURACY_VALUE','');
#3276=(GEOMETRIC_REPRESENTATION_CONTEXT(3)GLOBAL_UNCERTAINTY_ASSIGNED_CONTEXT((#3274))GLOBAL_UNIT_ASSIGNED_CONTEXT((#3264,#3268,#3272))REPRESENTATION_CONTEXT('','3D'));
#3277=CARTESIAN_POINT('',(85.205027565189198,2.349043143919452,1.600000000000000));
#3278=DIRECTION('',(-1.0,0.0,0.0));
#3279=VECTOR('',#3278,6.400000000000006);
#3280=LINE('',#3277,#3279);
#3281=CARTESIAN_POINT('',(78.805027565189192,2.349043143919452,1.600000000000000));
#3282=TRIMMED_CURVE('',#3280,(PARAMETER_VALUE(0.0),#3277),(PARAMETER_VALUE(1.0),#3281),.T.,.PARAMETER.);
#3283=STYLED_ITEM('',(#439),#3282);
#3284=MECHANICAL_DESIGN_GEOMETRIC_PRESENTATION_REPRESENTATION('',(#3283),#3276);
#3290=(NAMED_UNIT(*)PLANE_ANGLE_UNIT()SI_UNIT($,.RADIAN.));
#3291=DIMENSIONAL_EXPONENTS(0.0,0.0,0.0,0.0,0.0,0.0,0.0);
#3292=PLANE_ANGLE_MEASURE_WITH_UNIT(PLANE_ANGLE_MEASURE(0.017453292500000),#3290);
#3296=(CONVERSION_BASED_UNIT('DEGREE',#3292)NAMED_UNIT(#3291)PLANE_ANGLE_UNIT());
#3300=(NAMED_UNIT(*)SI_UNIT($,.STERADIAN.)SOLID_ANGLE_UNIT());
#3304=(LENGTH_UNIT()NAMED_UNIT(*)SI_UNIT(.MILLI.,.METRE.));
#3306=UNCERTAINTY_MEASURE_WITH_UNIT(LENGTH_MEASURE(0.000001000000000),#3304,'DISTANCE_ACCURACY_VALUE','');
#3308=(GEOMETRIC_REPRESENTATION_CONTEXT(3)GLOBAL_UNCERTAINTY_ASSIGNED_CONTEXT((#3306))GLOBAL_UNIT_ASSIGNED_CONTEXT((#3296,#3300,#3304))REPRESENTATION_CONTEXT('','3D'));
#3309=CARTESIAN_POINT('',(78.405027565188618,40.025447175325539,1.600000000000000));
#3310=DIRECTION('',(0.0,1.0,0.0));
#3311=VECTOR('',#3310,2.500000000000028);
#3312=LINE('',#3309,#3311);
#3313=CARTESIAN_POINT('',(78.405027565188618,42.525447175325567,1.600000000000000));
#3314=TRIMMED_CURVE('',#3312,(PARAMETER_VALUE(0.0),#3309),(PARAMETER_VALUE(1.0),#3313),.T.,.PARAMETER.);
#3315=STYLED_ITEM('',(#439),#3314);
#3316=MECHANICAL_DESIGN_GEOMETRIC_PRESENTATION_REPRESENTATION('',(#3315),#3308);
#3322=(NAMED_UNIT(*)PLANE_ANGLE_UNIT()SI_UNIT($,.RADIAN.));
#3323=DIMENSIONAL_EXPONENTS(0.0,0.0,0.0,0.0,0.0,0.0,0.0);
#3324=PLANE_ANGLE_MEASURE_WITH_UNIT(PLANE_ANGLE_MEASURE(0.017453292500000),#3322);
#3328=(CONVERSION_BASED_UNIT('DEGREE',#3324)NAMED_UNIT(#3323)PLANE_ANGLE_UNIT());
#3332=(NAMED_UNIT(*)SI_UNIT($,.STERADIAN.)SOLID_ANGLE_UNIT());
#3336=(LENGTH_UNIT()NAMED_UNIT(*)SI_UNIT(.MILLI.,.METRE.));
#3338=UNCERTAINTY_MEASURE_WITH_UNIT(LENGTH_MEASURE(0.000001000000000),#3336,'DISTANCE_ACCURACY_VALUE','');
#3340=(GEOMETRIC_REPRESENTATION_CONTEXT(3)GLOBAL_UNCERTAINTY_ASSIGNED_CONTEXT((#3338))GLOBAL_UNIT_ASSIGNED_CONTEXT((#3328,#3332,#3336))REPRESENTATION_CONTEXT('','3D'));
#3341=CARTESIAN_POINT('',(78.405027565188902,-7.974552824674683,1.600000000000000));
#3342=DIRECTION('',(0.0,1.0,0.0));
#3343=VECTOR('',#3342,2.500000000000000);
#3344=LINE('',#3341,#3343);
#3345=CARTESIAN_POINT('',(78.405027565188902,-5.474552824674683,1.600000000000000));
#3346=TRIMMED_CURVE('',#3344,(PARAMETER_VALUE(0.0),#3341),(PARAMETER_VALUE(1.0),#3345),.T.,.PARAMETER.);
#3347=STYLED_ITEM('',(#439),#3346);
#3348=MECHANICAL_DESIGN_GEOMETRIC_PRESENTATION_REPRESENTATION('',(#3347),#3340);
#3354=(NAMED_UNIT(*)PLANE_ANGLE_UNIT()SI_UNIT($,.RADIAN.));
#3355=DIMENSIONAL_EXPONENTS(0.0,0.0,0.0,0.0,0.0,0.0,0.0);
#3356=PLANE_ANGLE_MEASURE_WITH_UNIT(PLANE_ANGLE_MEASURE(0.017453292500000),#3354);
#3360=(CONVERSION_BASED_UNIT('DEGREE',#3356)NAMED_UNIT(#3355)PLANE_ANGLE_UNIT());
#3364=(NAMED_UNIT(*)SI_UNIT($,.STERADIAN.)SOLID_ANGLE_UNIT());
#3368=(LENGTH_UNIT()NAMED_UNIT(*)SI_UNIT(.MILLI.,.METRE.));
#3370=UNCERTAINTY_MEASURE_WITH_UNIT(LENGTH_MEASURE(0.000001000000000),#3368,'DISTANCE_ACCURACY_VALUE','');
#3372=(GEOMETRIC_REPRESENTATION_CONTEXT(3)GLOBAL_UNCERTAINTY_ASSIGNED_CONTEXT((#3370))GLOBAL_UNIT_ASSIGNED_CONTEXT((#3360,#3364,#3368))REPRESENTATION_CONTEXT('','3D'));
#3373=CARTESIAN_POINT('',(37.805028551942414,7.275450796044673,1.600000000000000));
#3374=DIRECTION('',(0.0,0.0,1.0));
#3375=DIRECTION('',(1.0,0.0,0.0));
#3376=AXIS2_PLACEMENT_3D('',#3373,#3374,#3375);
#3377=CIRCLE('',#3376,0.900000000000000);
#3378=CARTESIAN_POINT('',(38.302527728892244,8.025447175325425,1.600000000000000));
#3379=CARTESIAN_POINT('',(38.302516812013010,6.525447175325457,1.600000000000000));
#3380=TRIMMED_CURVE('',#3377,(PARAMETER_VALUE(56.442273246294477),#3378),(PARAMETER_VALUE(303.556892765564330),#3379),.T.,.PARAMETER.);
#3381=STYLED_ITEM('',(#439),#3380);
#3382=MECHANICAL_DESIGN_GEOMETRIC_PRESENTATION_REPRESENTATION('',(#3381),#3372);
#3388=(NAMED_UNIT(*)PLANE_ANGLE_UNIT()SI_UNIT($,.RADIAN.));
#3389=DIMENSIONAL_EXPONENTS(0.0,0.0,0.0,0.0,0.0,0.0,0.0);
#3390=PLANE_ANGLE_MEASURE_WITH_UNIT(PLANE_ANGLE_MEASURE(0.017453292500000),#3388);
#3394=(CONVERSION_BASED_UNIT('DEGREE',#3390)NAMED_UNIT(#3389)PLANE_ANGLE_UNIT());
#3398=(NAMED_UNIT(*)SI_UNIT($,.STERADIAN.)SOLID_ANGLE_UNIT());
#3402=(LENGTH_UNIT()NAMED_UNIT(*)SI_UNIT(.MILLI.,.METRE.));
#3404=UNCERTAINTY_MEASURE_WITH_UNIT(LENGTH_MEASURE(0.000001000000000),#3402,'DISTANCE_ACCURACY_VALUE','');
#3406=(GEOMETRIC_REPRESENTATION_CONTEXT(3)GLOBAL_UNCERTAINTY_ASSIGNED_CONTEXT((#3404))GLOBAL_UNIT_ASSIGNED_CONTEXT((#3394,#3398,#3402))REPRESENTATION_CONTEXT('','3D'));
#3407=CARTESIAN_POINT('',(45.555027565189107,42.575447175325479,1.600000000000000));
#3408=DIRECTION('',(-1.0,0.0,0.0));
#3409=VECTOR('',#3408,0.999999999999801);
#3410=LINE('',#3407,#3409);
#3411=CARTESIAN_POINT('',(44.555027565189306,42.575447175325479,1.600000000000000));
#3412=TRIMMED_CURVE('',#3410,(PARAMETER_VALUE(0.0),#3407),(PARAMETER_VALUE(1.0),#3411),.T.,.PARAMETER.);
#3413=STYLED_ITEM('',(#439),#3412);
#3414=MECHANICAL_DESIGN_GEOMETRIC_PRESENTATION_REPRESENTATION('',(#3413),#3406);
#3420=(NAMED_UNIT(*)PLANE_ANGLE_UNIT()SI_UNIT($,.RADIAN.));
#3421=DIMENSIONAL_EXPONENTS(0.0,0.0,0.0,0.0,0.0,0.0,0.0);
#3422=PLANE_ANGLE_MEASURE_WITH_UNIT(PLANE_ANGLE_MEASURE(0.017453292500000),#3420);
#3426=(CONVERSION_BASED_UNIT('DEGREE',#3422)NAMED_UNIT(#3421)PLANE_ANGLE_UNIT());
#3430=(NAMED_UNIT(*)SI_UNIT($,.STERADIAN.)SOLID_ANGLE_UNIT());
#3434=(LENGTH_UNIT()NAMED_UNIT(*)SI_UNIT(.MILLI.,.METRE.));
#3436=UNCERTAINTY_MEASURE_WITH_UNIT(LENGTH_MEASURE(0.000001000000000),#3434,'DISTANCE_ACCURACY_VALUE','');
#3438=(GEOMETRIC_REPRESENTATION_CONTEXT(3)GLOBAL_UNCERTAINTY_ASSIGNED_CONTEXT((#3436))GLOBAL_UNIT_ASSIGNED_CONTEXT((#3426,#3430,#3434))REPRESENTATION_CONTEXT('','3D'));
#3439=CARTESIAN_POINT('',(47.555027565189206,17.075447175325429,1.600000000000000));
#3440=DIRECTION('',(0.0,1.0,0.0));
#3441=VECTOR('',#3440,21.000000000000036);
#3442=LINE('',#3439,#3441);
#3443=CARTESIAN_POINT('',(47.555027565189135,38.075447175325465,1.600000000000000));
#3444=TRIMMED_CURVE('',#3442,(PARAMETER_VALUE(0.0),#3439),(PARAMETER_VALUE(1.0),#3443),.T.,.PARAMETER.);
#3445=STYLED_ITEM('',(#439),#3444);
#3446=MECHANICAL_DESIGN_GEOMETRIC_PRESENTATION_REPRESENTATION('',(#3445),#3438);
#3452=(NAMED_UNIT(*)PLANE_ANGLE_UNIT()SI_UNIT($,.RADIAN.));
#3453=DIMENSIONAL_EXPONENTS(0.0,0.0,0.0,0.0,0.0,0.0,0.0);
#3454=PLANE_ANGLE_MEASURE_WITH_UNIT(PLANE_ANGLE_MEASURE(0.017453292500000),#3452);
#3458=(CONVERSION_BASED_UNIT('DEGREE',#3454)NAMED_UNIT(#3453)PLANE_ANGLE_UNIT());
#3462=(NAMED_UNIT(*)SI_UNIT($,.STERADIAN.)SOLID_ANGLE_UNIT());
#3466=(LENGTH_UNIT()NAMED_UNIT(*)SI_UNIT(.MILLI.,.METRE.));
#3468=UNCERTAINTY_MEASURE_WITH_UNIT(LENGTH_MEASURE(0.000001000000000),#3466,'DISTANCE_ACCURACY_VALUE','');
#3470=(GEOMETRIC_REPRESENTATION_CONTEXT(3)GLOBAL_UNCERTAINTY_ASSIGNED_CONTEXT((#3468))GLOBAL_UNIT_ASSIGNED_CONTEXT((#3458,#3462,#3466))REPRESENTATION_CONTEXT('','3D'));
#3471=CARTESIAN_POINT('',(27.555027565189327,17.075447175325429,1.600000000000000));
#3472=DIRECTION('',(1.0,0.0,0.0));
#3473=VECTOR('',#3472,19.999999999999879);
#3474=LINE('',#3471,#3473);
#3475=CARTESIAN_POINT('',(47.555027565189206,17.075447175325429,1.600000000000000));
#3476=TRIMMED_CURVE('',#3474,(PARAMETER_VALUE(0.0),#3471),(PARAMETER_VALUE(1.0),#3475),.T.,.PARAMETER.);
#3477=STYLED_ITEM('',(#439),#3476);
#3478=MECHANICAL_DESIGN_GEOMETRIC_PRESENTATION_REPRESENTATION('',(#3477),#3470);
#3484=(NAMED_UNIT(*)PLANE_ANGLE_UNIT()SI_UNIT($,.RADIAN.));
#3485=DIMENSIONAL_EXPONENTS(0.0,0.0,0.0,0.0,0.0,0.0,0.0);
#3486=PLANE_ANGLE_MEASURE_WITH_UNIT(PLANE_ANGLE_MEASURE(0.017453292500000),#3484);
#3490=(CONVERSION_BASED_UNIT('DEGREE',#3486)NAMED_UNIT(#3485)PLANE_ANGLE_UNIT());
#3494=(NAMED_UNIT(*)SI_UNIT($,.STERADIAN.)SOLID_ANGLE_UNIT());
#3498=(LENGTH_UNIT()NAMED_UNIT(*)SI_UNIT(.MILLI.,.METRE.));
#3500=UNCERTAINTY_MEASURE_WITH_UNIT(LENGTH_MEASURE(0.000001000000000),#3498,'DISTANCE_ACCURACY_VALUE','');
#3502=(GEOMETRIC_REPRESENTATION_CONTEXT(3)GLOBAL_UNCERTAINTY_ASSIGNED_CONTEXT((#3500))GLOBAL_UNIT_ASSIGNED_CONTEXT((#3490,#3494,#3498))REPRESENTATION_CONTEXT('','3D'));
#3503=CARTESIAN_POINT('',(23.055027565189281,13.575447175325426,1.600000000000000));
#3504=DIRECTION('',(0.0,1.0,0.0));
#3505=VECTOR('',#3504,28.000000064233173);
#3506=LINE('',#3503,#3505);
#3507=CARTESIAN_POINT('',(23.055027565189334,41.575447239558599,1.600000000000000));
#3508=TRIMMED_CURVE('',#3506,(PARAMETER_VALUE(0.0),#3503),(PARAMETER_VALUE(1.0),#3507),.T.,.PARAMETER.);
#3509=STYLED_ITEM('',(#439),#3508);
#3510=MECHANICAL_DESIGN_GEOMETRIC_PRESENTATION_REPRESENTATION('',(#3509),#3502);
#3516=(NAMED_UNIT(*)PLANE_ANGLE_UNIT()SI_UNIT($,.RADIAN.));
#3517=DIMENSIONAL_EXPONENTS(0.0,0.0,0.0,0.0,0.0,0.0,0.0);
#3518=PLANE_ANGLE_MEASURE_WITH_UNIT(PLANE_ANGLE_MEASURE(0.017453292500000),#3516);
#3522=(CONVERSION_BASED_UNIT('DEGREE',#3518)NAMED_UNIT(#3517)PLANE_ANGLE_UNIT());
#3526=(NAMED_UNIT(*)SI_UNIT($,.STERADIAN.)SOLID_ANGLE_UNIT());
#3530=(LENGTH_UNIT()NAMED_UNIT(*)SI_UNIT(.MILLI.,.METRE.));
#3532=UNCERTAINTY_MEASURE_WITH_UNIT(LENGTH_MEASURE(0.000001000000000),#3530,'DISTANCE_ACCURACY_VALUE','');
#3534=(GEOMETRIC_REPRESENTATION_CONTEXT(3)GLOBAL_UNCERTAINTY_ASSIGNED_CONTEXT((#3532))GLOBAL_UNIT_ASSIGNED_CONTEXT((#3522,#3526,#3530))REPRESENTATION_CONTEXT('','3D'));
#3535=CARTESIAN_POINT('',(24.055027500956161,13.575447111092309,1.600000000000000));
#3536=DIRECTION('',(0.0,0.0,1.0));
#3537=DIRECTION('',(1.0,0.0,0.0));
#3538=AXIS2_PLACEMENT_3D('',#3535,#3536,#3537);
#3539=CIRCLE('',#3538,0.999999935766882);
#3540=CARTESIAN_POINT('',(23.055027565189281,13.575447175325426,1.600000000000000));
#3541=CARTESIAN_POINT('',(24.055027565189331,12.575447175325429,1.600000000000000));
#3542=TRIMMED_CURVE('',#3539,(PARAMETER_VALUE(179.999996319713290),#3540),(PARAMETER_VALUE(270.000003680289750),#3541),.T.,.PARAMETER.);
#3543=STYLED_ITEM('',(#439),#3542);
#3544=MECHANICAL_DESIGN_GEOMETRIC_PRESENTATION_REPRESENTATION('',(#3543),#3534);
#3550=(NAMED_UNIT(*)PLANE_ANGLE_UNIT()SI_UNIT($,.RADIAN.));
#3551=DIMENSIONAL_EXPONENTS(0.0,0.0,0.0,0.0,0.0,0.0,0.0);
#3552=PLANE_ANGLE_MEASURE_WITH_UNIT(PLANE_ANGLE_MEASURE(0.017453292500000),#3550);
#3556=(CONVERSION_BASED_UNIT('DEGREE',#3552)NAMED_UNIT(#3551)PLANE_ANGLE_UNIT());
#3560=(NAMED_UNIT(*)SI_UNIT($,.STERADIAN.)SOLID_ANGLE_UNIT());
#3564=(LENGTH_UNIT()NAMED_UNIT(*)SI_UNIT(.MILLI.,.METRE.));
#3566=UNCERTAINTY_MEASURE_WITH_UNIT(LENGTH_MEASURE(0.000001000000000),#3564,'DISTANCE_ACCURACY_VALUE','');
#3568=(GEOMETRIC_REPRESENTATION_CONTEXT(3)GLOBAL_UNCERTAINTY_ASSIGNED_CONTEXT((#3566))GLOBAL_UNIT_ASSIGNED_CONTEXT((#3556,#3560,#3564))REPRESENTATION_CONTEXT('','3D'));
#3569=CARTESIAN_POINT('',(-15.594972434810757,42.575447175325479,1.600000000000000));
#3570=DIRECTION('',(0.0,-1.0,0.0));
#3571=VECTOR('',#3570,50.800000000000054);
#3572=LINE('',#3569,#3571);
#3573=CARTESIAN_POINT('',(-15.594972434810757,-8.224552824674575,1.600000000000000));
#3574=TRIMMED_CURVE('',#3572,(PARAMETER_VALUE(0.0),#3569),(PARAMETER_VALUE(1.0),#3573),.T.,.PARAMETER.);
#3575=STYLED_ITEM('',(#439),#3574);
#3576=MECHANICAL_DESIGN_GEOMETRIC_PRESENTATION_REPRESENTATION('',(#3575),#3568);
#3582=(NAMED_UNIT(*)PLANE_ANGLE_UNIT()SI_UNIT($,.RADIAN.));
#3583=DIMENSIONAL_EXPONENTS(0.0,0.0,0.0,0.0,0.0,0.0,0.0);
#3584=PLANE_ANGLE_MEASURE_WITH_UNIT(PLANE_ANGLE_MEASURE(0.017453292500000),#3582);
#3588=(CONVERSION_BASED_UNIT('DEGREE',#3584)NAMED_UNIT(#3583)PLANE_ANGLE_UNIT());
#3592=(NAMED_UNIT(*)SI_UNIT($,.STERADIAN.)SOLID_ANGLE_UNIT());
#3596=(LENGTH_UNIT()NAMED_UNIT(*)SI_UNIT(.MILLI.,.METRE.));
#3598=UNCERTAINTY_MEASURE_WITH_UNIT(LENGTH_MEASURE(0.000001000000000),#3596,'DISTANCE_ACCURACY_VALUE','');
#3600=(GEOMETRIC_REPRESENTATION_CONTEXT(3)GLOBAL_UNCERTAINTY_ASSIGNED_CONTEXT((#3598))GLOBAL_UNIT_ASSIGNED_CONTEXT((#3588,#3592,#3596))REPRESENTATION_CONTEXT('','3D'));
#3601=CARTESIAN_POINT('',(86.005027565189238,42.575447175325479,1.600000000000000));
#3602=DIRECTION('',(0.0,-1.0,0.0));
#3603=VECTOR('',#3602,50.800000000000054);
#3604=LINE('',#3601,#3603);
#3605=CARTESIAN_POINT('',(86.005027565189238,-8.224552824674575,1.600000000000000));
#3606=TRIMMED_CURVE('',#3604,(PARAMETER_VALUE(0.0),#3601),(PARAMETER_VALUE(1.0),#3605),.T.,.PARAMETER.);
#3607=STYLED_ITEM('',(#439),#3606);
#3608=MECHANICAL_DESIGN_GEOMETRIC_PRESENTATION_REPRESENTATION('',(#3607),#3600);
#3614=(NAMED_UNIT(*)PLANE_ANGLE_UNIT()SI_UNIT($,.RADIAN.));
#3615=DIMENSIONAL_EXPONENTS(0.0,0.0,0.0,0.0,0.0,0.0,0.0);
#3616=PLANE_ANGLE_MEASURE_WITH_UNIT(PLANE_ANGLE_MEASURE(0.017453292500000),#3614);
#3620=(CONVERSION_BASED_UNIT('DEGREE',#3616)NAMED_UNIT(#3615)PLANE_ANGLE_UNIT());
#3624=(NAMED_UNIT(*)SI_UNIT($,.STERADIAN.)SOLID_ANGLE_UNIT());
#3628=(LENGTH_UNIT()NAMED_UNIT(*)SI_UNIT(.MILLI.,.METRE.));
#3630=UNCERTAINTY_MEASURE_WITH_UNIT(LENGTH_MEASURE(0.000001000000000),#3628,'DISTANCE_ACCURACY_VALUE','');
#3632=(GEOMETRIC_REPRESENTATION_CONTEXT(3)GLOBAL_UNCERTAINTY_ASSIGNED_CONTEXT((#3630))GLOBAL_UNIT_ASSIGNED_CONTEXT((#3620,#3624,#3628))REPRESENTATION_CONTEXT('','3D'));
#3633=CARTESIAN_POINT('',(86.005027565189238,-8.233172824674560,1.600000000000000));
#3634=DIRECTION('',(0.0,1.0,0.0));
#3635=VECTOR('',#3634,50.800000000000047);
#3636=LINE('',#3633,#3635);
#3637=CARTESIAN_POINT('',(86.005027565189238,42.566827175325486,1.600000000000000));
#3638=TRIMMED_CURVE('',#3636,(PARAMETER_VALUE(0.0),#3633),(PARAMETER_VALUE(1.0),#3637),.T.,.PARAMETER.);
#3639=STYLED_ITEM('',(#439),#3638);
#3640=MECHANICAL_DESIGN_GEOMETRIC_PRESENTATION_REPRESENTATION('',(#3639),#3632);
#3646=(NAMED_UNIT(*)PLANE_ANGLE_UNIT()SI_UNIT($,.RADIAN.));
#3647=DIMENSIONAL_EXPONENTS(0.0,0.0,0.0,0.0,0.0,0.0,0.0);
#3648=PLANE_ANGLE_MEASURE_WITH_UNIT(PLANE_ANGLE_MEASURE(0.017453292500000),#3646);
#3652=(CONVERSION_BASED_UNIT('DEGREE',#3648)NAMED_UNIT(#3647)PLANE_ANGLE_UNIT());
#3656=(NAMED_UNIT(*)SI_UNIT($,.STERADIAN.)SOLID_ANGLE_UNIT());
#3660=(LENGTH_UNIT()NAMED_UNIT(*)SI_UNIT(.MILLI.,.METRE.));
#3662=UNCERTAINTY_MEASURE_WITH_UNIT(LENGTH_MEASURE(0.000001000000000),#3660,'DISTANCE_ACCURACY_VALUE','');
#3664=(GEOMETRIC_REPRESENTATION_CONTEXT(3)GLOBAL_UNCERTAINTY_ASSIGNED_CONTEXT((#3662))GLOBAL_UNIT_ASSIGNED_CONTEXT((#3652,#3656,#3660))REPRESENTATION_CONTEXT('','3D'));
#3665=CARTESIAN_POINT('',(72.155027565189329,-8.224552824674568,1.600000000000000));
#3666=DIRECTION('',(1.0,0.0,0.0));
#3667=VECTOR('',#3666,13.849999999999909);
#3668=LINE('',#3665,#3667);
#3669=CARTESIAN_POINT('',(86.005027565189238,-8.224552824674568,1.600000000000000));
#3670=TRIMMED_CURVE('',#3668,(PARAMETER_VALUE(0.0),#3665),(PARAMETER_VALUE(1.0),#3669),.T.,.PARAMETER.);
#3671=STYLED_ITEM('',(#439),#3670);
#3672=MECHANICAL_DESIGN_GEOMETRIC_PRESENTATION_REPRESENTATION('',(#3671),#3664);
#3678=(NAMED_UNIT(*)PLANE_ANGLE_UNIT()SI_UNIT($,.RADIAN.));
#3679=DIMENSIONAL_EXPONENTS(0.0,0.0,0.0,0.0,0.0,0.0,0.0);
#3680=PLANE_ANGLE_MEASURE_WITH_UNIT(PLANE_ANGLE_MEASURE(0.017453292500000),#3678);
#3684=(CONVERSION_BASED_UNIT('DEGREE',#3680)NAMED_UNIT(#3679)PLANE_ANGLE_UNIT());
#3688=(NAMED_UNIT(*)SI_UNIT($,.STERADIAN.)SOLID_ANGLE_UNIT());
#3692=(LENGTH_UNIT()NAMED_UNIT(*)SI_UNIT(.MILLI.,.METRE.));
#3694=UNCERTAINTY_MEASURE_WITH_UNIT(LENGTH_MEASURE(0.000001000000000),#3692,'DISTANCE_ACCURACY_VALUE','');
#3696=(GEOMETRIC_REPRESENTATION_CONTEXT(3)GLOBAL_UNCERTAINTY_ASSIGNED_CONTEXT((#3694))GLOBAL_UNIT_ASSIGNED_CONTEXT((#3684,#3688,#3692))REPRESENTATION_CONTEXT('','3D'));
#3697=CARTESIAN_POINT('',(-15.594972434810757,-8.224552824674568,1.600000000000000));
#3698=DIRECTION('',(1.0,0.0,0.0));
#3699=VECTOR('',#3698,101.599999999999990);
#3700=LINE('',#3697,#3699);
#3701=CARTESIAN_POINT('',(86.005027565189238,-8.224552824674568,1.600000000000000));
#3702=TRIMMED_CURVE('',#3700,(PARAMETER_VALUE(0.0),#3697),(PARAMETER_VALUE(1.0),#3701),.T.,.PARAMETER.);
#3703=STYLED_ITEM('',(#439),#3702);
#3704=MECHANICAL_DESIGN_GEOMETRIC_PRESENTATION_REPRESENTATION('',(#3703),#3696);
#3710=(NAMED_UNIT(*)PLANE_ANGLE_UNIT()SI_UNIT($,.RADIAN.));
#3711=DIMENSIONAL_EXPONENTS(0.0,0.0,0.0,0.0,0.0,0.0,0.0);
#3712=PLANE_ANGLE_MEASURE_WITH_UNIT(PLANE_ANGLE_MEASURE(0.017453292500000),#3710);
#3716=(CONVERSION_BASED_UNIT('DEGREE',#3712)NAMED_UNIT(#3711)PLANE_ANGLE_UNIT());
#3720=(NAMED_UNIT(*)SI_UNIT($,.STERADIAN.)SOLID_ANGLE_UNIT());
#3724=(LENGTH_UNIT()NAMED_UNIT(*)SI_UNIT(.MILLI.,.METRE.));
#3726=UNCERTAINTY_MEASURE_WITH_UNIT(LENGTH_MEASURE(0.000001000000000),#3724,'DISTANCE_ACCURACY_VALUE','');
#3728=(GEOMETRIC_REPRESENTATION_CONTEXT(3)GLOBAL_UNCERTAINTY_ASSIGNED_CONTEXT((#3726))GLOBAL_UNIT_ASSIGNED_CONTEXT((#3716,#3720,#3724))REPRESENTATION_CONTEXT('','3D'));
#3729=CARTESIAN_POINT('',(86.005027565189238,42.575447175325479,1.600000000000000));
#3730=DIRECTION('',(-1.0,0.0,0.0));
#3731=VECTOR('',#3730,101.599999999999990);
#3732=LINE('',#3729,#3731);
#3733=CARTESIAN_POINT('',(-15.594972434810757,42.575447175325479,1.600000000000000));
#3734=TRIMMED_CURVE('',#3732,(PARAMETER_VALUE(0.0),#3729),(PARAMETER_VALUE(1.0),#3733),.T.,.PARAMETER.);
#3735=STYLED_ITEM('',(#439),#3734);
#3736=MECHANICAL_DESIGN_GEOMETRIC_PRESENTATION_REPRESENTATION('',(#3735),#3728);
#3742=(NAMED_UNIT(*)PLANE_ANGLE_UNIT()SI_UNIT($,.RADIAN.));
#3743=DIMENSIONAL_EXPONENTS(0.0,0.0,0.0,0.0,0.0,0.0,0.0);
#3744=PLANE_ANGLE_MEASURE_WITH_UNIT(PLANE_ANGLE_MEASURE(0.017453292500000),#3742);
#3748=(CONVERSION_BASED_UNIT('DEGREE',#3744)NAMED_UNIT(#3743)PLANE_ANGLE_UNIT());
#3752=(NAMED_UNIT(*)SI_UNIT($,.STERADIAN.)SOLID_ANGLE_UNIT());
#3756=(LENGTH_UNIT()NAMED_UNIT(*)SI_UNIT(.MILLI.,.METRE.));
#3758=UNCERTAINTY_MEASURE_WITH_UNIT(LENGTH_MEASURE(0.000001000000000),#3756,'DISTANCE_ACCURACY_VALUE','');
#3760=(GEOMETRIC_REPRESENTATION_CONTEXT(3)GLOBAL_UNCERTAINTY_ASSIGNED_CONTEXT((#3758))GLOBAL_UNIT_ASSIGNED_CONTEXT((#3748,#3752,#3756))REPRESENTATION_CONTEXT('','3D'));
#3761=CARTESIAN_POINT('',(8.075041475532885,2.618194992618288,1.600000000000000));
#3762=DIRECTION('',(0.0,0.0,1.0));
#3763=DIRECTION('',(1.0,0.0,0.0));
#3764=AXIS2_PLACEMENT_3D('',#3761,#3762,#3763);
#3765=CIRCLE('',#3764,9.250000000000000);
#3766=CARTESIAN_POINT('',(-0.487455169422089,6.117645121586382,1.600000000000000));
#3767=CARTESIAN_POINT('',(16.637538120487854,-0.881255136349815,1.600000000000000));
#3768=TRIMMED_CURVE('',#3765,(PARAMETER_VALUE(157.770407701288210),#3766),(PARAMETER_VALUE(337.770407701288150),#3767),.T.,.PARAMETER.);
#3769=STYLED_ITEM('',(#439),#3768);
#3770=MECHANICAL_DESIGN_GEOMETRIC_PRESENTATION_REPRESENTATION('',(#3769),#3760);
#3776=(NAMED_UNIT(*)PLANE_ANGLE_UNIT()SI_UNIT($,.RADIAN.));
#3777=DIMENSIONAL_EXPONENTS(0.0,0.0,0.0,0.0,0.0,0.0,0.0);
#3778=PLANE_ANGLE_MEASURE_WITH_UNIT(PLANE_ANGLE_MEASURE(0.017453292500000),#3776);
#3782=(CONVERSION_BASED_UNIT('DEGREE',#3778)NAMED_UNIT(#3777)PLANE_ANGLE_UNIT());
#3786=(NAMED_UNIT(*)SI_UNIT($,.STERADIAN.)SOLID_ANGLE_UNIT());
#3790=(LENGTH_UNIT()NAMED_UNIT(*)SI_UNIT(.MILLI.,.METRE.));
#3792=UNCERTAINTY_MEASURE_WITH_UNIT(LENGTH_MEASURE(0.000001000000000),#3790,'DISTANCE_ACCURACY_VALUE','');
#3794=(GEOMETRIC_REPRESENTATION_CONTEXT(3)GLOBAL_UNCERTAINTY_ASSIGNED_CONTEXT((#3792))GLOBAL_UNIT_ASSIGNED_CONTEXT((#3782,#3786,#3790))REPRESENTATION_CONTEXT('','3D'));
#3795=CARTESIAN_POINT('',(-14.794972434810720,16.387195591309300,1.600000000000000));
#3796=DIRECTION('',(0.0,0.0,1.0));
#3797=DIRECTION('',(1.0,0.0,0.0));
#3798=AXIS2_PLACEMENT_3D('',#3795,#3796,#3797);
#3799=CIRCLE('',#3798,0.800000000000040);
#3800=CARTESIAN_POINT('',(-15.594972434810760,16.387195591309300,1.600000000000000));
#3801=CARTESIAN_POINT('',(-14.794972434810720,15.587195591309261,1.600000000000000));
#3802=TRIMMED_CURVE('',#3799,(PARAMETER_VALUE(180.0),#3800),(PARAMETER_VALUE(270.0),#3801),.T.,.PARAMETER.);
#3803=STYLED_ITEM('',(#439),#3802);
#3804=MECHANICAL_DESIGN_GEOMETRIC_PRESENTATION_REPRESENTATION('',(#3803),#3794);
#3810=(NAMED_UNIT(*)PLANE_ANGLE_UNIT()SI_UNIT($,.RADIAN.));
#3811=DIMENSIONAL_EXPONENTS(0.0,0.0,0.0,0.0,0.0,0.0,0.0);
#3812=PLANE_ANGLE_MEASURE_WITH_UNIT(PLANE_ANGLE_MEASURE(0.017453292500000),#3810);
#3816=(CONVERSION_BASED_UNIT('DEGREE',#3812)NAMED_UNIT(#3811)PLANE_ANGLE_UNIT());
#3820=(NAMED_UNIT(*)SI_UNIT($,.STERADIAN.)SOLID_ANGLE_UNIT());
#3824=(LENGTH_UNIT()NAMED_UNIT(*)SI_UNIT(.MILLI.,.METRE.));
#3826=UNCERTAINTY_MEASURE_WITH_UNIT(LENGTH_MEASURE(0.000001000000000),#3824,'DISTANCE_ACCURACY_VALUE','');
#3828=(GEOMETRIC_REPRESENTATION_CONTEXT(3)GLOBAL_UNCERTAINTY_ASSIGNED_CONTEXT((#3826))GLOBAL_UNIT_ASSIGNED_CONTEXT((#3816,#3820,#3824))REPRESENTATION_CONTEXT('','3D'));
#3829=CARTESIAN_POINT('',(-15.594972434810757,26.587195591309207,1.600000000000000));
#3830=DIRECTION('',(0.0,-1.0,0.0));
#3831=VECTOR('',#3830,10.199999999999907);
#3832=LINE('',#3829,#3831);
#3833=CARTESIAN_POINT('',(-15.594972434810757,16.387195591309300,1.600000000000000));
#3834=TRIMMED_CURVE('',#3832,(PARAMETER_VALUE(0.0),#3829),(PARAMETER_VALUE(1.0),#3833),.T.,.PARAMETER.);
#3835=STYLED_ITEM('',(#439),#3834);
#3836=MECHANICAL_DESIGN_GEOMETRIC_PRESENTATION_REPRESENTATION('',(#3835),#3828);
#3842=(NAMED_UNIT(*)PLANE_ANGLE_UNIT()SI_UNIT($,.RADIAN.));
#3843=DIMENSIONAL_EXPONENTS(0.0,0.0,0.0,0.0,0.0,0.0,0.0);
#3844=PLANE_ANGLE_MEASURE_WITH_UNIT(PLANE_ANGLE_MEASURE(0.017453292500000),#3842);
#3848=(CONVERSION_BASED_UNIT('DEGREE',#3844)NAMED_UNIT(#3843)PLANE_ANGLE_UNIT());
#3852=(NAMED_UNIT(*)SI_UNIT($,.STERADIAN.)SOLID_ANGLE_UNIT());
#3856=(LENGTH_UNIT()NAMED_UNIT(*)SI_UNIT(.MILLI.,.METRE.));
#3858=UNCERTAINTY_MEASURE_WITH_UNIT(LENGTH_MEASURE(0.000001000000000),#3856,'DISTANCE_ACCURACY_VALUE','');
#3860=(GEOMETRIC_REPRESENTATION_CONTEXT(3)GLOBAL_UNCERTAINTY_ASSIGNED_CONTEXT((#3858))GLOBAL_UNIT_ASSIGNED_CONTEXT((#3848,#3852,#3856))REPRESENTATION_CONTEXT('','3D'));
#3861=CARTESIAN_POINT('',(-14.794972434810720,26.587195591309207,1.600000000000000));
#3862=DIRECTION('',(0.0,0.0,1.0));
#3863=DIRECTION('',(1.0,0.0,0.0));
#3864=AXIS2_PLACEMENT_3D('',#3861,#3862,#3863);
#3865=CIRCLE('',#3864,0.800000000000040);
#3866=CARTESIAN_POINT('',(-14.794972434810720,27.387195591309247,1.600000000000000));
#3867=CARTESIAN_POINT('',(-15.594972434810760,26.587195591309207,1.600000000000000));
#3868=TRIMMED_CURVE('',#3865,(PARAMETER_VALUE(90.0),#3866),(PARAMETER_VALUE(180.0),#3867),.T.,.PARAMETER.);
#3869=STYLED_ITEM('',(#439),#3868);
#3870=MECHANICAL_DESIGN_GEOMETRIC_PRESENTATION_REPRESENTATION('',(#3869),#3860);
#3876=(NAMED_UNIT(*)PLANE_ANGLE_UNIT()SI_UNIT($,.RADIAN.));
#3877=DIMENSIONAL_EXPONENTS(0.0,0.0,0.0,0.0,0.0,0.0,0.0);
#3878=PLANE_ANGLE_MEASURE_WITH_UNIT(PLANE_ANGLE_MEASURE(0.017453292500000),#3876);
#3882=(CONVERSION_BASED_UNIT('DEGREE',#3878)NAMED_UNIT(#3877)PLANE_ANGLE_UNIT());
#3886=(NAMED_UNIT(*)SI_UNIT($,.STERADIAN.)SOLID_ANGLE_UNIT());
#3890=(LENGTH_UNIT()NAMED_UNIT(*)SI_UNIT(.MILLI.,.METRE.));
#3892=UNCERTAINTY_MEASURE_WITH_UNIT(LENGTH_MEASURE(0.000001000000000),#3890,'DISTANCE_ACCURACY_VALUE','');
#3894=(GEOMETRIC_REPRESENTATION_CONTEXT(3)GLOBAL_UNCERTAINTY_ASSIGNED_CONTEXT((#3892))GLOBAL_UNIT_ASSIGNED_CONTEXT((#3882,#3886,#3890))REPRESENTATION_CONTEXT('','3D'));
#3895=CARTESIAN_POINT('',(-8.394972434810715,27.387195591309244,1.600000000000000));
#3896=DIRECTION('',(-1.0,0.0,0.0));
#3897=VECTOR('',#3896,6.399999999999970);
#3898=LINE('',#3895,#3897);
#3899=CARTESIAN_POINT('',(-14.794972434810685,27.387195591309251,1.600000000000000));
#3900=TRIMMED_CURVE('',#3898,(PARAMETER_VALUE(0.0),#3895),(PARAMETER_VALUE(1.0),#3899),.T.,.PARAMETER.);
#3901=STYLED_ITEM('',(#439),#3900);
#3902=MECHANICAL_DESIGN_GEOMETRIC_PRESENTATION_REPRESENTATION('',(#3901),#3894);
#3908=(NAMED_UNIT(*)PLANE_ANGLE_UNIT()SI_UNIT($,.RADIAN.));
#3909=DIMENSIONAL_EXPONENTS(0.0,0.0,0.0,0.0,0.0,0.0,0.0);
#3910=PLANE_ANGLE_MEASURE_WITH_UNIT(PLANE_ANGLE_MEASURE(0.017453292500000),#3908);
#3914=(CONVERSION_BASED_UNIT('DEGREE',#3910)NAMED_UNIT(#3909)PLANE_ANGLE_UNIT());
#3918=(NAMED_UNIT(*)SI_UNIT($,.STERADIAN.)SOLID_ANGLE_UNIT());
#3922=(LENGTH_UNIT()NAMED_UNIT(*)SI_UNIT(.MILLI.,.METRE.));
#3924=UNCERTAINTY_MEASURE_WITH_UNIT(LENGTH_MEASURE(0.000001000000000),#3922,'DISTANCE_ACCURACY_VALUE','');
#3926=(GEOMETRIC_REPRESENTATION_CONTEXT(3)GLOBAL_UNCERTAINTY_ASSIGNED_CONTEXT((#3924))GLOBAL_UNIT_ASSIGNED_CONTEXT((#3914,#3918,#3922))REPRESENTATION_CONTEXT('','3D'));
#3927=CARTESIAN_POINT('',(-8.394972434810732,26.587195591309261,1.600000000000000));
#3928=DIRECTION('',(0.0,0.0,1.0));
#3929=DIRECTION('',(1.0,0.0,0.0));
#3930=AXIS2_PLACEMENT_3D('',#3927,#3928,#3929);
#3931=CIRCLE('',#3930,0.799999999999983);
#3932=CARTESIAN_POINT('',(-7.594972434810750,26.587195591309261,1.600000000000000));
#3933=CARTESIAN_POINT('',(-8.394972434810732,27.387195591309244,1.600000000000000));
#3934=TRIMMED_CURVE('',#3931,(PARAMETER_VALUE(359.999999999998070),#3932),(PARAMETER_VALUE(90.0),#3933),.T.,.PARAMETER.);
#3935=STYLED_ITEM('',(#439),#3934);
#3936=MECHANICAL_DESIGN_GEOMETRIC_PRESENTATION_REPRESENTATION('',(#3935),#3926);
#3942=(NAMED_UNIT(*)PLANE_ANGLE_UNIT()SI_UNIT($,.RADIAN.));
#3943=DIMENSIONAL_EXPONENTS(0.0,0.0,0.0,0.0,0.0,0.0,0.0);
#3944=PLANE_ANGLE_MEASURE_WITH_UNIT(PLANE_ANGLE_MEASURE(0.017453292500000),#3942);
#3948=(CONVERSION_BASED_UNIT('DEGREE',#3944)NAMED_UNIT(#3943)PLANE_ANGLE_UNIT());
#3952=(NAMED_UNIT(*)SI_UNIT($,.STERADIAN.)SOLID_ANGLE_UNIT());
#3956=(LENGTH_UNIT()NAMED_UNIT(*)SI_UNIT(.MILLI.,.METRE.));
#3958=UNCERTAINTY_MEASURE_WITH_UNIT(LENGTH_MEASURE(0.000001000000000),#3956,'DISTANCE_ACCURACY_VALUE','');
#3960=(GEOMETRIC_REPRESENTATION_CONTEXT(3)GLOBAL_UNCERTAINTY_ASSIGNED_CONTEXT((#3958))GLOBAL_UNIT_ASSIGNED_CONTEXT((#3948,#3952,#3956))REPRESENTATION_CONTEXT('','3D'));
#3961=CARTESIAN_POINT('',(-7.594972434810750,16.387195591309272,1.600000000000000));
#3962=DIRECTION('',(0.0,1.0,0.0));
#3963=VECTOR('',#3962,10.199999999999960);
#3964=LINE('',#3961,#3963);
#3965=CARTESIAN_POINT('',(-7.594972434810750,26.587195591309232,1.600000000000000));
#3966=TRIMMED_CURVE('',#3964,(PARAMETER_VALUE(0.0),#3961),(PARAMETER_VALUE(1.0),#3965),.T.,.PARAMETER.);
#3967=STYLED_ITEM('',(#439),#3966);
#3968=MECHANICAL_DESIGN_GEOMETRIC_PRESENTATION_REPRESENTATION('',(#3967),#3960);
#3974=(NAMED_UNIT(*)PLANE_ANGLE_UNIT()SI_UNIT($,.RADIAN.));
#3975=DIMENSIONAL_EXPONENTS(0.0,0.0,0.0,0.0,0.0,0.0,0.0);
#3976=PLANE_ANGLE_MEASURE_WITH_UNIT(PLANE_ANGLE_MEASURE(0.017453292500000),#3974);
#3980=(CONVERSION_BASED_UNIT('DEGREE',#3976)NAMED_UNIT(#3975)PLANE_ANGLE_UNIT());
#3984=(NAMED_UNIT(*)SI_UNIT($,.STERADIAN.)SOLID_ANGLE_UNIT());
#3988=(LENGTH_UNIT()NAMED_UNIT(*)SI_UNIT(.MILLI.,.METRE.));
#3990=UNCERTAINTY_MEASURE_WITH_UNIT(LENGTH_MEASURE(0.000001000000000),#3988,'DISTANCE_ACCURACY_VALUE','');
#3992=(GEOMETRIC_REPRESENTATION_CONTEXT(3)GLOBAL_UNCERTAINTY_ASSIGNED_CONTEXT((#3990))GLOBAL_UNIT_ASSIGNED_CONTEXT((#3980,#3984,#3988))REPRESENTATION_CONTEXT('','3D'));
#3993=CARTESIAN_POINT('',(-8.394972434810732,16.387195591309244,1.600000000000000));
#3994=DIRECTION('',(0.0,0.0,1.0));
#3995=DIRECTION('',(1.0,0.0,0.0));
#3996=AXIS2_PLACEMENT_3D('',#3993,#3994,#3995);
#3997=CIRCLE('',#3996,0.799999999999981);
#3998=CARTESIAN_POINT('',(-8.394972434810732,15.587195591309262,1.600000000000000));
#3999=CARTESIAN_POINT('',(-7.594972434810751,16.387195591309244,1.600000000000000));
#4000=TRIMMED_CURVE('',#3997,(PARAMETER_VALUE(270.0),#3998),(PARAMETER_VALUE(2.239110E-012),#3999),.T.,.PARAMETER.);
#4001=STYLED_ITEM('',(#439),#4000);
#4002=MECHANICAL_DESIGN_GEOMETRIC_PRESENTATION_REPRESENTATION('',(#4001),#3992);
#4008=(NAMED_UNIT(*)PLANE_ANGLE_UNIT()SI_UNIT($,.RADIAN.));
#4009=DIMENSIONAL_EXPONENTS(0.0,0.0,0.0,0.0,0.0,0.0,0.0);
#4010=PLANE_ANGLE_MEASURE_WITH_UNIT(PLANE_ANGLE_MEASURE(0.017453292500000),#4008);
#4014=(CONVERSION_BASED_UNIT('DEGREE',#4010)NAMED_UNIT(#4009)PLANE_ANGLE_UNIT());
#4018=(NAMED_UNIT(*)SI_UNIT($,.STERADIAN.)SOLID_ANGLE_UNIT());
#4022=(LENGTH_UNIT()NAMED_UNIT(*)SI_UNIT(.MILLI.,.METRE.));
#4024=UNCERTAINTY_MEASURE_WITH_UNIT(LENGTH_MEASURE(0.000001000000000),#4022,'DISTANCE_ACCURACY_VALUE','');
#4026=(GEOMETRIC_REPRESENTATION_CONTEXT(3)GLOBAL_UNCERTAINTY_ASSIGNED_CONTEXT((#4024))GLOBAL_UNIT_ASSIGNED_CONTEXT((#4014,#4018,#4022))REPRESENTATION_CONTEXT('','3D'));
#4027=CARTESIAN_POINT('',(-14.794972434810685,15.587195591309262,1.600000000000000));
#4028=DIRECTION('',(1.0,0.0,0.0));
#4029=VECTOR('',#4028,6.399999999999970);
#4030=LINE('',#4027,#4029);
#4031=CARTESIAN_POINT('',(-8.394972434810715,15.587195591309262,1.600000000000000));
#4032=TRIMMED_CURVE('',#4030,(PARAMETER_VALUE(0.0),#4027),(PARAMETER_VALUE(1.0),#4031),.T.,.PARAMETER.);
#4033=STYLED_ITEM('',(#439),#4032);
#4034=MECHANICAL_DESIGN_GEOMETRIC_PRESENTATION_REPRESENTATION('',(#4033),#4026);
#4040=(NAMED_UNIT(*)PLANE_ANGLE_UNIT()SI_UNIT($,.RADIAN.));
#4041=DIMENSIONAL_EXPONENTS(0.0,0.0,0.0,0.0,0.0,0.0,0.0);
#4042=PLANE_ANGLE_MEASURE_WITH_UNIT(PLANE_ANGLE_MEASURE(0.017453292500000),#4040);
#4046=(CONVERSION_BASED_UNIT('DEGREE',#4042)NAMED_UNIT(#4041)PLANE_ANGLE_UNIT());
#4050=(NAMED_UNIT(*)SI_UNIT($,.STERADIAN.)SOLID_ANGLE_UNIT());
#4054=(LENGTH_UNIT()NAMED_UNIT(*)SI_UNIT(.MILLI.,.METRE.));
#4056=UNCERTAINTY_MEASURE_WITH_UNIT(LENGTH_MEASURE(0.000001000000000),#4054,'DISTANCE_ACCURACY_VALUE','');
#4058=(GEOMETRIC_REPRESENTATION_CONTEXT(3)GLOBAL_UNCERTAINTY_ASSIGNED_CONTEXT((#4056))GLOBAL_UNIT_ASSIGNED_CONTEXT((#4046,#4050,#4054))REPRESENTATION_CONTEXT('','3D'));
#4059=CARTESIAN_POINT('',(-13.094972434810757,17.077195591309270,1.600000000000000));
#4060=DIRECTION('',(1.0,0.0,0.0));
#4061=VECTOR('',#4060,0.999999999999996);
#4062=LINE('',#4059,#4061);
#4063=CARTESIAN_POINT('',(-12.094972434810760,17.077195591309270,1.600000000000000));
#4064=TRIMMED_CURVE('',#4062,(PARAMETER_VALUE(0.0),#4059),(PARAMETER_VALUE(1.0),#4063),.T.,.PARAMETER.);
#4065=STYLED_ITEM('',(#439),#4064);
#4066=MECHANICAL_DESIGN_GEOMETRIC_PRESENTATION_REPRESENTATION('',(#4065),#4058);
#4072=(NAMED_UNIT(*)PLANE_ANGLE_UNIT()SI_UNIT($,.RADIAN.));
#4073=DIMENSIONAL_EXPONENTS(0.0,0.0,0.0,0.0,0.0,0.0,0.0);
#4074=PLANE_ANGLE_MEASURE_WITH_UNIT(PLANE_ANGLE_MEASURE(0.017453292500000),#4072);
#4078=(CONVERSION_BASED_UNIT('DEGREE',#4074)NAMED_UNIT(#4073)PLANE_ANGLE_UNIT());
#4082=(NAMED_UNIT(*)SI_UNIT($,.STERADIAN.)SOLID_ANGLE_UNIT());
#4086=(LENGTH_UNIT()NAMED_UNIT(*)SI_UNIT(.MILLI.,.METRE.));
#4088=UNCERTAINTY_MEASURE_WITH_UNIT(LENGTH_MEASURE(0.000001000000000),#4086,'DISTANCE_ACCURACY_VALUE','');
#4090=(GEOMETRIC_REPRESENTATION_CONTEXT(3)GLOBAL_UNCERTAINTY_ASSIGNED_CONTEXT((#4088))GLOBAL_UNIT_ASSIGNED_CONTEXT((#4078,#4082,#4086))REPRESENTATION_CONTEXT('','3D'));
#4091=CARTESIAN_POINT('',(-13.094972434810757,18.077195591309270,1.600000000000000));
#4092=DIRECTION('',(0.0,-1.0,0.0));
#4093=VECTOR('',#4092,1.0);
#4094=LINE('',#4091,#4093);
#4095=CARTESIAN_POINT('',(-13.094972434810757,17.077195591309270,1.600000000000000));
#4096=TRIMMED_CURVE('',#4094,(PARAMETER_VALUE(0.0),#4091),(PARAMETER_VALUE(1.0),#4095),.T.,.PARAMETER.);
#4097=STYLED_ITEM('',(#439),#4096);
#4098=MECHANICAL_DESIGN_GEOMETRIC_PRESENTATION_REPRESENTATION('',(#4097),#4090);
#4104=(NAMED_UNIT(*)PLANE_ANGLE_UNIT()SI_UNIT($,.RADIAN.));
#4105=DIMENSIONAL_EXPONENTS(0.0,0.0,0.0,0.0,0.0,0.0,0.0);
#4106=PLANE_ANGLE_MEASURE_WITH_UNIT(PLANE_ANGLE_MEASURE(0.017453292500000),#4104);
#4110=(CONVERSION_BASED_UNIT('DEGREE',#4106)NAMED_UNIT(#4105)PLANE_ANGLE_UNIT());
#4114=(NAMED_UNIT(*)SI_UNIT($,.STERADIAN.)SOLID_ANGLE_UNIT());
#4118=(LENGTH_UNIT()NAMED_UNIT(*)SI_UNIT(.MILLI.,.METRE.));
#4120=UNCERTAINTY_MEASURE_WITH_UNIT(LENGTH_MEASURE(0.000001000000000),#4118,'DISTANCE_ACCURACY_VALUE','');
#4122=(GEOMETRIC_REPRESENTATION_CONTEXT(3)GLOBAL_UNCERTAINTY_ASSIGNED_CONTEXT((#4120))GLOBAL_UNIT_ASSIGNED_CONTEXT((#4110,#4114,#4118))REPRESENTATION_CONTEXT('','3D'));
#4123=CARTESIAN_POINT('',(-12.094972434810760,18.077195591309270,1.600000000000000));
#4124=DIRECTION('',(-1.0,0.0,0.0));
#4125=VECTOR('',#4124,0.999999999999996);
#4126=LINE('',#4123,#4125);
#4127=CARTESIAN_POINT('',(-13.094972434810757,18.077195591309270,1.600000000000000));
#4128=TRIMMED_CURVE('',#4126,(PARAMETER_VALUE(0.0),#4123),(PARAMETER_VALUE(1.0),#4127),.T.,.PARAMETER.);
#4129=STYLED_ITEM('',(#439),#4128);
#4130=MECHANICAL_DESIGN_GEOMETRIC_PRESENTATION_REPRESENTATION('',(#4129),#4122);
#4136=(NAMED_UNIT(*)PLANE_ANGLE_UNIT()SI_UNIT($,.RADIAN.));
#4137=DIMENSIONAL_EXPONENTS(0.0,0.0,0.0,0.0,0.0,0.0,0.0);
#4138=PLANE_ANGLE_MEASURE_WITH_UNIT(PLANE_ANGLE_MEASURE(0.017453292500000),#4136);
#4142=(CONVERSION_BASED_UNIT('DEGREE',#4138)NAMED_UNIT(#4137)PLANE_ANGLE_UNIT());
#4146=(NAMED_UNIT(*)SI_UNIT($,.STERADIAN.)SOLID_ANGLE_UNIT());
#4150=(LENGTH_UNIT()NAMED_UNIT(*)SI_UNIT(.MILLI.,.METRE.));
#4152=UNCERTAINTY_MEASURE_WITH_UNIT(LENGTH_MEASURE(0.000001000000000),#4150,'DISTANCE_ACCURACY_VALUE','');
#4154=(GEOMETRIC_REPRESENTATION_CONTEXT(3)GLOBAL_UNCERTAINTY_ASSIGNED_CONTEXT((#4152))GLOBAL_UNIT_ASSIGNED_CONTEXT((#4142,#4146,#4150))REPRESENTATION_CONTEXT('','3D'));
#4155=CARTESIAN_POINT('',(-12.094972434810760,17.077195591309270,1.600000000000000));
#4156=DIRECTION('',(0.0,1.0,0.0));
#4157=VECTOR('',#4156,1.0);
#4158=LINE('',#4155,#4157);
#4159=CARTESIAN_POINT('',(-12.094972434810760,18.077195591309270,1.600000000000000));
#4160=TRIMMED_CURVE('',#4158,(PARAMETER_VALUE(0.0),#4155),(PARAMETER_VALUE(1.0),#4159),.T.,.PARAMETER.);
#4161=STYLED_ITEM('',(#439),#4160);
#4162=MECHANICAL_DESIGN_GEOMETRIC_PRESENTATION_REPRESENTATION('',(#4161),#4154);
#4168=(NAMED_UNIT(*)PLANE_ANGLE_UNIT()SI_UNIT($,.RADIAN.));
#4169=DIMENSIONAL_EXPONENTS(0.0,0.0,0.0,0.0,0.0,0.0,0.0);
#4170=PLANE_ANGLE_MEASURE_WITH_UNIT(PLANE_ANGLE_MEASURE(0.017453292500000),#4168);
#4174=(CONVERSION_BASED_UNIT('DEGREE',#4170)NAMED_UNIT(#4169)PLANE_ANGLE_UNIT());
#4178=(NAMED_UNIT(*)SI_UNIT($,.STERADIAN.)SOLID_ANGLE_UNIT());
#4182=(LENGTH_UNIT()NAMED_UNIT(*)SI_UNIT(.MILLI.,.METRE.));
#4184=UNCERTAINTY_MEASURE_WITH_UNIT(LENGTH_MEASURE(0.000001000000000),#4182,'DISTANCE_ACCURACY_VALUE','');
#4186=(GEOMETRIC_REPRESENTATION_CONTEXT(3)GLOBAL_UNCERTAINTY_ASSIGNED_CONTEXT((#4184))GLOBAL_UNIT_ASSIGNED_CONTEXT((#4174,#4178,#4182))REPRESENTATION_CONTEXT('','3D'));
#4187=CARTESIAN_POINT('',(-15.594972434810757,16.587195591309264,1.600000000000000));
#4188=DIRECTION('',(1.0,0.0,0.0));
#4189=VECTOR('',#4188,1.200000000000046);
#4190=LINE('',#4187,#4189);
#4191=CARTESIAN_POINT('',(-14.394972434810711,16.587195591309264,1.600000000000000));
#4192=TRIMMED_CURVE('',#4190,(PARAMETER_VALUE(0.0),#4187),(PARAMETER_VALUE(1.0),#4191),.T.,.PARAMETER.);
#4193=STYLED_ITEM('',(#439),#4192);
#4194=MECHANICAL_DESIGN_GEOMETRIC_PRESENTATION_REPRESENTATION('',(#4193),#4186);
#4200=(NAMED_UNIT(*)PLANE_ANGLE_UNIT()SI_UNIT($,.RADIAN.));
#4201=DIMENSIONAL_EXPONENTS(0.0,0.0,0.0,0.0,0.0,0.0,0.0);
#4202=PLANE_ANGLE_MEASURE_WITH_UNIT(PLANE_ANGLE_MEASURE(0.017453292500000),#4200);
#4206=(CONVERSION_BASED_UNIT('DEGREE',#4202)NAMED_UNIT(#4201)PLANE_ANGLE_UNIT());
#4210=(NAMED_UNIT(*)SI_UNIT($,.STERADIAN.)SOLID_ANGLE_UNIT());
#4214=(LENGTH_UNIT()NAMED_UNIT(*)SI_UNIT(.MILLI.,.METRE.));
#4216=UNCERTAINTY_MEASURE_WITH_UNIT(LENGTH_MEASURE(0.000001000000000),#4214,'DISTANCE_ACCURACY_VALUE','');
#4218=(GEOMETRIC_REPRESENTATION_CONTEXT(3)GLOBAL_UNCERTAINTY_ASSIGNED_CONTEXT((#4216))GLOBAL_UNIT_ASSIGNED_CONTEXT((#4206,#4210,#4214))REPRESENTATION_CONTEXT('','3D'));
#4219=CARTESIAN_POINT('',(-15.594972434810757,26.387195591309222,1.600000000000000));
#4220=DIRECTION('',(0.0,-1.0,0.0));
#4221=VECTOR('',#4220,9.799999999999955);
#4222=LINE('',#4219,#4221);
#4223=CARTESIAN_POINT('',(-15.594972434810757,16.587195591309268,1.600000000000000));
#4224=TRIMMED_CURVE('',#4222,(PARAMETER_VALUE(0.0),#4219),(PARAMETER_VALUE(1.0),#4223),.T.,.PARAMETER.);
#4225=STYLED_ITEM('',(#439),#4224);
#4226=MECHANICAL_DESIGN_GEOMETRIC_PRESENTATION_REPRESENTATION('',(#4225),#4218);
#4232=(NAMED_UNIT(*)PLANE_ANGLE_UNIT()SI_UNIT($,.RADIAN.));
#4233=DIMENSIONAL_EXPONENTS(0.0,0.0,0.0,0.0,0.0,0.0,0.0);
#4234=PLANE_ANGLE_MEASURE_WITH_UNIT(PLANE_ANGLE_MEASURE(0.017453292500000),#4232);
#4238=(CONVERSION_BASED_UNIT('DEGREE',#4234)NAMED_UNIT(#4233)PLANE_ANGLE_UNIT());
#4242=(NAMED_UNIT(*)SI_UNIT($,.STERADIAN.)SOLID_ANGLE_UNIT());
#4246=(LENGTH_UNIT()NAMED_UNIT(*)SI_UNIT(.MILLI.,.METRE.));
#4248=UNCERTAINTY_MEASURE_WITH_UNIT(LENGTH_MEASURE(0.000001000000000),#4246,'DISTANCE_ACCURACY_VALUE','');
#4250=(GEOMETRIC_REPRESENTATION_CONTEXT(3)GLOBAL_UNCERTAINTY_ASSIGNED_CONTEXT((#4248))GLOBAL_UNIT_ASSIGNED_CONTEXT((#4238,#4242,#4246))REPRESENTATION_CONTEXT('','3D'));
#4251=CARTESIAN_POINT('',(-14.394972434810711,26.387195591309222,1.600000000000000));
#4252=DIRECTION('',(-1.0,0.0,0.0));
#4253=VECTOR('',#4252,1.200000000000046);
#4254=LINE('',#4251,#4253);
#4255=CARTESIAN_POINT('',(-15.594972434810757,26.387195591309222,1.600000000000000));
#4256=TRIMMED_CURVE('',#4254,(PARAMETER_VALUE(0.0),#4251),(PARAMETER_VALUE(1.0),#4255),.T.,.PARAMETER.);
#4257=STYLED_ITEM('',(#439),#4256);
#4258=MECHANICAL_DESIGN_GEOMETRIC_PRESENTATION_REPRESENTATION('',(#4257),#4250);
#4264=(NAMED_UNIT(*)PLANE_ANGLE_UNIT()SI_UNIT($,.RADIAN.));
#4265=DIMENSIONAL_EXPONENTS(0.0,0.0,0.0,0.0,0.0,0.0,0.0);
#4266=PLANE_ANGLE_MEASURE_WITH_UNIT(PLANE_ANGLE_MEASURE(0.017453292500000),#4264);
#4270=(CONVERSION_BASED_UNIT('DEGREE',#4266)NAMED_UNIT(#4265)PLANE_ANGLE_UNIT());
#4274=(NAMED_UNIT(*)SI_UNIT($,.STERADIAN.)SOLID_ANGLE_UNIT());
#4278=(LENGTH_UNIT()NAMED_UNIT(*)SI_UNIT(.MILLI.,.METRE.));
#4280=UNCERTAINTY_MEASURE_WITH_UNIT(LENGTH_MEASURE(0.000001000000000),#4278,'DISTANCE_ACCURACY_VALUE','');
#4282=(GEOMETRIC_REPRESENTATION_CONTEXT(3)GLOBAL_UNCERTAINTY_ASSIGNED_CONTEXT((#4280))GLOBAL_UNIT_ASSIGNED_CONTEXT((#4270,#4274,#4278))REPRESENTATION_CONTEXT('','3D'));
#4283=CARTESIAN_POINT('',(-14.394972434810711,16.587195591309264,1.600000000000000));
#4284=DIRECTION('',(0.0,1.0,0.0));
#4285=VECTOR('',#4284,9.799999999999955);
#4286=LINE('',#4283,#4285);
#4287=CARTESIAN_POINT('',(-14.394972434810711,26.387195591309219,1.600000000000000));
#4288=TRIMMED_CURVE('',#4286,(PARAMETER_VALUE(0.0),#4283),(PARAMETER_VALUE(1.0),#4287),.T.,.PARAMETER.);
#4289=STYLED_ITEM('',(#439),#4288);
#4290=MECHANICAL_DESIGN_GEOMETRIC_PRESENTATION_REPRESENTATION('',(#4289),#4282);
#4296=(NAMED_UNIT(*)PLANE_ANGLE_UNIT()SI_UNIT($,.RADIAN.));
#4297=DIMENSIONAL_EXPONENTS(0.0,0.0,0.0,0.0,0.0,0.0,0.0);
#4298=PLANE_ANGLE_MEASURE_WITH_UNIT(PLANE_ANGLE_MEASURE(0.017453292500000),#4296);
#4302=(CONVERSION_BASED_UNIT('DEGREE',#4298)NAMED_UNIT(#4297)PLANE_ANGLE_UNIT());
#4306=(NAMED_UNIT(*)SI_UNIT($,.STERADIAN.)SOLID_ANGLE_UNIT());
#4310=(LENGTH_UNIT()NAMED_UNIT(*)SI_UNIT(.MILLI.,.METRE.));
#4312=UNCERTAINTY_MEASURE_WITH_UNIT(LENGTH_MEASURE(0.000001000000000),#4310,'DISTANCE_ACCURACY_VALUE','');
#4314=(GEOMETRIC_REPRESENTATION_CONTEXT(3)GLOBAL_UNCERTAINTY_ASSIGNED_CONTEXT((#4312))GLOBAL_UNIT_ASSIGNED_CONTEXT((#4302,#4306,#4310))REPRESENTATION_CONTEXT('','3D'));
#4315=CARTESIAN_POINT('',(-13.094972434810757,24.997195591309232,1.600000000000000));
#4316=DIRECTION('',(1.0,0.0,0.0));
#4317=VECTOR('',#4316,0.999999999999996);
#4318=LINE('',#4315,#4317);
#4319=CARTESIAN_POINT('',(-12.094972434810760,24.997195591309232,1.600000000000000));
#4320=TRIMMED_CURVE('',#4318,(PARAMETER_VALUE(0.0),#4315),(PARAMETER_VALUE(1.0),#4319),.T.,.PARAMETER.);
#4321=STYLED_ITEM('',(#439),#4320);
#4322=MECHANICAL_DESIGN_GEOMETRIC_PRESENTATION_REPRESENTATION('',(#4321),#4314);
#4328=(NAMED_UNIT(*)PLANE_ANGLE_UNIT()SI_UNIT($,.RADIAN.));
#4329=DIMENSIONAL_EXPONENTS(0.0,0.0,0.0,0.0,0.0,0.0,0.0);
#4330=PLANE_ANGLE_MEASURE_WITH_UNIT(PLANE_ANGLE_MEASURE(0.017453292500000),#4328);
#4334=(CONVERSION_BASED_UNIT('DEGREE',#4330)NAMED_UNIT(#4329)PLANE_ANGLE_UNIT());
#4338=(NAMED_UNIT(*)SI_UNIT($,.STERADIAN.)SOLID_ANGLE_UNIT());
#4342=(LENGTH_UNIT()NAMED_UNIT(*)SI_UNIT(.MILLI.,.METRE.));
#4344=UNCERTAINTY_MEASURE_WITH_UNIT(LENGTH_MEASURE(0.000001000000000),#4342,'DISTANCE_ACCURACY_VALUE','');
#4346=(GEOMETRIC_REPRESENTATION_CONTEXT(3)GLOBAL_UNCERTAINTY_ASSIGNED_CONTEXT((#4344))GLOBAL_UNIT_ASSIGNED_CONTEXT((#4334,#4338,#4342))REPRESENTATION_CONTEXT('','3D'));
#4347=CARTESIAN_POINT('',(-13.094972434810757,25.997195591309232,1.600000000000000));
#4348=DIRECTION('',(0.0,-1.0,0.0));
#4349=VECTOR('',#4348,1.0);
#4350=LINE('',#4347,#4349);
#4351=CARTESIAN_POINT('',(-13.094972434810757,24.997195591309232,1.600000000000000));
#4352=TRIMMED_CURVE('',#4350,(PARAMETER_VALUE(0.0),#4347),(PARAMETER_VALUE(1.0),#4351),.T.,.PARAMETER.);
#4353=STYLED_ITEM('',(#439),#4352);
#4354=MECHANICAL_DESIGN_GEOMETRIC_PRESENTATION_REPRESENTATION('',(#4353),#4346);
#4360=(NAMED_UNIT(*)PLANE_ANGLE_UNIT()SI_UNIT($,.RADIAN.));
#4361=DIMENSIONAL_EXPONENTS(0.0,0.0,0.0,0.0,0.0,0.0,0.0);
#4362=PLANE_ANGLE_MEASURE_WITH_UNIT(PLANE_ANGLE_MEASURE(0.017453292500000),#4360);
#4366=(CONVERSION_BASED_UNIT('DEGREE',#4362)NAMED_UNIT(#4361)PLANE_ANGLE_UNIT());
#4370=(NAMED_UNIT(*)SI_UNIT($,.STERADIAN.)SOLID_ANGLE_UNIT());
#4374=(LENGTH_UNIT()NAMED_UNIT(*)SI_UNIT(.MILLI.,.METRE.));
#4376=UNCERTAINTY_MEASURE_WITH_UNIT(LENGTH_MEASURE(0.000001000000000),#4374,'DISTANCE_ACCURACY_VALUE','');
#4378=(GEOMETRIC_REPRESENTATION_CONTEXT(3)GLOBAL_UNCERTAINTY_ASSIGNED_CONTEXT((#4376))GLOBAL_UNIT_ASSIGNED_CONTEXT((#4366,#4370,#4374))REPRESENTATION_CONTEXT('','3D'));
#4379=CARTESIAN_POINT('',(-12.094972434810760,25.997195591309232,1.600000000000000));
#4380=DIRECTION('',(-1.0,0.0,0.0));
#4381=VECTOR('',#4380,0.999999999999996);
#4382=LINE('',#4379,#4381);
#4383=CARTESIAN_POINT('',(-13.094972434810757,25.997195591309232,1.600000000000000));
#4384=TRIMMED_CURVE('',#4382,(PARAMETER_VALUE(0.0),#4379),(PARAMETER_VALUE(1.0),#4383),.T.,.PARAMETER.);
#4385=STYLED_ITEM('',(#439),#4384);
#4386=MECHANICAL_DESIGN_GEOMETRIC_PRESENTATION_REPRESENTATION('',(#4385),#4378);
#4392=(NAMED_UNIT(*)PLANE_ANGLE_UNIT()SI_UNIT($,.RADIAN.));
#4393=DIMENSIONAL_EXPONENTS(0.0,0.0,0.0,0.0,0.0,0.0,0.0);
#4394=PLANE_ANGLE_MEASURE_WITH_UNIT(PLANE_ANGLE_MEASURE(0.017453292500000),#4392);
#4398=(CONVERSION_BASED_UNIT('DEGREE',#4394)NAMED_UNIT(#4393)PLANE_ANGLE_UNIT());
#4402=(NAMED_UNIT(*)SI_UNIT($,.STERADIAN.)SOLID_ANGLE_UNIT());
#4406=(LENGTH_UNIT()NAMED_UNIT(*)SI_UNIT(.MILLI.,.METRE.));
#4408=UNCERTAINTY_MEASURE_WITH_UNIT(LENGTH_MEASURE(0.000001000000000),#4406,'DISTANCE_ACCURACY_VALUE','');
#4410=(GEOMETRIC_REPRESENTATION_CONTEXT(3)GLOBAL_UNCERTAINTY_ASSIGNED_CONTEXT((#4408))GLOBAL_UNIT_ASSIGNED_CONTEXT((#4398,#4402,#4406))REPRESENTATION_CONTEXT('','3D'));
#4411=CARTESIAN_POINT('',(-12.094972434810760,24.997195591309232,1.600000000000000));
#4412=DIRECTION('',(0.0,1.0,0.0));
#4413=VECTOR('',#4412,1.0);
#4414=LINE('',#4411,#4413);
#4415=CARTESIAN_POINT('',(-12.094972434810760,25.997195591309232,1.600000000000000));
#4416=TRIMMED_CURVE('',#4414,(PARAMETER_VALUE(0.0),#4411),(PARAMETER_VALUE(1.0),#4415),.T.,.PARAMETER.);
#4417=STYLED_ITEM('',(#439),#4416);
#4418=MECHANICAL_DESIGN_GEOMETRIC_PRESENTATION_REPRESENTATION('',(#4417),#4410);
#4424=(NAMED_UNIT(*)PLANE_ANGLE_UNIT()SI_UNIT($,.RADIAN.));
#4425=DIMENSIONAL_EXPONENTS(0.0,0.0,0.0,0.0,0.0,0.0,0.0);
#4426=PLANE_ANGLE_MEASURE_WITH_UNIT(PLANE_ANGLE_MEASURE(0.017453292500000),#4424);
#4430=(CONVERSION_BASED_UNIT('DEGREE',#4426)NAMED_UNIT(#4425)PLANE_ANGLE_UNIT());
#4434=(NAMED_UNIT(*)SI_UNIT($,.STERADIAN.)SOLID_ANGLE_UNIT());
#4438=(LENGTH_UNIT()NAMED_UNIT(*)SI_UNIT(.MILLI.,.METRE.));
#4440=UNCERTAINTY_MEASURE_WITH_UNIT(LENGTH_MEASURE(0.000001000000000),#4438,'DISTANCE_ACCURACY_VALUE','');
#4442=(GEOMETRIC_REPRESENTATION_CONTEXT(3)GLOBAL_UNCERTAINTY_ASSIGNED_CONTEXT((#4440))GLOBAL_UNIT_ASSIGNED_CONTEXT((#4430,#4434,#4438))REPRESENTATION_CONTEXT('','3D'));
#4443=CARTESIAN_POINT('',(82.830027565189283,39.400447175325446,1.600000000000000));
#4444=DIRECTION('',(0.0,0.0,1.0));
#4445=DIRECTION('',(1.0,0.0,0.0));
#4446=AXIS2_PLACEMENT_3D('',#4443,#4444,#4445);
#4447=CIRCLE('',#4446,1.650000000000000);
#4448=STYLED_ITEM('',(#439),#4447);
#4449=MECHANICAL_DESIGN_GEOMETRIC_PRESENTATION_REPRESENTATION('',(#4448),#4442);
#4455=(NAMED_UNIT(*)PLANE_ANGLE_UNIT()SI_UNIT($,.RADIAN.));
#4456=DIMENSIONAL_EXPONENTS(0.0,0.0,0.0,0.0,0.0,0.0,0.0);
#4457=PLANE_ANGLE_MEASURE_WITH_UNIT(PLANE_ANGLE_MEASURE(0.017453292500000),#4455);
#4461=(CONVERSION_BASED_UNIT('DEGREE',#4457)NAMED_UNIT(#4456)PLANE_ANGLE_UNIT());
#4465=(NAMED_UNIT(*)SI_UNIT($,.STERADIAN.)SOLID_ANGLE_UNIT());
#4469=(LENGTH_UNIT()NAMED_UNIT(*)SI_UNIT(.MILLI.,.METRE.));
#4471=UNCERTAINTY_MEASURE_WITH_UNIT(LENGTH_MEASURE(0.000001000000000),#4469,'DISTANCE_ACCURACY_VALUE','');
#4473=(GEOMETRIC_REPRESENTATION_CONTEXT(3)GLOBAL_UNCERTAINTY_ASSIGNED_CONTEXT((#4471))GLOBAL_UNIT_ASSIGNED_CONTEXT((#4461,#4465,#4469))REPRESENTATION_CONTEXT('','3D'));
#4474=CARTESIAN_POINT('',(82.835027565189307,-5.054552824674565,1.600000000000000));
#4475=DIRECTION('',(0.0,0.0,1.0));
#4476=DIRECTION('',(1.0,0.0,0.0));
#4477=AXIS2_PLACEMENT_3D('',#4474,#4475,#4476);
#4478=CIRCLE('',#4477,1.650000000000000);
#4479=STYLED_ITEM('',(#439),#4478);
#4480=MECHANICAL_DESIGN_GEOMETRIC_PRESENTATION_REPRESENTATION('',(#4479),#4473);
#4486=(NAMED_UNIT(*)PLANE_ANGLE_UNIT()SI_UNIT($,.RADIAN.));
#4487=DIMENSIONAL_EXPONENTS(0.0,0.0,0.0,0.0,0.0,0.0,0.0);
#4488=PLANE_ANGLE_MEASURE_WITH_UNIT(PLANE_ANGLE_MEASURE(0.017453292500000),#4486);
#4492=(CONVERSION_BASED_UNIT('DEGREE',#4488)NAMED_UNIT(#4487)PLANE_ANGLE_UNIT());
#4496=(NAMED_UNIT(*)SI_UNIT($,.STERADIAN.)SOLID_ANGLE_UNIT());
#4500=(LENGTH_UNIT()NAMED_UNIT(*)SI_UNIT(.MILLI.,.METRE.));
#4502=UNCERTAINTY_MEASURE_WITH_UNIT(LENGTH_MEASURE(0.000001000000000),#4500,'DISTANCE_ACCURACY_VALUE','');
#4504=(GEOMETRIC_REPRESENTATION_CONTEXT(3)GLOBAL_UNCERTAINTY_ASSIGNED_CONTEXT((#4502))GLOBAL_UNIT_ASSIGNED_CONTEXT((#4492,#4496,#4500))REPRESENTATION_CONTEXT('','3D'));
#4505=CARTESIAN_POINT('',(-12.414972434810689,-5.054552824674565,1.600000000000000));
#4506=DIRECTION('',(0.0,0.0,1.0));
#4507=DIRECTION('',(1.0,0.0,0.0));
#4508=AXIS2_PLACEMENT_3D('',#4505,#4506,#4507);
#4509=CIRCLE('',#4508,1.650000000000000);
#4510=STYLED_ITEM('',(#439),#4509);
#4511=MECHANICAL_DESIGN_GEOMETRIC_PRESENTATION_REPRESENTATION('',(#4510),#4504);
#4517=(NAMED_UNIT(*)PLANE_ANGLE_UNIT()SI_UNIT($,.RADIAN.));
#4518=DIMENSIONAL_EXPONENTS(0.0,0.0,0.0,0.0,0.0,0.0,0.0);
#4519=PLANE_ANGLE_MEASURE_WITH_UNIT(PLANE_ANGLE_MEASURE(0.017453292500000),#4517);
#4523=(CONVERSION_BASED_UNIT('DEGREE',#4519)NAMED_UNIT(#4518)PLANE_ANGLE_UNIT());
#4527=(NAMED_UNIT(*)SI_UNIT($,.STERADIAN.)SOLID_ANGLE_UNIT());
#4531=(LENGTH_UNIT()NAMED_UNIT(*)SI_UNIT(.MILLI.,.METRE.));
#4533=UNCERTAINTY_MEASURE_WITH_UNIT(LENGTH_MEASURE(0.000001000000000),#4531,'DISTANCE_ACCURACY_VALUE','');
#4535=(GEOMETRIC_REPRESENTATION_CONTEXT(3)GLOBAL_UNCERTAINTY_ASSIGNED_CONTEXT((#4533))GLOBAL_UNIT_ASSIGNED_CONTEXT((#4523,#4527,#4531))REPRESENTATION_CONTEXT('','3D'));
#4536=CARTESIAN_POINT('',(-12.419972434810695,39.400447175325446,1.600000000000000));
#4537=DIRECTION('',(0.0,0.0,1.0));
#4538=DIRECTION('',(1.0,0.0,0.0));
#4539=AXIS2_PLACEMENT_3D('',#4536,#4537,#4538);
#4540=CIRCLE('',#4539,1.650000000000000);
#4541=STYLED_ITEM('',(#439),#4540);
#4542=MECHANICAL_DESIGN_GEOMETRIC_PRESENTATION_REPRESENTATION('',(#4541),#4535);
#4548=(NAMED_UNIT(*)PLANE_ANGLE_UNIT()SI_UNIT($,.RADIAN.));
#4549=DIMENSIONAL_EXPONENTS(0.0,0.0,0.0,0.0,0.0,0.0,0.0);
#4550=PLANE_ANGLE_MEASURE_WITH_UNIT(PLANE_ANGLE_MEASURE(0.017453292500000),#4548);
#4554=(CONVERSION_BASED_UNIT('DEGREE',#4550)NAMED_UNIT(#4549)PLANE_ANGLE_UNIT());
#4558=(NAMED_UNIT(*)SI_UNIT($,.STERADIAN.)SOLID_ANGLE_UNIT());
#4562=(LENGTH_UNIT()NAMED_UNIT(*)SI_UNIT(.MILLI.,.METRE.));
#4564=UNCERTAINTY_MEASURE_WITH_UNIT(LENGTH_MEASURE(0.000001000000000),#4562,'DISTANCE_ACCURACY_VALUE','');
#4566=(GEOMETRIC_REPRESENTATION_CONTEXT(3)GLOBAL_UNCERTAINTY_ASSIGNED_CONTEXT((#4564))GLOBAL_UNIT_ASSIGNED_CONTEXT((#4554,#4558,#4562))REPRESENTATION_CONTEXT('','3D'));
#4567=CARTESIAN_POINT('',(8.075041475532885,2.618194992618288,1.600000000000000));
#4568=DIRECTION('',(0.0,0.0,1.0));
#4569=DIRECTION('',(1.0,0.0,0.0));
#4570=AXIS2_PLACEMENT_3D('',#4567,#4568,#4569);
#4571=CIRCLE('',#4570,9.250000000000000);
#4572=CARTESIAN_POINT('',(16.637538120487854,-0.881255136349815,1.600000000000000));
#4573=CARTESIAN_POINT('',(-0.487455169422089,6.117645121586384,1.600000000000000));
#4574=TRIMMED_CURVE('',#4571,(PARAMETER_VALUE(337.770407701288150),#4572),(PARAMETER_VALUE(157.770407701288210),#4573),.T.,.PARAMETER.);
#4575=STYLED_ITEM('',(#439),#4574);
#4576=MECHANICAL_DESIGN_GEOMETRIC_PRESENTATION_REPRESENTATION('',(#4575),#4566);
#4582=(NAMED_UNIT(*)PLANE_ANGLE_UNIT()SI_UNIT($,.RADIAN.));
#4583=DIMENSIONAL_EXPONENTS(0.0,0.0,0.0,0.0,0.0,0.0,0.0);
#4584=PLANE_ANGLE_MEASURE_WITH_UNIT(PLANE_ANGLE_MEASURE(0.017453292500000),#4582);
#4588=(CONVERSION_BASED_UNIT('DEGREE',#4584)NAMED_UNIT(#4583)PLANE_ANGLE_UNIT());
#4592=(NAMED_UNIT(*)SI_UNIT($,.STERADIAN.)SOLID_ANGLE_UNIT());
#4596=(LENGTH_UNIT()NAMED_UNIT(*)SI_UNIT(.MILLI.,.METRE.));
#4598=UNCERTAINTY_MEASURE_WITH_UNIT(LENGTH_MEASURE(0.000001000000000),#4596,'DISTANCE_ACCURACY_VALUE','');
#4600=(GEOMETRIC_REPRESENTATION_CONTEXT(3)GLOBAL_UNCERTAINTY_ASSIGNED_CONTEXT((#4598))GLOBAL_UNIT_ASSIGNED_CONTEXT((#4588,#4592,#4596))REPRESENTATION_CONTEXT('','3D'));
#4601=CARTESIAN_POINT('',(26.087487565189118,12.575447175325429,1.600000000000000));
#4602=DIRECTION('',(-1.0,0.0,0.0));
#4603=VECTOR('',#4602,2.032459999999787);
#4604=LINE('',#4601,#4603);
#4605=CARTESIAN_POINT('',(24.055027565189331,12.575447175325429,1.600000000000000));
#4606=TRIMMED_CURVE('',#4604,(PARAMETER_VALUE(0.0),#4601),(PARAMETER_VALUE(1.0),#4605),.T.,.PARAMETER.);
#4607=STYLED_ITEM('',(#439),#4606);
#4608=MECHANICAL_DESIGN_GEOMETRIC_PRESENTATION_REPRESENTATION('',(#4607),#4600);
#4614=(NAMED_UNIT(*)PLANE_ANGLE_UNIT()SI_UNIT($,.RADIAN.));
#4615=DIMENSIONAL_EXPONENTS(0.0,0.0,0.0,0.0,0.0,0.0,0.0);
#4616=PLANE_ANGLE_MEASURE_WITH_UNIT(PLANE_ANGLE_MEASURE(0.017453292500000),#4614);
#4620=(CONVERSION_BASED_UNIT('DEGREE',#4616)NAMED_UNIT(#4615)PLANE_ANGLE_UNIT());
#4624=(NAMED_UNIT(*)SI_UNIT($,.STERADIAN.)SOLID_ANGLE_UNIT());
#4628=(LENGTH_UNIT()NAMED_UNIT(*)SI_UNIT(.MILLI.,.METRE.));
#4630=UNCERTAINTY_MEASURE_WITH_UNIT(LENGTH_MEASURE(0.000001000000000),#4628,'DISTANCE_ACCURACY_VALUE','');
#4632=(GEOMETRIC_REPRESENTATION_CONTEXT(3)GLOBAL_UNCERTAINTY_ASSIGNED_CONTEXT((#4630))GLOBAL_UNIT_ASSIGNED_CONTEXT((#4620,#4624,#4628))REPRESENTATION_CONTEXT('','3D'));
#4633=CARTESIAN_POINT('',(81.407824195821632,23.609045740155779,1.600000000000000));
#4634=DIRECTION('',(0.0,0.0,1.0));
#4635=DIRECTION('',(1.0,0.0,0.0));
#4636=AXIS2_PLACEMENT_3D('',#4633,#4634,#4635);
#4637=CIRCLE('',#4636,3.490440251613159);
#4638=CARTESIAN_POINT('',(80.139917565189307,20.357033143919423,1.600000000000000));
#4639=CARTESIAN_POINT('',(84.594017565189361,22.183793143919416,1.600000000000000));
#4640=TRIMMED_CURVE('',#4637,(PARAMETER_VALUE(248.700001509180620),#4638),(PARAMETER_VALUE(335.900008607126720),#4639),.T.,.PARAMETER.);
#4641=STYLED_ITEM('',(#439),#4640);
#4642=MECHANICAL_DESIGN_GEOMETRIC_PRESENTATION_REPRESENTATION('',(#4641),#4632);
#4648=(NAMED_UNIT(*)PLANE_ANGLE_UNIT()SI_UNIT($,.RADIAN.));
#4649=DIMENSIONAL_EXPONENTS(0.0,0.0,0.0,0.0,0.0,0.0,0.0);
#4650=PLANE_ANGLE_MEASURE_WITH_UNIT(PLANE_ANGLE_MEASURE(0.017453292500000),#4648);
#4654=(CONVERSION_BASED_UNIT('DEGREE',#4650)NAMED_UNIT(#4649)PLANE_ANGLE_UNIT());
#4658=(NAMED_UNIT(*)SI_UNIT($,.STERADIAN.)SOLID_ANGLE_UNIT());
#4662=(LENGTH_UNIT()NAMED_UNIT(*)SI_UNIT(.MILLI.,.METRE.));
#4664=UNCERTAINTY_MEASURE_WITH_UNIT(LENGTH_MEASURE(0.000001000000000),#4662,'DISTANCE_ACCURACY_VALUE','');
#4666=(GEOMETRIC_REPRESENTATION_CONTEXT(3)GLOBAL_UNCERTAINTY_ASSIGNED_CONTEXT((#4664))GLOBAL_UNIT_ASSIGNED_CONTEXT((#4654,#4658,#4662))REPRESENTATION_CONTEXT('','3D'));
#4667=CARTESIAN_POINT('',(79.401227565189288,23.613043143919427,1.600000000000000));
#4668=DIRECTION('',(1.0,0.0,0.0));
#4669=VECTOR('',#4668,1.752600000000015);
#4670=LINE('',#4667,#4669);
#4671=CARTESIAN_POINT('',(81.153827565189303,23.613043143919427,1.600000000000000));
#4672=TRIMMED_CURVE('',#4670,(PARAMETER_VALUE(0.0),#4667),(PARAMETER_VALUE(1.0),#4671),.T.,.PARAMETER.);
#4673=STYLED_ITEM('',(#439),#4672);
#4674=MECHANICAL_DESIGN_GEOMETRIC_PRESENTATION_REPRESENTATION('',(#4673),#4666);
#4680=(NAMED_UNIT(*)PLANE_ANGLE_UNIT()SI_UNIT($,.RADIAN.));
#4681=DIMENSIONAL_EXPONENTS(0.0,0.0,0.0,0.0,0.0,0.0,0.0);
#4682=PLANE_ANGLE_MEASURE_WITH_UNIT(PLANE_ANGLE_MEASURE(0.017453292500000),#4680);
#4686=(CONVERSION_BASED_UNIT('DEGREE',#4682)NAMED_UNIT(#4681)PLANE_ANGLE_UNIT());
#4690=(NAMED_UNIT(*)SI_UNIT($,.STERADIAN.)SOLID_ANGLE_UNIT());
#4694=(LENGTH_UNIT()NAMED_UNIT(*)SI_UNIT(.MILLI.,.METRE.));
#4696=UNCERTAINTY_MEASURE_WITH_UNIT(LENGTH_MEASURE(0.000001000000000),#4694,'DISTANCE_ACCURACY_VALUE','');
#4698=(GEOMETRIC_REPRESENTATION_CONTEXT(3)GLOBAL_UNCERTAINTY_ASSIGNED_CONTEXT((#4696))GLOBAL_UNIT_ASSIGNED_CONTEXT((#4686,#4690,#4694))REPRESENTATION_CONTEXT('','3D'));
#4699=CARTESIAN_POINT('',(79.401227565189288,23.105043143919449,1.600000000000000));
#4700=DIRECTION('',(1.0,0.0,0.0));
#4701=VECTOR('',#4700,1.752600000000015);
#4702=LINE('',#4699,#4701);
#4703=CARTESIAN_POINT('',(81.153827565189303,23.105043143919449,1.600000000000000));
#4704=TRIMMED_CURVE('',#4702,(PARAMETER_VALUE(0.0),#4699),(PARAMETER_VALUE(1.0),#4703),.T.,.PARAMETER.);
#4705=STYLED_ITEM('',(#439),#4704);
#4706=MECHANICAL_DESIGN_GEOMETRIC_PRESENTATION_REPRESENTATION('',(#4705),#4698);
#4712=(NAMED_UNIT(*)PLANE_ANGLE_UNIT()SI_UNIT($,.RADIAN.));
#4713=DIMENSIONAL_EXPONENTS(0.0,0.0,0.0,0.0,0.0,0.0,0.0);
#4714=PLANE_ANGLE_MEASURE_WITH_UNIT(PLANE_ANGLE_MEASURE(0.017453292500000),#4712);
#4718=(CONVERSION_BASED_UNIT('DEGREE',#4714)NAMED_UNIT(#4713)PLANE_ANGLE_UNIT());
#4722=(NAMED_UNIT(*)SI_UNIT($,.STERADIAN.)SOLID_ANGLE_UNIT());
#4726=(LENGTH_UNIT()NAMED_UNIT(*)SI_UNIT(.MILLI.,.METRE.));
#4728=UNCERTAINTY_MEASURE_WITH_UNIT(LENGTH_MEASURE(0.000001000000000),#4726,'DISTANCE_ACCURACY_VALUE','');
#4730=(GEOMETRIC_REPRESENTATION_CONTEXT(3)GLOBAL_UNCERTAINTY_ASSIGNED_CONTEXT((#4728))GLOBAL_UNIT_ASSIGNED_CONTEXT((#4718,#4722,#4726))REPRESENTATION_CONTEXT('','3D'));
#4731=CARTESIAN_POINT('',(81.407827565189308,23.359043143919436,1.600000000000000));
#4732=DIRECTION('',(0.0,0.0,1.0));
#4733=DIRECTION('',(1.0,0.0,0.0));
#4734=AXIS2_PLACEMENT_3D('',#4731,#4732,#4733);
#4735=CIRCLE('',#4734,2.108200000000011);
#4736=CARTESIAN_POINT('',(79.299627565189297,23.359043143919436,1.600000000000000));
#4737=CARTESIAN_POINT('',(83.516027565189319,23.359043143919436,1.600000000000000));
#4738=TRIMMED_CURVE('',#4735,(PARAMETER_VALUE(180.0),#4736),(PARAMETER_VALUE(360.0),#4737),.T.,.PARAMETER.);
#4739=STYLED_ITEM('',(#439),#4738);
#4740=MECHANICAL_DESIGN_GEOMETRIC_PRESENTATION_REPRESENTATION('',(#4739),#4730);
#4746=(NAMED_UNIT(*)PLANE_ANGLE_UNIT()SI_UNIT($,.RADIAN.));
#4747=DIMENSIONAL_EXPONENTS(0.0,0.0,0.0,0.0,0.0,0.0,0.0);
#4748=PLANE_ANGLE_MEASURE_WITH_UNIT(PLANE_ANGLE_MEASURE(0.017453292500000),#4746);
#4752=(CONVERSION_BASED_UNIT('DEGREE',#4748)NAMED_UNIT(#4747)PLANE_ANGLE_UNIT());
#4756=(NAMED_UNIT(*)SI_UNIT($,.STERADIAN.)SOLID_ANGLE_UNIT());
#4760=(LENGTH_UNIT()NAMED_UNIT(*)SI_UNIT(.MILLI.,.METRE.));
#4762=UNCERTAINTY_MEASURE_WITH_UNIT(LENGTH_MEASURE(0.000001000000000),#4760,'DISTANCE_ACCURACY_VALUE','');
#4764=(GEOMETRIC_REPRESENTATION_CONTEXT(3)GLOBAL_UNCERTAINTY_ASSIGNED_CONTEXT((#4762))GLOBAL_UNIT_ASSIGNED_CONTEXT((#4752,#4756,#4760))REPRESENTATION_CONTEXT('','3D'));
#4765=CARTESIAN_POINT('',(81.407827565189308,23.359043143919436,1.600000000000000));
#4766=DIRECTION('',(0.0,0.0,1.0));
#4767=DIRECTION('',(1.0,0.0,0.0));
#4768=AXIS2_PLACEMENT_3D('',#4765,#4766,#4767);
#4769=CIRCLE('',#4768,2.108200000000011);
#4770=CARTESIAN_POINT('',(83.516027565189319,23.359043143919436,1.600000000000000));
#4771=CARTESIAN_POINT('',(79.299627565189297,23.359043143919436,1.600000000000000));
#4772=TRIMMED_CURVE('',#4769,(PARAMETER_VALUE(0.0),#4770),(PARAMETER_VALUE(180.0),#4771),.T.,.PARAMETER.);
#4773=STYLED_ITEM('',(#439),#4772);
#4774=MECHANICAL_DESIGN_GEOMETRIC_PRESENTATION_REPRESENTATION('',(#4773),#4764);
#4780=(NAMED_UNIT(*)PLANE_ANGLE_UNIT()SI_UNIT($,.RADIAN.));
#4781=DIMENSIONAL_EXPONENTS(0.0,0.0,0.0,0.0,0.0,0.0,0.0);
#4782=PLANE_ANGLE_MEASURE_WITH_UNIT(PLANE_ANGLE_MEASURE(0.017453292500000),#4780);
#4786=(CONVERSION_BASED_UNIT('DEGREE',#4782)NAMED_UNIT(#4781)PLANE_ANGLE_UNIT());
#4790=(NAMED_UNIT(*)SI_UNIT($,.STERADIAN.)SOLID_ANGLE_UNIT());
#4794=(LENGTH_UNIT()NAMED_UNIT(*)SI_UNIT(.MILLI.,.METRE.));
#4796=UNCERTAINTY_MEASURE_WITH_UNIT(LENGTH_MEASURE(0.000001000000000),#4794,'DISTANCE_ACCURACY_VALUE','');
#4798=(GEOMETRIC_REPRESENTATION_CONTEXT(3)GLOBAL_UNCERTAINTY_ASSIGNED_CONTEXT((#4796))GLOBAL_UNIT_ASSIGNED_CONTEXT((#4786,#4790,#4794))REPRESENTATION_CONTEXT('','3D'));
#4799=CARTESIAN_POINT('',(81.407830406118933,23.359041202885344,1.600000000000000));
#4800=DIRECTION('',(0.0,0.0,1.0));
#4801=DIRECTION('',(1.0,0.0,0.0));
#4802=AXIS2_PLACEMENT_3D('',#4799,#4800,#4801);
#4803=CIRCLE('',#4802,3.012338878032985);
#4804=CARTESIAN_POINT('',(84.151117565189367,24.603453143919459,1.600000000000000));
#4805=CARTESIAN_POINT('',(80.427107565189317,26.207263143919430,1.600000000000000));
#4806=TRIMMED_CURVE('',#4803,(PARAMETER_VALUE(24.400029373509970),#4804),(PARAMETER_VALUE(109.000024779474880),#4805),.T.,.PARAMETER.);
#4807=STYLED_ITEM('',(#439),#4806);
#4808=MECHANICAL_DESIGN_GEOMETRIC_PRESENTATION_REPRESENTATION('',(#4807),#4798);
#4814=(NAMED_UNIT(*)PLANE_ANGLE_UNIT()SI_UNIT($,.RADIAN.));
#4815=DIMENSIONAL_EXPONENTS(0.0,0.0,0.0,0.0,0.0,0.0,0.0);
#4816=PLANE_ANGLE_MEASURE_WITH_UNIT(PLANE_ANGLE_MEASURE(0.017453292500000),#4814);
#4820=(CONVERSION_BASED_UNIT('DEGREE',#4816)NAMED_UNIT(#4815)PLANE_ANGLE_UNIT());
#4824=(NAMED_UNIT(*)SI_UNIT($,.STERADIAN.)SOLID_ANGLE_UNIT());
#4828=(LENGTH_UNIT()NAMED_UNIT(*)SI_UNIT(.MILLI.,.METRE.));
#4830=UNCERTAINTY_MEASURE_WITH_UNIT(LENGTH_MEASURE(0.000001000000000),#4828,'DISTANCE_ACCURACY_VALUE','');
#4832=(GEOMETRIC_REPRESENTATION_CONTEXT(3)GLOBAL_UNCERTAINTY_ASSIGNED_CONTEXT((#4830))GLOBAL_UNIT_ASSIGNED_CONTEXT((#4820,#4824,#4828))REPRESENTATION_CONTEXT('','3D'));
#4833=CARTESIAN_POINT('',(81.407827110972860,23.359037082814538,1.600000000000000));
#4834=DIRECTION('',(0.0,0.0,1.0));
#4835=DIRECTION('',(1.0,0.0,0.0));
#4836=AXIS2_PLACEMENT_3D('',#4833,#4834,#4835);
#4837=CIRCLE('',#4836,3.481283325433578);
#4838=CARTESIAN_POINT('',(84.660057565189291,24.600943143919423,1.600000000000000));
#4839=CARTESIAN_POINT('',(80.217157565189268,26.630373143919442,1.600000000000000));
#4840=TRIMMED_CURVE('',#4837,(PARAMETER_VALUE(20.900000220656629),#4838),(PARAMETER_VALUE(110.000009175166980),#4839),.T.,.PARAMETER.);
#4841=STYLED_ITEM('',(#439),#4840);
#4842=MECHANICAL_DESIGN_GEOMETRIC_PRESENTATION_REPRESENTATION('',(#4841),#4832);
#4848=(NAMED_UNIT(*)PLANE_ANGLE_UNIT()SI_UNIT($,.RADIAN.));
#4849=DIMENSIONAL_EXPONENTS(0.0,0.0,0.0,0.0,0.0,0.0,0.0);
#4850=PLANE_ANGLE_MEASURE_WITH_UNIT(PLANE_ANGLE_MEASURE(0.017453292500000),#4848);
#4854=(CONVERSION_BASED_UNIT('DEGREE',#4850)NAMED_UNIT(#4849)PLANE_ANGLE_UNIT());
#4858=(NAMED_UNIT(*)SI_UNIT($,.STERADIAN.)SOLID_ANGLE_UNIT());
#4862=(LENGTH_UNIT()NAMED_UNIT(*)SI_UNIT(.MILLI.,.METRE.));
#4864=UNCERTAINTY_MEASURE_WITH_UNIT(LENGTH_MEASURE(0.000001000000000),#4862,'DISTANCE_ACCURACY_VALUE','');
#4866=(GEOMETRIC_REPRESENTATION_CONTEXT(3)GLOBAL_UNCERTAINTY_ASSIGNED_CONTEXT((#4864))GLOBAL_UNIT_ASSIGNED_CONTEXT((#4854,#4858,#4862))REPRESENTATION_CONTEXT('','3D'));
#4867=CARTESIAN_POINT('',(81.636427565189365,23.105043143919449,1.600000000000000));
#4868=DIRECTION('',(1.0,0.0,0.0));
#4869=VECTOR('',#4868,1.523999999999859);
#4870=LINE('',#4867,#4869);
#4871=CARTESIAN_POINT('',(83.160427565189224,23.105043143919449,1.600000000000000));
#4872=TRIMMED_CURVE('',#4870,(PARAMETER_VALUE(0.0),#4867),(PARAMETER_VALUE(1.0),#4871),.T.,.PARAMETER.);
#4873=STYLED_ITEM('',(#439),#4872);
#4874=MECHANICAL_DESIGN_GEOMETRIC_PRESENTATION_REPRESENTATION('',(#4873),#4866);
#4880=(NAMED_UNIT(*)PLANE_ANGLE_UNIT()SI_UNIT($,.RADIAN.));
#4881=DIMENSIONAL_EXPONENTS(0.0,0.0,0.0,0.0,0.0,0.0,0.0);
#4882=PLANE_ANGLE_MEASURE_WITH_UNIT(PLANE_ANGLE_MEASURE(0.017453292500000),#4880);
#4886=(CONVERSION_BASED_UNIT('DEGREE',#4882)NAMED_UNIT(#4881)PLANE_ANGLE_UNIT());
#4890=(NAMED_UNIT(*)SI_UNIT($,.STERADIAN.)SOLID_ANGLE_UNIT());
#4894=(LENGTH_UNIT()NAMED_UNIT(*)SI_UNIT(.MILLI.,.METRE.));
#4896=UNCERTAINTY_MEASURE_WITH_UNIT(LENGTH_MEASURE(0.000001000000000),#4894,'DISTANCE_ACCURACY_VALUE','');
#4898=(GEOMETRIC_REPRESENTATION_CONTEXT(3)GLOBAL_UNCERTAINTY_ASSIGNED_CONTEXT((#4896))GLOBAL_UNIT_ASSIGNED_CONTEXT((#4886,#4890,#4894))REPRESENTATION_CONTEXT('','3D'));
#4899=CARTESIAN_POINT('',(81.636427565189365,23.613043143919427,1.600000000000000));
#4900=DIRECTION('',(1.0,0.0,0.0));
#4901=VECTOR('',#4900,1.523999999999859);
#4902=LINE('',#4899,#4901);
#4903=CARTESIAN_POINT('',(83.160427565189224,23.613043143919427,1.600000000000000));
#4904=TRIMMED_CURVE('',#4902,(PARAMETER_VALUE(0.0),#4899),(PARAMETER_VALUE(1.0),#4903),.T.,.PARAMETER.);
#4905=STYLED_ITEM('',(#439),#4904);
#4906=MECHANICAL_DESIGN_GEOMETRIC_PRESENTATION_REPRESENTATION('',(#4905),#4898);
#4912=(NAMED_UNIT(*)PLANE_ANGLE_UNIT()SI_UNIT($,.RADIAN.));
#4913=DIMENSIONAL_EXPONENTS(0.0,0.0,0.0,0.0,0.0,0.0,0.0);
#4914=PLANE_ANGLE_MEASURE_WITH_UNIT(PLANE_ANGLE_MEASURE(0.017453292500000),#4912);
#4918=(CONVERSION_BASED_UNIT('DEGREE',#4914)NAMED_UNIT(#4913)PLANE_ANGLE_UNIT());
#4922=(NAMED_UNIT(*)SI_UNIT($,.STERADIAN.)SOLID_ANGLE_UNIT());
#4926=(LENGTH_UNIT()NAMED_UNIT(*)SI_UNIT(.MILLI.,.METRE.));
#4928=UNCERTAINTY_MEASURE_WITH_UNIT(LENGTH_MEASURE(0.000001000000000),#4926,'DISTANCE_ACCURACY_VALUE','');
#4930=(GEOMETRIC_REPRESENTATION_CONTEXT(3)GLOBAL_UNCERTAINTY_ASSIGNED_CONTEXT((#4928))GLOBAL_UNIT_ASSIGNED_CONTEXT((#4918,#4922,#4926))REPRESENTATION_CONTEXT('','3D'));
#4931=CARTESIAN_POINT('',(81.636427565189365,21.352443143919434,1.600000000000000));
#4932=DIRECTION('',(0.0,1.0,0.0));
#4933=VECTOR('',#4932,1.752600000000015);
#4934=LINE('',#4931,#4933);
#4935=CARTESIAN_POINT('',(81.636427565189365,23.105043143919449,1.600000000000000));
#4936=TRIMMED_CURVE('',#4934,(PARAMETER_VALUE(0.0),#4931),(PARAMETER_VALUE(1.0),#4935),.T.,.PARAMETER.);
#4937=STYLED_ITEM('',(#439),#4936);
#4938=MECHANICAL_DESIGN_GEOMETRIC_PRESENTATION_REPRESENTATION('',(#4937),#4930);
#4944=(NAMED_UNIT(*)PLANE_ANGLE_UNIT()SI_UNIT($,.RADIAN.));
#4945=DIMENSIONAL_EXPONENTS(0.0,0.0,0.0,0.0,0.0,0.0,0.0);
#4946=PLANE_ANGLE_MEASURE_WITH_UNIT(PLANE_ANGLE_MEASURE(0.017453292500000),#4944);
#4950=(CONVERSION_BASED_UNIT('DEGREE',#4946)NAMED_UNIT(#4945)PLANE_ANGLE_UNIT());
#4954=(NAMED_UNIT(*)SI_UNIT($,.STERADIAN.)SOLID_ANGLE_UNIT());
#4958=(LENGTH_UNIT()NAMED_UNIT(*)SI_UNIT(.MILLI.,.METRE.));
#4960=UNCERTAINTY_MEASURE_WITH_UNIT(LENGTH_MEASURE(0.000001000000000),#4958,'DISTANCE_ACCURACY_VALUE','');
#4962=(GEOMETRIC_REPRESENTATION_CONTEXT(3)GLOBAL_UNCERTAINTY_ASSIGNED_CONTEXT((#4960))GLOBAL_UNIT_ASSIGNED_CONTEXT((#4950,#4954,#4958))REPRESENTATION_CONTEXT('','3D'));
#4963=CARTESIAN_POINT('',(81.636427565189365,25.111643143919441,1.600000000000000));
#4964=DIRECTION('',(0.0,-1.0,0.0));
#4965=VECTOR('',#4964,1.498600000000014);
#4966=LINE('',#4963,#4965);
#4967=CARTESIAN_POINT('',(81.636427565189365,23.613043143919427,1.600000000000000));
#4968=TRIMMED_CURVE('',#4966,(PARAMETER_VALUE(0.0),#4963),(PARAMETER_VALUE(1.0),#4967),.T.,.PARAMETER.);
#4969=STYLED_ITEM('',(#439),#4968);
#4970=MECHANICAL_DESIGN_GEOMETRIC_PRESENTATION_REPRESENTATION('',(#4969),#4962);
#4976=(NAMED_UNIT(*)PLANE_ANGLE_UNIT()SI_UNIT($,.RADIAN.));
#4977=DIMENSIONAL_EXPONENTS(0.0,0.0,0.0,0.0,0.0,0.0,0.0);
#4978=PLANE_ANGLE_MEASURE_WITH_UNIT(PLANE_ANGLE_MEASURE(0.017453292500000),#4976);
#4982=(CONVERSION_BASED_UNIT('DEGREE',#4978)NAMED_UNIT(#4977)PLANE_ANGLE_UNIT());
#4986=(NAMED_UNIT(*)SI_UNIT($,.STERADIAN.)SOLID_ANGLE_UNIT());
#4990=(LENGTH_UNIT()NAMED_UNIT(*)SI_UNIT(.MILLI.,.METRE.));
#4992=UNCERTAINTY_MEASURE_WITH_UNIT(LENGTH_MEASURE(0.000001000000000),#4990,'DISTANCE_ACCURACY_VALUE','');
#4994=(GEOMETRIC_REPRESENTATION_CONTEXT(3)GLOBAL_UNCERTAINTY_ASSIGNED_CONTEXT((#4992))GLOBAL_UNIT_ASSIGNED_CONTEXT((#4982,#4986,#4990))REPRESENTATION_CONTEXT('','3D'));
#4995=CARTESIAN_POINT('',(81.153827565189289,23.613043143919427,1.600000000000000));
#4996=DIRECTION('',(0.0,1.0,0.0));
#4997=VECTOR('',#4996,1.498600000000010);
#4998=LINE('',#4995,#4997);
#4999=CARTESIAN_POINT('',(81.153827565189289,25.111643143919437,1.600000000000000));
#5000=TRIMMED_CURVE('',#4998,(PARAMETER_VALUE(0.0),#4995),(PARAMETER_VALUE(1.0),#4999),.T.,.PARAMETER.);
#5001=STYLED_ITEM('',(#439),#5000);
#5002=MECHANICAL_DESIGN_GEOMETRIC_PRESENTATION_REPRESENTATION('',(#5001),#4994);
#5008=(NAMED_UNIT(*)PLANE_ANGLE_UNIT()SI_UNIT($,.RADIAN.));
#5009=DIMENSIONAL_EXPONENTS(0.0,0.0,0.0,0.0,0.0,0.0,0.0);
#5010=PLANE_ANGLE_MEASURE_WITH_UNIT(PLANE_ANGLE_MEASURE(0.017453292500000),#5008);
#5014=(CONVERSION_BASED_UNIT('DEGREE',#5010)NAMED_UNIT(#5009)PLANE_ANGLE_UNIT());
#5018=(NAMED_UNIT(*)SI_UNIT($,.STERADIAN.)SOLID_ANGLE_UNIT());
#5022=(LENGTH_UNIT()NAMED_UNIT(*)SI_UNIT(.MILLI.,.METRE.));
#5024=UNCERTAINTY_MEASURE_WITH_UNIT(LENGTH_MEASURE(0.000001000000000),#5022,'DISTANCE_ACCURACY_VALUE','');
#5026=(GEOMETRIC_REPRESENTATION_CONTEXT(3)GLOBAL_UNCERTAINTY_ASSIGNED_CONTEXT((#5024))GLOBAL_UNIT_ASSIGNED_CONTEXT((#5014,#5018,#5022))REPRESENTATION_CONTEXT('','3D'));
#5027=CARTESIAN_POINT('',(81.153827565189289,23.105043143919449,1.600000000000000));
#5028=DIRECTION('',(0.0,-1.0,0.0));
#5029=VECTOR('',#5028,1.752600000000015);
#5030=LINE('',#5027,#5029);
#5031=CARTESIAN_POINT('',(81.153827565189289,21.352443143919434,1.600000000000000));
#5032=TRIMMED_CURVE('',#5030,(PARAMETER_VALUE(0.0),#5027),(PARAMETER_VALUE(1.0),#5031),.T.,.PARAMETER.);
#5033=STYLED_ITEM('',(#439),#5032);
#5034=MECHANICAL_DESIGN_GEOMETRIC_PRESENTATION_REPRESENTATION('',(#5033),#5026);
#5040=(NAMED_UNIT(*)PLANE_ANGLE_UNIT()SI_UNIT($,.RADIAN.));
#5041=DIMENSIONAL_EXPONENTS(0.0,0.0,0.0,0.0,0.0,0.0,0.0);
#5042=PLANE_ANGLE_MEASURE_WITH_UNIT(PLANE_ANGLE_MEASURE(0.017453292500000),#5040);
#5046=(CONVERSION_BASED_UNIT('DEGREE',#5042)NAMED_UNIT(#5041)PLANE_ANGLE_UNIT());
#5050=(NAMED_UNIT(*)SI_UNIT($,.STERADIAN.)SOLID_ANGLE_UNIT());
#5054=(LENGTH_UNIT()NAMED_UNIT(*)SI_UNIT(.MILLI.,.METRE.));
#5056=UNCERTAINTY_MEASURE_WITH_UNIT(LENGTH_MEASURE(0.000001000000000),#5054,'DISTANCE_ACCURACY_VALUE','');
#5058=(GEOMETRIC_REPRESENTATION_CONTEXT(3)GLOBAL_UNCERTAINTY_ASSIGNED_CONTEXT((#5056))GLOBAL_UNIT_ASSIGNED_CONTEXT((#5046,#5050,#5054))REPRESENTATION_CONTEXT('','3D'));
#5059=CARTESIAN_POINT('',(81.407828860443701,23.359044335879968,1.600000000000000));
#5060=DIRECTION('',(0.0,0.0,1.0));
#5061=DIRECTION('',(1.0,0.0,0.0));
#5062=AXIS2_PLACEMENT_3D('',#5059,#5060,#5061);
#5063=CIRCLE('',#5062,3.472003095367255);
#5064=CARTESIAN_POINT('',(78.413177565189358,25.115993143919429,1.600000000000000));
#5065=CARTESIAN_POINT('',(78.460197565189304,21.524303143919454,1.600000000000000));
#5066=TRIMMED_CURVE('',#5063,(PARAMETER_VALUE(149.600038023380140),#5064),(PARAMETER_VALUE(211.900032229865620),#5065),.T.,.PARAMETER.);
#5067=STYLED_ITEM('',(#439),#5066);
#5068=MECHANICAL_DESIGN_GEOMETRIC_PRESENTATION_REPRESENTATION('',(#5067),#5058);
#5074=(NAMED_UNIT(*)PLANE_ANGLE_UNIT()SI_UNIT($,.RADIAN.));
#5075=DIMENSIONAL_EXPONENTS(0.0,0.0,0.0,0.0,0.0,0.0,0.0);
#5076=PLANE_ANGLE_MEASURE_WITH_UNIT(PLANE_ANGLE_MEASURE(0.017453292500000),#5074);
#5080=(CONVERSION_BASED_UNIT('DEGREE',#5076)NAMED_UNIT(#5075)PLANE_ANGLE_UNIT());
#5084=(NAMED_UNIT(*)SI_UNIT($,.STERADIAN.)SOLID_ANGLE_UNIT());
#5088=(LENGTH_UNIT()NAMED_UNIT(*)SI_UNIT(.MILLI.,.METRE.));
#5090=UNCERTAINTY_MEASURE_WITH_UNIT(LENGTH_MEASURE(0.000001000000000),#5088,'DISTANCE_ACCURACY_VALUE','');
#5092=(GEOMETRIC_REPRESENTATION_CONTEXT(3)GLOBAL_UNCERTAINTY_ASSIGNED_CONTEXT((#5090))GLOBAL_UNIT_ASSIGNED_CONTEXT((#5080,#5084,#5088))REPRESENTATION_CONTEXT('','3D'));
#5093=CARTESIAN_POINT('',(78.405027565188902,-5.474552824674683,1.600000000000000));
#5094=DIRECTION('',(-1.0,0.0,0.0));
#5095=VECTOR('',#5094,22.499999999999773);
#5096=LINE('',#5093,#5095);
#5097=CARTESIAN_POINT('',(55.905027565189130,-5.474552824674595,1.600000000000000));
#5098=TRIMMED_CURVE('',#5096,(PARAMETER_VALUE(0.0),#5093),(PARAMETER_VALUE(1.0),#5097),.T.,.PARAMETER.);
#5104=(NAMED_UNIT(*)PLANE_ANGLE_UNIT()SI_UNIT($,.RADIAN.));
#5105=DIMENSIONAL_EXPONENTS(0.0,0.0,0.0,0.0,0.0,0.0,0.0);
#5106=PLANE_ANGLE_MEASURE_WITH_UNIT(PLANE_ANGLE_MEASURE(0.017453292500000),#5104);
#5110=(CONVERSION_BASED_UNIT('DEGREE',#5106)NAMED_UNIT(#5105)PLANE_ANGLE_UNIT());
#5114=(NAMED_UNIT(*)SI_UNIT($,.STERADIAN.)SOLID_ANGLE_UNIT());
#5118=(LENGTH_UNIT()NAMED_UNIT(*)SI_UNIT(.MILLI.,.METRE.));
#5120=UNCERTAINTY_MEASURE_WITH_UNIT(LENGTH_MEASURE(0.000001000000000),#5118,'DISTANCE_ACCURACY_VALUE','');
#5122=(GEOMETRIC_REPRESENTATION_CONTEXT(3)GLOBAL_UNCERTAINTY_ASSIGNED_CONTEXT((#5120))GLOBAL_UNIT_ASSIGNED_CONTEXT((#5110,#5114,#5118))REPRESENTATION_CONTEXT('','3D'));
#5123=CARTESIAN_POINT('',(55.905027565189144,-5.474552824674595,1.600000000000000));
#5124=DIRECTION('',(0.0,1.0,0.0));
#5125=VECTOR('',#5124,45.500000000000028);
#5126=LINE('',#5123,#5125);
#5127=CARTESIAN_POINT('',(55.905027565189428,40.025447175325432,1.600000000000000));
#5128=TRIMMED_CURVE('',#5126,(PARAMETER_VALUE(0.0),#5123),(PARAMETER_VALUE(1.0),#5127),.T.,.PARAMETER.);
#5134=(NAMED_UNIT(*)PLANE_ANGLE_UNIT()SI_UNIT($,.RADIAN.));
#5135=DIMENSIONAL_EXPONENTS(0.0,0.0,0.0,0.0,0.0,0.0,0.0);
#5136=PLANE_ANGLE_MEASURE_WITH_UNIT(PLANE_ANGLE_MEASURE(0.017453292500000),#5134);
#5140=(CONVERSION_BASED_UNIT('DEGREE',#5136)NAMED_UNIT(#5135)PLANE_ANGLE_UNIT());
#5144=(NAMED_UNIT(*)SI_UNIT($,.STERADIAN.)SOLID_ANGLE_UNIT());
#5148=(LENGTH_UNIT()NAMED_UNIT(*)SI_UNIT(.MILLI.,.METRE.));
#5150=UNCERTAINTY_MEASURE_WITH_UNIT(LENGTH_MEASURE(0.000001000000000),#5148,'DISTANCE_ACCURACY_VALUE','');
#5152=(GEOMETRIC_REPRESENTATION_CONTEXT(3)GLOBAL_UNCERTAINTY_ASSIGNED_CONTEXT((#5150))GLOBAL_UNIT_ASSIGNED_CONTEXT((#5140,#5144,#5148))REPRESENTATION_CONTEXT('','3D'));
#5153=CARTESIAN_POINT('',(53.405027565189144,-5.474552824674595,1.600000000000000));
#5154=DIRECTION('',(0.0,1.0,0.0));
#5155=VECTOR('',#5154,45.500000000000028);
#5156=LINE('',#5153,#5155);
#5157=CARTESIAN_POINT('',(53.405027565189144,40.025447175325432,1.600000000000000));
#5158=TRIMMED_CURVE('',#5156,(PARAMETER_VALUE(0.0),#5153),(PARAMETER_VALUE(1.0),#5157),.T.,.PARAMETER.);
#5164=(NAMED_UNIT(*)PLANE_ANGLE_UNIT()SI_UNIT($,.RADIAN.));
#5165=DIMENSIONAL_EXPONENTS(0.0,0.0,0.0,0.0,0.0,0.0,0.0);
#5166=PLANE_ANGLE_MEASURE_WITH_UNIT(PLANE_ANGLE_MEASURE(0.017453292500000),#5164);
#5170=(CONVERSION_BASED_UNIT('DEGREE',#5166)NAMED_UNIT(#5165)PLANE_ANGLE_UNIT());
#5174=(NAMED_UNIT(*)SI_UNIT($,.STERADIAN.)SOLID_ANGLE_UNIT());
#5178=(LENGTH_UNIT()NAMED_UNIT(*)SI_UNIT(.MILLI.,.METRE.));
#5180=UNCERTAINTY_MEASURE_WITH_UNIT(LENGTH_MEASURE(0.000001000000000),#5178,'DISTANCE_ACCURACY_VALUE','');
#5182=(GEOMETRIC_REPRESENTATION_CONTEXT(3)GLOBAL_UNCERTAINTY_ASSIGNED_CONTEXT((#5180))GLOBAL_UNIT_ASSIGNED_CONTEXT((#5170,#5174,#5178))REPRESENTATION_CONTEXT('','3D'));
#5183=CARTESIAN_POINT('',(55.905027565189428,40.025447175325432,1.600000000000000));
#5184=DIRECTION('',(0.0,0.0,1.0));
#5185=DIRECTION('',(1.0,0.0,0.0));
#5186=AXIS2_PLACEMENT_3D('',#5183,#5184,#5185);
#5187=CIRCLE('',#5186,2.500000000000284);
#5188=CARTESIAN_POINT('',(55.905027565189428,42.525447175325716,1.600000000000000));
#5189=CARTESIAN_POINT('',(53.405027565189144,40.025447175325432,1.600000000000000));
#5190=TRIMMED_CURVE('',#5187,(PARAMETER_VALUE(90.0),#5188),(PARAMETER_VALUE(180.0),#5189),.T.,.PARAMETER.);
#5196=(NAMED_UNIT(*)PLANE_ANGLE_UNIT()SI_UNIT($,.RADIAN.));
#5197=DIMENSIONAL_EXPONENTS(0.0,0.0,0.0,0.0,0.0,0.0,0.0);
#5198=PLANE_ANGLE_MEASURE_WITH_UNIT(PLANE_ANGLE_MEASURE(0.017453292500000),#5196);
#5202=(CONVERSION_BASED_UNIT('DEGREE',#5198)NAMED_UNIT(#5197)PLANE_ANGLE_UNIT());
#5206=(NAMED_UNIT(*)SI_UNIT($,.STERADIAN.)SOLID_ANGLE_UNIT());
#5210=(LENGTH_UNIT()NAMED_UNIT(*)SI_UNIT(.MILLI.,.METRE.));
#5212=UNCERTAINTY_MEASURE_WITH_UNIT(LENGTH_MEASURE(0.000001000000000),#5210,'DISTANCE_ACCURACY_VALUE','');
#5214=(GEOMETRIC_REPRESENTATION_CONTEXT(3)GLOBAL_UNCERTAINTY_ASSIGNED_CONTEXT((#5212))GLOBAL_UNIT_ASSIGNED_CONTEXT((#5202,#5206,#5210))REPRESENTATION_CONTEXT('','3D'));
#5215=CARTESIAN_POINT('',(78.405027565188902,-7.974552824674683,1.600000000000000));
#5216=DIRECTION('',(-1.0,0.0,0.0));
#5217=VECTOR('',#5216,22.499999999999773);
#5218=LINE('',#5215,#5217);
#5219=CARTESIAN_POINT('',(55.905027565189130,-7.974552824674595,1.600000000000000));
#5220=TRIMMED_CURVE('',#5218,(PARAMETER_VALUE(0.0),#5215),(PARAMETER_VALUE(1.0),#5219),.T.,.PARAMETER.);
#5226=(NAMED_UNIT(*)PLANE_ANGLE_UNIT()SI_UNIT($,.RADIAN.));
#5227=DIMENSIONAL_EXPONENTS(0.0,0.0,0.0,0.0,0.0,0.0,0.0);
#5228=PLANE_ANGLE_MEASURE_WITH_UNIT(PLANE_ANGLE_MEASURE(0.017453292500000),#5226);
#5232=(CONVERSION_BASED_UNIT('DEGREE',#5228)NAMED_UNIT(#5227)PLANE_ANGLE_UNIT());
#5236=(NAMED_UNIT(*)SI_UNIT($,.STERADIAN.)SOLID_ANGLE_UNIT());
#5240=(LENGTH_UNIT()NAMED_UNIT(*)SI_UNIT(.MILLI.,.METRE.));
#5242=UNCERTAINTY_MEASURE_WITH_UNIT(LENGTH_MEASURE(0.000001000000000),#5240,'DISTANCE_ACCURACY_VALUE','');
#5244=(GEOMETRIC_REPRESENTATION_CONTEXT(3)GLOBAL_UNCERTAINTY_ASSIGNED_CONTEXT((#5242))GLOBAL_UNIT_ASSIGNED_CONTEXT((#5232,#5236,#5240))REPRESENTATION_CONTEXT('','3D'));
#5245=CARTESIAN_POINT('',(55.905027565189144,-5.474552824674595,1.600000000000000));
#5246=DIRECTION('',(0.0,0.0,1.0));
#5247=DIRECTION('',(1.0,0.0,0.0));
#5248=AXIS2_PLACEMENT_3D('',#5245,#5246,#5247);
#5249=CIRCLE('',#5248,2.500000000000000);
#5250=CARTESIAN_POINT('',(53.405027565189144,-5.474552824674595,1.600000000000000));
#5251=CARTESIAN_POINT('',(55.905027565189144,-7.974552824674595,1.600000000000000));
#5252=TRIMMED_CURVE('',#5249,(PARAMETER_VALUE(180.0),#5250),(PARAMETER_VALUE(270.0),#5251),.T.,.PARAMETER.);
#5258=(NAMED_UNIT(*)PLANE_ANGLE_UNIT()SI_UNIT($,.RADIAN.));
#5259=DIMENSIONAL_EXPONENTS(0.0,0.0,0.0,0.0,0.0,0.0,0.0);
#5260=PLANE_ANGLE_MEASURE_WITH_UNIT(PLANE_ANGLE_MEASURE(0.017453292500000),#5258);
#5264=(CONVERSION_BASED_UNIT('DEGREE',#5260)NAMED_UNIT(#5259)PLANE_ANGLE_UNIT());
#5268=(NAMED_UNIT(*)SI_UNIT($,.STERADIAN.)SOLID_ANGLE_UNIT());
#5272=(LENGTH_UNIT()NAMED_UNIT(*)SI_UNIT(.MILLI.,.METRE.));
#5274=UNCERTAINTY_MEASURE_WITH_UNIT(LENGTH_MEASURE(0.000001000000000),#5272,'DISTANCE_ACCURACY_VALUE','');
#5276=(GEOMETRIC_REPRESENTATION_CONTEXT(3)GLOBAL_UNCERTAINTY_ASSIGNED_CONTEXT((#5274))GLOBAL_UNIT_ASSIGNED_CONTEXT((#5264,#5268,#5272))REPRESENTATION_CONTEXT('','3D'));
#5277=CARTESIAN_POINT('',(53.405027565189144,-5.474552824674595,1.600000000000000));
#5278=DIRECTION('',(1.0,0.0,0.0));
#5279=VECTOR('',#5278,2.500000000000000);
#5280=LINE('',#5277,#5279);
#5281=CARTESIAN_POINT('',(55.905027565189144,-5.474552824674595,1.600000000000000));
#5282=TRIMMED_CURVE('',#5280,(PARAMETER_VALUE(0.0),#5277),(PARAMETER_VALUE(1.0),#5281),.T.,.PARAMETER.);
#5288=(NAMED_UNIT(*)PLANE_ANGLE_UNIT()SI_UNIT($,.RADIAN.));
#5289=DIMENSIONAL_EXPONENTS(0.0,0.0,0.0,0.0,0.0,0.0,0.0);
#5290=PLANE_ANGLE_MEASURE_WITH_UNIT(PLANE_ANGLE_MEASURE(0.017453292500000),#5288);
#5294=(CONVERSION_BASED_UNIT('DEGREE',#5290)NAMED_UNIT(#5289)PLANE_ANGLE_UNIT());
#5298=(NAMED_UNIT(*)SI_UNIT($,.STERADIAN.)SOLID_ANGLE_UNIT());
#5302=(LENGTH_UNIT()NAMED_UNIT(*)SI_UNIT(.MILLI.,.METRE.));
#5304=UNCERTAINTY_MEASURE_WITH_UNIT(LENGTH_MEASURE(0.000001000000000),#5302,'DISTANCE_ACCURACY_VALUE','');
#5306=(GEOMETRIC_REPRESENTATION_CONTEXT(3)GLOBAL_UNCERTAINTY_ASSIGNED_CONTEXT((#5304))GLOBAL_UNIT_ASSIGNED_CONTEXT((#5294,#5298,#5302))REPRESENTATION_CONTEXT('','3D'));
#5307=CARTESIAN_POINT('',(55.905027565189144,-5.474552824674595,1.600000000000000));
#5308=DIRECTION('',(0.0,-1.0,0.0));
#5309=VECTOR('',#5308,2.500000000000000);
#5310=LINE('',#5307,#5309);
#5311=CARTESIAN_POINT('',(55.905027565189144,-7.974552824674595,1.600000000000000));
#5312=TRIMMED_CURVE('',#5310,(PARAMETER_VALUE(0.0),#5307),(PARAMETER_VALUE(1.0),#5311),.T.,.PARAMETER.);
#5318=(NAMED_UNIT(*)PLANE_ANGLE_UNIT()SI_UNIT($,.RADIAN.));
#5319=DIMENSIONAL_EXPONENTS(0.0,0.0,0.0,0.0,0.0,0.0,0.0);
#5320=PLANE_ANGLE_MEASURE_WITH_UNIT(PLANE_ANGLE_MEASURE(0.017453292500000),#5318);
#5324=(CONVERSION_BASED_UNIT('DEGREE',#5320)NAMED_UNIT(#5319)PLANE_ANGLE_UNIT());
#5328=(NAMED_UNIT(*)SI_UNIT($,.STERADIAN.)SOLID_ANGLE_UNIT());
#5332=(LENGTH_UNIT()NAMED_UNIT(*)SI_UNIT(.MILLI.,.METRE.));
#5334=UNCERTAINTY_MEASURE_WITH_UNIT(LENGTH_MEASURE(0.000001000000000),#5332,'DISTANCE_ACCURACY_VALUE','');
#5336=(GEOMETRIC_REPRESENTATION_CONTEXT(3)GLOBAL_UNCERTAINTY_ASSIGNED_CONTEXT((#5334))GLOBAL_UNIT_ASSIGNED_CONTEXT((#5324,#5328,#5332))REPRESENTATION_CONTEXT('','3D'));
#5337=CARTESIAN_POINT('',(78.405027565188618,42.525447175325567,1.600000000000000));
#5338=DIRECTION('',(-1.0,0.0,0.0));
#5339=VECTOR('',#5338,22.499999999999162);
#5340=LINE('',#5337,#5339);
#5341=CARTESIAN_POINT('',(55.905027565189457,42.525447175325723,1.600000000000000));
#5342=TRIMMED_CURVE('',#5340,(PARAMETER_VALUE(0.0),#5337),(PARAMETER_VALUE(1.0),#5341),.T.,.PARAMETER.);
#5348=(NAMED_UNIT(*)PLANE_ANGLE_UNIT()SI_UNIT($,.RADIAN.));
#5349=DIMENSIONAL_EXPONENTS(0.0,0.0,0.0,0.0,0.0,0.0,0.0);
#5350=PLANE_ANGLE_MEASURE_WITH_UNIT(PLANE_ANGLE_MEASURE(0.017453292500000),#5348);
#5354=(CONVERSION_BASED_UNIT('DEGREE',#5350)NAMED_UNIT(#5349)PLANE_ANGLE_UNIT());
#5358=(NAMED_UNIT(*)SI_UNIT($,.STERADIAN.)SOLID_ANGLE_UNIT());
#5362=(LENGTH_UNIT()NAMED_UNIT(*)SI_UNIT(.MILLI.,.METRE.));
#5364=UNCERTAINTY_MEASURE_WITH_UNIT(LENGTH_MEASURE(0.000001000000000),#5362,'DISTANCE_ACCURACY_VALUE','');
#5366=(GEOMETRIC_REPRESENTATION_CONTEXT(3)GLOBAL_UNCERTAINTY_ASSIGNED_CONTEXT((#5364))GLOBAL_UNIT_ASSIGNED_CONTEXT((#5354,#5358,#5362))REPRESENTATION_CONTEXT('','3D'));
#5367=CARTESIAN_POINT('',(55.905027565189457,42.525447175325723,1.600000000000000));
#5368=DIRECTION('',(0.0,-1.0,0.0));
#5369=VECTOR('',#5368,2.500000000000291);
#5370=LINE('',#5367,#5369);
#5371=CARTESIAN_POINT('',(55.905027565189421,40.025447175325432,1.600000000000000));
#5372=TRIMMED_CURVE('',#5370,(PARAMETER_VALUE(0.0),#5367),(PARAMETER_VALUE(1.0),#5371),.T.,.PARAMETER.);
#5378=(NAMED_UNIT(*)PLANE_ANGLE_UNIT()SI_UNIT($,.RADIAN.));
#5379=DIMENSIONAL_EXPONENTS(0.0,0.0,0.0,0.0,0.0,0.0,0.0);
#5380=PLANE_ANGLE_MEASURE_WITH_UNIT(PLANE_ANGLE_MEASURE(0.017453292500000),#5378);
#5384=(CONVERSION_BASED_UNIT('DEGREE',#5380)NAMED_UNIT(#5379)PLANE_ANGLE_UNIT());
#5388=(NAMED_UNIT(*)SI_UNIT($,.STERADIAN.)SOLID_ANGLE_UNIT());
#5392=(LENGTH_UNIT()NAMED_UNIT(*)SI_UNIT(.MILLI.,.METRE.));
#5394=UNCERTAINTY_MEASURE_WITH_UNIT(LENGTH_MEASURE(0.000001000000000),#5392,'DISTANCE_ACCURACY_VALUE','');
#5396=(GEOMETRIC_REPRESENTATION_CONTEXT(3)GLOBAL_UNCERTAINTY_ASSIGNED_CONTEXT((#5394))GLOBAL_UNIT_ASSIGNED_CONTEXT((#5384,#5388,#5392))REPRESENTATION_CONTEXT('','3D'));
#5397=CARTESIAN_POINT('',(55.905027565189428,40.025447175325432,1.600000000000000));
#5398=DIRECTION('',(-1.0,0.0,0.0));
#5399=VECTOR('',#5398,2.500000000000284);
#5400=LINE('',#5397,#5399);
#5401=CARTESIAN_POINT('',(53.405027565189144,40.025447175325432,1.600000000000000));
#5402=TRIMMED_CURVE('',#5400,(PARAMETER_VALUE(0.0),#5397),(PARAMETER_VALUE(1.0),#5401),.T.,.PARAMETER.);
#5408=(NAMED_UNIT(*)PLANE_ANGLE_UNIT()SI_UNIT($,.RADIAN.));
#5409=DIMENSIONAL_EXPONENTS(0.0,0.0,0.0,0.0,0.0,0.0,0.0);
#5410=PLANE_ANGLE_MEASURE_WITH_UNIT(PLANE_ANGLE_MEASURE(0.017453292500000),#5408);
#5414=(CONVERSION_BASED_UNIT('DEGREE',#5410)NAMED_UNIT(#5409)PLANE_ANGLE_UNIT());
#5418=(NAMED_UNIT(*)SI_UNIT($,.STERADIAN.)SOLID_ANGLE_UNIT());
#5422=(LENGTH_UNIT()NAMED_UNIT(*)SI_UNIT(.MILLI.,.METRE.));
#5424=UNCERTAINTY_MEASURE_WITH_UNIT(LENGTH_MEASURE(0.000001000000000),#5422,'DISTANCE_ACCURACY_VALUE','');
#5426=(GEOMETRIC_REPRESENTATION_CONTEXT(3)GLOBAL_UNCERTAINTY_ASSIGNED_CONTEXT((#5424))GLOBAL_UNIT_ASSIGNED_CONTEXT((#5414,#5418,#5422))REPRESENTATION_CONTEXT('','3D'));
#5427=CARTESIAN_POINT('',(78.405027565188618,40.025447175325539,1.600000000000000));
#5428=DIRECTION('',(-1.0,0.0,0.0));
#5429=VECTOR('',#5428,22.499999999999204);
#5430=LINE('',#5427,#5429);
#5431=CARTESIAN_POINT('',(55.905027565189414,40.025447175325432,1.600000000000000));
#5432=TRIMMED_CURVE('',#5430,(PARAMETER_VALUE(0.0),#5427),(PARAMETER_VALUE(1.0),#5431),.T.,.PARAMETER.);
#5438=(NAMED_UNIT(*)PLANE_ANGLE_UNIT()SI_UNIT($,.RADIAN.));
#5439=DIMENSIONAL_EXPONENTS(0.0,0.0,0.0,0.0,0.0,0.0,0.0);
#5440=PLANE_ANGLE_MEASURE_WITH_UNIT(PLANE_ANGLE_MEASURE(0.017453292500000),#5438);
#5444=(CONVERSION_BASED_UNIT('DEGREE',#5440)NAMED_UNIT(#5439)PLANE_ANGLE_UNIT());
#5448=(NAMED_UNIT(*)SI_UNIT($,.STERADIAN.)SOLID_ANGLE_UNIT());
#5452=(LENGTH_UNIT()NAMED_UNIT(*)SI_UNIT(.MILLI.,.METRE.));
#5454=UNCERTAINTY_MEASURE_WITH_UNIT(LENGTH_MEASURE(0.000001000000000),#5452,'DISTANCE_ACCURACY_VALUE','');
#5456=(GEOMETRIC_REPRESENTATION_CONTEXT(3)GLOBAL_UNCERTAINTY_ASSIGNED_CONTEXT((#5454))GLOBAL_UNIT_ASSIGNED_CONTEXT((#5444,#5448,#5452))REPRESENTATION_CONTEXT('','3D'));
#5457=CARTESIAN_POINT('',(86.005027565189266,-8.224552824674564,1.600000000000000));
#5458=DIRECTION('',(-1.0,0.0,0.0));
#5459=VECTOR('',#5458,101.600000000000020);
#5460=LINE('',#5457,#5459);
#5461=CARTESIAN_POINT('',(-15.594972434810757,-8.224552824674564,1.600000000000000));
#5462=TRIMMED_CURVE('',#5460,(PARAMETER_VALUE(0.0),#5457),(PARAMETER_VALUE(1.0),#5461),.T.,.PARAMETER.);
#5463=COLOUR_RGB('',0.623529374599457,0.223529398441315,0.474509805440903);
#5464=DRAUGHTING_PRE_DEFINED_CURVE_FONT('continuous');
#5465=CURVE_STYLE('',#5464,POSITIVE_LENGTH_MEASURE(0.100000000000000),#5463);
#5466=PRESENTATION_STYLE_ASSIGNMENT((#5465));
#5467=STYLED_ITEM('',(#5466),#5462);
#5468=MECHANICAL_DESIGN_GEOMETRIC_PRESENTATION_REPRESENTATION('',(#5467),#5456);
#5474=(NAMED_UNIT(*)PLANE_ANGLE_UNIT()SI_UNIT($,.RADIAN.));
#5475=DIMENSIONAL_EXPONENTS(0.0,0.0,0.0,0.0,0.0,0.0,0.0);
#5476=PLANE_ANGLE_MEASURE_WITH_UNIT(PLANE_ANGLE_MEASURE(0.017453292500000),#5474);
#5480=(CONVERSION_BASED_UNIT('DEGREE',#5476)NAMED_UNIT(#5475)PLANE_ANGLE_UNIT());
#5484=(NAMED_UNIT(*)SI_UNIT($,.STERADIAN.)SOLID_ANGLE_UNIT());
#5488=(LENGTH_UNIT()NAMED_UNIT(*)SI_UNIT(.MILLI.,.METRE.));
#5490=UNCERTAINTY_MEASURE_WITH_UNIT(LENGTH_MEASURE(0.000001000000000),#5488,'DISTANCE_ACCURACY_VALUE','');
#5492=(GEOMETRIC_REPRESENTATION_CONTEXT(3)GLOBAL_UNCERTAINTY_ASSIGNED_CONTEXT((#5490))GLOBAL_UNIT_ASSIGNED_CONTEXT((#5480,#5484,#5488))REPRESENTATION_CONTEXT('','3D'));
#5493=CARTESIAN_POINT('',(-15.594972434810757,-8.224552824674564,1.600000000000000));
#5494=DIRECTION('',(0.0,1.0,0.0));
#5495=VECTOR('',#5494,50.800000000000011);
#5496=LINE('',#5493,#5495);
#5497=CARTESIAN_POINT('',(-15.594972434810757,42.575447175325451,1.600000000000000));
#5498=TRIMMED_CURVE('',#5496,(PARAMETER_VALUE(0.0),#5493),(PARAMETER_VALUE(1.0),#5497),.T.,.PARAMETER.);
#5499=STYLED_ITEM('',(#5466),#5498);
#5500=MECHANICAL_DESIGN_GEOMETRIC_PRESENTATION_REPRESENTATION('',(#5499),#5492);
#5506=(NAMED_UNIT(*)PLANE_ANGLE_UNIT()SI_UNIT($,.RADIAN.));
#5507=DIMENSIONAL_EXPONENTS(0.0,0.0,0.0,0.0,0.0,0.0,0.0);
#5508=PLANE_ANGLE_MEASURE_WITH_UNIT(PLANE_ANGLE_MEASURE(0.017453292500000),#5506);
#5512=(CONVERSION_BASED_UNIT('DEGREE',#5508)NAMED_UNIT(#5507)PLANE_ANGLE_UNIT());
#5516=(NAMED_UNIT(*)SI_UNIT($,.STERADIAN.)SOLID_ANGLE_UNIT());
#5520=(LENGTH_UNIT()NAMED_UNIT(*)SI_UNIT(.MILLI.,.METRE.));
#5522=UNCERTAINTY_MEASURE_WITH_UNIT(LENGTH_MEASURE(0.000001000000000),#5520,'DISTANCE_ACCURACY_VALUE','');
#5524=(GEOMETRIC_REPRESENTATION_CONTEXT(3)GLOBAL_UNCERTAINTY_ASSIGNED_CONTEXT((#5522))GLOBAL_UNIT_ASSIGNED_CONTEXT((#5512,#5516,#5520))REPRESENTATION_CONTEXT('','3D'));
#5525=CARTESIAN_POINT('',(-15.594972434810757,42.575447175325458,1.600000000000000));
#5526=DIRECTION('',(1.0,0.0,0.0));
#5527=VECTOR('',#5526,101.600000000000020);
#5528=LINE('',#5525,#5527);
#5529=CARTESIAN_POINT('',(86.005027565189266,42.575447175325458,1.600000000000000));
#5530=TRIMMED_CURVE('',#5528,(PARAMETER_VALUE(0.0),#5525),(PARAMETER_VALUE(1.0),#5529),.T.,.PARAMETER.);
#5531=STYLED_ITEM('',(#5466),#5530);
#5532=MECHANICAL_DESIGN_GEOMETRIC_PRESENTATION_REPRESENTATION('',(#5531),#5524);
#5538=(NAMED_UNIT(*)PLANE_ANGLE_UNIT()SI_UNIT($,.RADIAN.));
#5539=DIMENSIONAL_EXPONENTS(0.0,0.0,0.0,0.0,0.0,0.0,0.0);
#5540=PLANE_ANGLE_MEASURE_WITH_UNIT(PLANE_ANGLE_MEASURE(0.017453292500000),#5538);
#5544=(CONVERSION_BASED_UNIT('DEGREE',#5540)NAMED_UNIT(#5539)PLANE_ANGLE_UNIT());
#5548=(NAMED_UNIT(*)SI_UNIT($,.STERADIAN.)SOLID_ANGLE_UNIT());
#5552=(LENGTH_UNIT()NAMED_UNIT(*)SI_UNIT(.MILLI.,.METRE.));
#5554=UNCERTAINTY_MEASURE_WITH_UNIT(LENGTH_MEASURE(0.000001000000000),#5552,'DISTANCE_ACCURACY_VALUE','');
#5556=(GEOMETRIC_REPRESENTATION_CONTEXT(3)GLOBAL_UNCERTAINTY_ASSIGNED_CONTEXT((#5554))GLOBAL_UNIT_ASSIGNED_CONTEXT((#5544,#5548,#5552))REPRESENTATION_CONTEXT('','3D'));
#5557=CARTESIAN_POINT('',(86.005027565189266,42.575447175325458,1.600000000000000));
#5558=DIRECTION('',(0.0,-1.0,0.0));
#5559=VECTOR('',#5558,50.800000000000018);
#5560=LINE('',#5557,#5559);
#5561=CARTESIAN_POINT('',(86.005027565189266,-8.224552824674561,1.600000000000000));
#5562=TRIMMED_CURVE('',#5560,(PARAMETER_VALUE(0.0),#5557),(PARAMETER_VALUE(1.0),#5561),.T.,.PARAMETER.);
#5563=STYLED_ITEM('',(#5466),#5562);
#5564=MECHANICAL_DESIGN_GEOMETRIC_PRESENTATION_REPRESENTATION('',(#5563),#5556);
#5570=(NAMED_UNIT(*)PLANE_ANGLE_UNIT()SI_UNIT($,.RADIAN.));
#5571=DIMENSIONAL_EXPONENTS(0.0,0.0,0.0,0.0,0.0,0.0,0.0);
#5572=PLANE_ANGLE_MEASURE_WITH_UNIT(PLANE_ANGLE_MEASURE(0.017453292500000),#5570);
#5576=(CONVERSION_BASED_UNIT('DEGREE',#5572)NAMED_UNIT(#5571)PLANE_ANGLE_UNIT());
#5580=(NAMED_UNIT(*)SI_UNIT($,.STERADIAN.)SOLID_ANGLE_UNIT());
#5584=(LENGTH_UNIT()NAMED_UNIT(*)SI_UNIT(.MILLI.,.METRE.));
#5586=UNCERTAINTY_MEASURE_WITH_UNIT(LENGTH_MEASURE(0.000001000000000),#5584,'DISTANCE_ACCURACY_VALUE','');
#5588=(GEOMETRIC_REPRESENTATION_CONTEXT(3)GLOBAL_UNCERTAINTY_ASSIGNED_CONTEXT((#5586))GLOBAL_UNIT_ASSIGNED_CONTEXT((#5576,#5580,#5584))REPRESENTATION_CONTEXT('','3D'));
#5589=CARTESIAN_POINT('',(-12.419972434810688,39.400447175325439,1.600000000000000));
#5590=DIRECTION('',(0.0,0.0,1.0));
#5591=DIRECTION('',(1.0,0.0,0.0));
#5592=AXIS2_PLACEMENT_3D('',#5589,#5590,#5591);
#5593=CIRCLE('',#5592,1.650000000000000);
#5594=STYLED_ITEM('',(#5466),#5593);
#5595=MECHANICAL_DESIGN_GEOMETRIC_PRESENTATION_REPRESENTATION('',(#5594),#5588);
#5601=(NAMED_UNIT(*)PLANE_ANGLE_UNIT()SI_UNIT($,.RADIAN.));
#5602=DIMENSIONAL_EXPONENTS(0.0,0.0,0.0,0.0,0.0,0.0,0.0);
#5603=PLANE_ANGLE_MEASURE_WITH_UNIT(PLANE_ANGLE_MEASURE(0.017453292500000),#5601);
#5607=(CONVERSION_BASED_UNIT('DEGREE',#5603)NAMED_UNIT(#5602)PLANE_ANGLE_UNIT());
#5611=(NAMED_UNIT(*)SI_UNIT($,.STERADIAN.)SOLID_ANGLE_UNIT());
#5615=(LENGTH_UNIT()NAMED_UNIT(*)SI_UNIT(.MILLI.,.METRE.));
#5617=UNCERTAINTY_MEASURE_WITH_UNIT(LENGTH_MEASURE(0.000001000000000),#5615,'DISTANCE_ACCURACY_VALUE','');
#5619=(GEOMETRIC_REPRESENTATION_CONTEXT(3)GLOBAL_UNCERTAINTY_ASSIGNED_CONTEXT((#5617))GLOBAL_UNIT_ASSIGNED_CONTEXT((#5607,#5611,#5615))REPRESENTATION_CONTEXT('','3D'));
#5620=CARTESIAN_POINT('',(-12.414972434810693,-5.054552824674563,1.600000000000000));
#5621=DIRECTION('',(0.0,0.0,1.0));
#5622=DIRECTION('',(1.0,0.0,0.0));
#5623=AXIS2_PLACEMENT_3D('',#5620,#5621,#5622);
#5624=CIRCLE('',#5623,1.650000000000000);
#5625=STYLED_ITEM('',(#5466),#5624);
#5626=MECHANICAL_DESIGN_GEOMETRIC_PRESENTATION_REPRESENTATION('',(#5625),#5619);
#5632=(NAMED_UNIT(*)PLANE_ANGLE_UNIT()SI_UNIT($,.RADIAN.));
#5633=DIMENSIONAL_EXPONENTS(0.0,0.0,0.0,0.0,0.0,0.0,0.0);
#5634=PLANE_ANGLE_MEASURE_WITH_UNIT(PLANE_ANGLE_MEASURE(0.017453292500000),#5632);
#5638=(CONVERSION_BASED_UNIT('DEGREE',#5634)NAMED_UNIT(#5633)PLANE_ANGLE_UNIT());
#5642=(NAMED_UNIT(*)SI_UNIT($,.STERADIAN.)SOLID_ANGLE_UNIT());
#5646=(LENGTH_UNIT()NAMED_UNIT(*)SI_UNIT(.MILLI.,.METRE.));
#5648=UNCERTAINTY_MEASURE_WITH_UNIT(LENGTH_MEASURE(0.000001000000000),#5646,'DISTANCE_ACCURACY_VALUE','');
#5650=(GEOMETRIC_REPRESENTATION_CONTEXT(3)GLOBAL_UNCERTAINTY_ASSIGNED_CONTEXT((#5648))GLOBAL_UNIT_ASSIGNED_CONTEXT((#5638,#5642,#5646))REPRESENTATION_CONTEXT('','3D'));
#5651=CARTESIAN_POINT('',(82.835027565189307,-5.054552824674563,1.600000000000000));
#5652=DIRECTION('',(0.0,0.0,1.0));
#5653=DIRECTION('',(1.0,0.0,0.0));
#5654=AXIS2_PLACEMENT_3D('',#5651,#5652,#5653);
#5655=CIRCLE('',#5654,1.650000000000000);
#5656=STYLED_ITEM('',(#5466),#5655);
#5657=MECHANICAL_DESIGN_GEOMETRIC_PRESENTATION_REPRESENTATION('',(#5656),#5650);
#5663=(NAMED_UNIT(*)PLANE_ANGLE_UNIT()SI_UNIT($,.RADIAN.));
#5664=DIMENSIONAL_EXPONENTS(0.0,0.0,0.0,0.0,0.0,0.0,0.0);
#5665=PLANE_ANGLE_MEASURE_WITH_UNIT(PLANE_ANGLE_MEASURE(0.017453292500000),#5663);
#5669=(CONVERSION_BASED_UNIT('DEGREE',#5665)NAMED_UNIT(#5664)PLANE_ANGLE_UNIT());
#5673=(NAMED_UNIT(*)SI_UNIT($,.STERADIAN.)SOLID_ANGLE_UNIT());
#5677=(LENGTH_UNIT()NAMED_UNIT(*)SI_UNIT(.MILLI.,.METRE.));
#5679=UNCERTAINTY_MEASURE_WITH_UNIT(LENGTH_MEASURE(0.000001000000000),#5677,'DISTANCE_ACCURACY_VALUE','');
#5681=(GEOMETRIC_REPRESENTATION_CONTEXT(3)GLOBAL_UNCERTAINTY_ASSIGNED_CONTEXT((#5679))GLOBAL_UNIT_ASSIGNED_CONTEXT((#5669,#5673,#5677))REPRESENTATION_CONTEXT('','3D'));
#5682=CARTESIAN_POINT('',(82.830027565189312,39.400447175325439,1.600000000000000));
#5683=DIRECTION('',(0.0,0.0,1.0));
#5684=DIRECTION('',(1.0,0.0,0.0));
#5685=AXIS2_PLACEMENT_3D('',#5682,#5683,#5684);
#5686=CIRCLE('',#5685,1.650000000000000);
#5687=STYLED_ITEM('',(#5466),#5686);
#5688=MECHANICAL_DESIGN_GEOMETRIC_PRESENTATION_REPRESENTATION('',(#5687),#5681);
#5689=AXIS2_PLACEMENT_3D('',#5690,#5691,#5692);
#5690=CARTESIAN_POINT('',(0.0,0.0,0.0));
#5691=DIRECTION('',(0.0,0.0,1.0));
#5692=DIRECTION('',(1.0,0.0,0.0));
#5693=NEXT_ASSEMBLY_USAGE_OCCURRENCE('PCB:1','PCB:1','PCB:1',#12,#51,'PCB:1');
#5694=PRODUCT_DEFINITION_SHAPE('PCB:1','PCB:1',#5693);
#5695=ITEM_DEFINED_TRANSFORMATION('PCB:1','PCB:1',#76,#5689);
#5699=(REPRESENTATION_RELATIONSHIP('PCB:1','PCB:1',#80,#41)REPRESENTATION_RELATIONSHIP_WITH_TRANSFORMATION(#5695)SHAPE_REPRESENTATION_RELATIONSHIP());
#5700=CONTEXT_DEPENDENT_SHAPE_REPRESENTATION(#5699,#5694);
#5701=APPLICATION_CONTEXT('automotive design');
#5702=APPLICATION_PROTOCOL_DEFINITION('International Standard','automotive_design',2001,#5701);
#5703=PRODUCT_CONTEXT('',#5701,'mechanical');
#5704=PRODUCT('JS1120-03N2','JS1120-03N2',$,(#5703));
#5705=PRODUCT_RELATED_PRODUCT_CATEGORY('part',$,(#5704));
#5706=PRODUCT_DEFINITION_FORMATION('',$,#5704);
#5707=PRODUCT_DEFINITION_CONTEXT('part definition',#5701,'design');
#5708=PRODUCT_DEFINITION('',$,#5706,#5707);
#5714=(NAMED_UNIT(*)PLANE_ANGLE_UNIT()SI_UNIT($,.RADIAN.));
#5715=DIMENSIONAL_EXPONENTS(0.0,0.0,0.0,0.0,0.0,0.0,0.0);
#5716=PLANE_ANGLE_MEASURE_WITH_UNIT(PLANE_ANGLE_MEASURE(0.017453292500000),#5714);
#5720=(CONVERSION_BASED_UNIT('DEGREE',#5716)NAMED_UNIT(#5715)PLANE_ANGLE_UNIT());
#5724=(NAMED_UNIT(*)SI_UNIT($,.STERADIAN.)SOLID_ANGLE_UNIT());
#5728=(LENGTH_UNIT()NAMED_UNIT(*)SI_UNIT(.MILLI.,.METRE.));
#5730=UNCERTAINTY_MEASURE_WITH_UNIT(LENGTH_MEASURE(0.010000000000000),#5728,'DISTANCE_ACCURACY_VALUE','');
#5732=(GEOMETRIC_REPRESENTATION_CONTEXT(3)GLOBAL_UNCERTAINTY_ASSIGNED_CONTEXT((#5730))GLOBAL_UNIT_ASSIGNED_CONTEXT((#5720,#5724,#5728))REPRESENTATION_CONTEXT('None','None'));
#5733=AXIS2_PLACEMENT_3D('',#5734,#5735,#5736);
#5734=CARTESIAN_POINT('',(0.0,0.0,0.0));
#5735=DIRECTION('',(0.0,0.0,1.0));
#5736=DIRECTION('',(1.0,0.0,0.0));
#5737=SHAPE_REPRESENTATION('',(#5733,#6832,#7738,#8644),#5732);
#5738=PRODUCT_DEFINITION_SHAPE('','',#5708);
#5739=SHAPE_DEFINITION_REPRESENTATION(#5738,#5737);
#5740=APPLICATION_CONTEXT('automotive design');
#5741=APPLICATION_PROTOCOL_DEFINITION('International Standard','automotive_design',2001,#5740);
#5742=PRODUCT_CONTEXT('',#5740,'mechanical');
#5743=PRODUCT('CN1','CN1',$,(#5742));
#5744=PRODUCT_RELATED_PRODUCT_CATEGORY('part',$,(#5743));
#5745=PRODUCT_DEFINITION_FORMATION('',$,#5743);
#5746=PRODUCT_DEFINITION_CONTEXT('part definition',#5740,'design');
#5747=PRODUCT_DEFINITION('',$,#5745,#5746);
#5753=(NAMED_UNIT(*)PLANE_ANGLE_UNIT()SI_UNIT($,.RADIAN.));
#5754=DIMENSIONAL_EXPONENTS(0.0,0.0,0.0,0.0,0.0,0.0,0.0);
#5755=PLANE_ANGLE_MEASURE_WITH_UNIT(PLANE_ANGLE_MEASURE(0.017453292500000),#5753);
#5759=(CONVERSION_BASED_UNIT('DEGREE',#5755)NAMED_UNIT(#5754)PLANE_ANGLE_UNIT());
#5763=(NAMED_UNIT(*)SI_UNIT($,.STERADIAN.)SOLID_ANGLE_UNIT());
#5767=(LENGTH_UNIT()NAMED_UNIT(*)SI_UNIT(.MILLI.,.METRE.));
#5769=UNCERTAINTY_MEASURE_WITH_UNIT(LENGTH_MEASURE(0.010000000000000),#5767,'DISTANCE_ACCURACY_VALUE','');
#5771=(GEOMETRIC_REPRESENTATION_CONTEXT(3)GLOBAL_UNCERTAINTY_ASSIGNED_CONTEXT((#5769))GLOBAL_UNIT_ASSIGNED_CONTEXT((#5759,#5763,#5767))REPRESENTATION_CONTEXT('None','None'));
#5772=AXIS2_PLACEMENT_3D('',#5773,#5774,#5775);
#5773=CARTESIAN_POINT('',(0.0,0.0,0.0));
#5774=DIRECTION('',(0.0,0.0,1.0));
#5775=DIRECTION('',(1.0,0.0,0.0));
#5776=SHAPE_REPRESENTATION('',(#5772),#5771);
#5777=PRODUCT_DEFINITION_SHAPE('','',#5747);
#5778=SHAPE_DEFINITION_REPRESENTATION(#5777,#5776);
#5784=(NAMED_UNIT(*)PLANE_ANGLE_UNIT()SI_UNIT($,.RADIAN.));
#5785=DIMENSIONAL_EXPONENTS(0.0,0.0,0.0,0.0,0.0,0.0,0.0);
#5786=PLANE_ANGLE_MEASURE_WITH_UNIT(PLANE_ANGLE_MEASURE(0.017453292500000),#5784);
#5790=(CONVERSION_BASED_UNIT('DEGREE',#5786)NAMED_UNIT(#5785)PLANE_ANGLE_UNIT());
#5794=(NAMED_UNIT(*)SI_UNIT($,.STERADIAN.)SOLID_ANGLE_UNIT());
#5798=(LENGTH_UNIT()NAMED_UNIT(*)SI_UNIT(.MILLI.,.METRE.));
#5800=UNCERTAINTY_MEASURE_WITH_UNIT(LENGTH_MEASURE(0.000001000000000),#5798,'DISTANCE_ACCURACY_VALUE','');
#5802=(GEOMETRIC_REPRESENTATION_CONTEXT(3)GLOBAL_UNCERTAINTY_ASSIGNED_CONTEXT((#5800))GLOBAL_UNIT_ASSIGNED_CONTEXT((#5790,#5794,#5798))REPRESENTATION_CONTEXT('','3D'));
#5803=CARTESIAN_POINT('',(6.355561383429404,3.924640024214585,-11.320000000000000));
#5804=DIRECTION('',(0.0,-1.0,0.0));
#5805=DIRECTION('',(0.707106781186549,0.0,-0.707106781186546));
#5806=AXIS2_PLACEMENT_3D('',#5803,#5804,#5805);
#5807=CYLINDRICAL_SURFACE('',#5806,0.500000000000000);
#5808=CARTESIAN_POINT('',(6.855561383429404,-0.031058869405598,-11.320000000000000));
#5809=VERTEX_POINT('',#5808);
#5810=CARTESIAN_POINT('',(6.355561383429404,-0.031058869405598,-11.820000000000002));
#5811=VERTEX_POINT('',#5810);
#5812=CARTESIAN_POINT('',(6.355561383429404,-0.031058869405598,-11.320000000000000));
#5813=DIRECTION('',(0.0,1.0,0.0));
#5814=DIRECTION('',(0.707106781186549,0.0,-0.707106781186546));
#5815=AXIS2_PLACEMENT_3D('',#5812,#5813,#5814);
#5816=CIRCLE('',#5815,0.500000000000000);
#5817=EDGE_CURVE('',#5809,#5811,#5816,.T.);
#5818=ORIENTED_EDGE('',*,*,#5817,.T.);
#5819=CARTESIAN_POINT('',(6.355561383429404,3.167401906158773,-11.820000000000002));
#5820=VERTEX_POINT('',#5819);
#5821=CARTESIAN_POINT('',(6.355561383429404,-0.031058869405598,-11.820000000000002));
#5822=DIRECTION('',(0.0,1.0,0.0));
#5823=VECTOR('',#5822,3.198460775564371);
#5824=LINE('',#5821,#5823);
#5825=EDGE_CURVE('',#5811,#5820,#5824,.T.);
#5826=ORIENTED_EDGE('',*,*,#5825,.T.);
#5827=CARTESIAN_POINT('',(6.855561383429404,3.167401906158773,-11.320000000000000));
#5828=VERTEX_POINT('',#5827);
#5829=CARTESIAN_POINT('',(6.355561383429404,3.167401906158773,-11.320000000000000));
#5830=DIRECTION('',(0.0,-1.0,0.0));
#5831=DIRECTION('',(0.707106781186549,0.0,-0.707106781186546));
#5832=AXIS2_PLACEMENT_3D('',#5829,#5830,#5831);
#5833=CIRCLE('',#5832,0.500000000000000);
#5834=EDGE_CURVE('',#5820,#5828,#5833,.T.);
#5835=ORIENTED_EDGE('',*,*,#5834,.T.);
#5836=CARTESIAN_POINT('',(6.855561383429404,3.167401906158773,-11.320000000000000));
#5837=DIRECTION('',(0.0,-1.0,0.0));
#5838=VECTOR('',#5837,3.198460775564371);
#5839=LINE('',#5836,#5838);
#5840=EDGE_CURVE('',#5828,#5809,#5839,.T.);
#5841=ORIENTED_EDGE('',*,*,#5840,.T.);
#5842=EDGE_LOOP('',(#5818,#5826,#5835,#5841));
#5843=FACE_OUTER_BOUND('',#5842,.T.);
#5844=ADVANCED_FACE('',(#5843),#5807,.T.);
#5845=CARTESIAN_POINT('',(7.559816350701394,4.681878142270397,-11.820000000000002));
#5846=DIRECTION('',(0.0,0.0,1.0));
#5847=DIRECTION('',(1.0,0.0,0.0));
#5848=AXIS2_PLACEMENT_3D('',#5845,#5846,#5847);
#5849=PLANE('',#5848);
#5850=ORIENTED_EDGE('',*,*,#5825,.F.);
#5851=CARTESIAN_POINT('',(0.562110421620702,-0.031058869405598,-11.820000000000002));
#5852=VERTEX_POINT('',#5851);
#5853=CARTESIAN_POINT('',(0.562110421620702,-0.031058869405598,-11.820000000000002));
#5854=DIRECTION('',(1.0,0.0,0.0));
#5855=VECTOR('',#5854,5.793450961808702);
#5856=LINE('',#5853,#5855);
#5857=EDGE_CURVE('',#5852,#5811,#5856,.T.);
#5858=ORIENTED_EDGE('',*,*,#5857,.F.);
#5859=CARTESIAN_POINT('',(0.562110421620702,3.167401906158773,-11.820000000000002));
#5860=VERTEX_POINT('',#5859);
#5861=CARTESIAN_POINT('',(0.562110421620702,3.167401906158773,-11.820000000000002));
#5862=DIRECTION('',(0.0,-1.0,0.0));
#5863=VECTOR('',#5862,3.198460775564371);
#5864=LINE('',#5861,#5863);
#5865=EDGE_CURVE('',#5860,#5852,#5864,.T.);
#5866=ORIENTED_EDGE('',*,*,#5865,.F.);
#5867=CARTESIAN_POINT('',(0.562110421620702,3.167401906158773,-11.820000000000002));
#5868=DIRECTION('',(1.0,0.0,0.0));
#5869=VECTOR('',#5868,5.793450961808702);
#5870=LINE('',#5867,#5869);
#5871=EDGE_CURVE('',#5860,#5820,#5870,.T.);
#5872=ORIENTED_EDGE('',*,*,#5871,.T.);
#5873=EDGE_LOOP('',(#5850,#5858,#5866,#5872));
#5874=FACE_OUTER_BOUND('',#5873,.T.);
#5875=ADVANCED_FACE('',(#5874),#5849,.F.);
#5876=CARTESIAN_POINT('',(6.855561383429404,-0.031058869405598,0.0));
#5877=DIRECTION('',(0.0,-1.0,0.0));
#5878=DIRECTION('',(0.0,0.0,-1.0));
#5879=AXIS2_PLACEMENT_3D('',#5876,#5877,#5878);
#5880=PLANE('',#5879);
#5881=ORIENTED_EDGE('',*,*,#5817,.F.);
#5882=CARTESIAN_POINT('',(6.855561383429404,-0.031058869405598,-10.410000000000002));
#5883=VERTEX_POINT('',#5882);
#5884=CARTESIAN_POINT('',(6.855561383429404,-0.031058869405598,-11.320000000000000));
#5885=DIRECTION('',(0.0,0.0,1.0));
#5886=VECTOR('',#5885,0.909999999999998);
#5887=LINE('',#5884,#5886);
#5888=EDGE_CURVE('',#5809,#5883,#5887,.T.);
#5889=ORIENTED_EDGE('',*,*,#5888,.T.);
#5890=CARTESIAN_POINT('',(8.055639811519143,-0.031058869405598,-10.410000000000002));
#5891=VERTEX_POINT('',#5890);
#5892=CARTESIAN_POINT('',(6.855561383429404,-0.031058869405598,-10.410000000000002));
#5893=DIRECTION('',(1.0,0.0,0.0));
#5894=VECTOR('',#5893,1.200078428089739);
#5895=LINE('',#5892,#5894);
#5896=EDGE_CURVE('',#5883,#5891,#5895,.T.);
#5897=ORIENTED_EDGE('',*,*,#5896,.T.);
#5898=CARTESIAN_POINT('',(8.055639811519143,-0.031058869405598,-1.410000000000000));
#5899=VERTEX_POINT('',#5898);
#5900=CARTESIAN_POINT('',(8.055639811519143,-0.031058869405598,-1.410000000000000));
#5901=DIRECTION('',(0.0,0.0,-1.0));
#5902=VECTOR('',#5901,9.000000000000002);
#5903=LINE('',#5900,#5902);
#5904=EDGE_CURVE('',#5899,#5891,#5903,.T.);
#5905=ORIENTED_EDGE('',*,*,#5904,.F.);
#5906=CARTESIAN_POINT('',(6.862110421620702,-0.031058869405598,-1.410000000000000));
#5907=VERTEX_POINT('',#5906);
#5908=CARTESIAN_POINT('',(8.055639811519143,-0.031058869405598,-1.410000000000000));
#5909=DIRECTION('',(-1.0,0.0,0.0));
#5910=VECTOR('',#5909,1.193529389898441);
#5911=LINE('',#5908,#5910);
#5912=EDGE_CURVE('',#5899,#5907,#5911,.T.);
#5913=ORIENTED_EDGE('',*,*,#5912,.T.);
#5914=CARTESIAN_POINT('',(6.862110421620702,-0.031058869405598,-0.500000000000000));
#5915=VERTEX_POINT('',#5914);
#5916=CARTESIAN_POINT('',(6.862110421620702,-0.031058869405598,-1.410000000000000));
#5917=DIRECTION('',(0.0,0.0,1.0));
#5918=VECTOR('',#5917,0.910000000000000);
#5919=LINE('',#5916,#5918);
#5920=EDGE_CURVE('',#5907,#5915,#5919,.T.);
#5921=ORIENTED_EDGE('',*,*,#5920,.T.);
#5922=CARTESIAN_POINT('',(6.362110421620701,-0.031058869405598,0.0));
#5923=VERTEX_POINT('',#5922);
#5924=CARTESIAN_POINT('',(6.362110421620701,-0.031058869405598,-0.500000000000000));
#5925=DIRECTION('',(0.0,1.000000000000000,0.0));
#5926=DIRECTION('',(0.707106781186548,0.0,0.707106781186547));
#5927=AXIS2_PLACEMENT_3D('',#5924,#5925,#5926);
#5928=CIRCLE('',#5927,0.500000000000000);
#5929=EDGE_CURVE('',#5923,#5915,#5928,.T.);
#5930=ORIENTED_EDGE('',*,*,#5929,.F.);
#5931=CARTESIAN_POINT('',(0.562110421620702,-0.031058869405598,0.0));
#5932=VERTEX_POINT('',#5931);
#5933=CARTESIAN_POINT('',(0.562110421620702,-0.031058869405598,0.0));
#5934=DIRECTION('',(1.0,0.0,0.0));
#5935=VECTOR('',#5934,5.800000000000000);
#5936=LINE('',#5933,#5935);
#5937=EDGE_CURVE('',#5932,#5923,#5936,.T.);
#5938=ORIENTED_EDGE('',*,*,#5937,.F.);
#5939=CARTESIAN_POINT('',(0.062110421620702,-0.031058869405598,-0.500000000000000));
#5940=VERTEX_POINT('',#5939);
#5941=CARTESIAN_POINT('',(0.562110421620702,-0.031058869405598,-0.500000000000000));
#5942=DIRECTION('',(0.0,1.0,0.0));
#5943=DIRECTION('',(-0.707106781186548,0.0,0.707106781186547));
#5944=AXIS2_PLACEMENT_3D('',#5941,#5942,#5943);
#5945=CIRCLE('',#5944,0.500000000000000);
#5946=EDGE_CURVE('',#5940,#5932,#5945,.T.);
#5947=ORIENTED_EDGE('',*,*,#5946,.F.);
#5948=CARTESIAN_POINT('',(0.062110421620702,-0.031058869405598,-11.320000000000000));
#5949=VERTEX_POINT('',#5948);
#5950=CARTESIAN_POINT('',(0.062110421620702,-0.031058869405598,-0.500000000000000));
#5951=DIRECTION('',(0.0,0.0,-1.0));
#5952=VECTOR('',#5951,10.820000000000000);
#5953=LINE('',#5950,#5952);
#5954=EDGE_CURVE('',#5940,#5949,#5953,.T.);
#5955=ORIENTED_EDGE('',*,*,#5954,.T.);
#5956=CARTESIAN_POINT('',(0.562110421620702,-0.031058869405598,-11.320000000000000));
#5957=DIRECTION('',(0.0,1.0,0.0));
#5958=DIRECTION('',(-0.707106781186549,0.0,-0.707106781186546));
#5959=AXIS2_PLACEMENT_3D('',#5956,#5957,#5958);
#5960=CIRCLE('',#5959,0.500000000000000);
#5961=EDGE_CURVE('',#5852,#5949,#5960,.T.);
#5962=ORIENTED_EDGE('',*,*,#5961,.F.);
#5963=ORIENTED_EDGE('',*,*,#5857,.T.);
#5964=EDGE_LOOP('',(#5881,#5889,#5897,#5905,#5913,#5921,#5930,#5938,#5947,#5955,#5962,#5963));
#5965=FACE_OUTER_BOUND('',#5964,.T.);
#5966=CARTESIAN_POINT('',(5.422328839204495,-0.031058869405598,-2.522602070196320));
#5967=VERTEX_POINT('',#5966);
#5968=CARTESIAN_POINT('',(4.285691120558405,-0.031058869405598,-2.522602070196311));
#5969=VERTEX_POINT('',#5968);
#5970=CARTESIAN_POINT('',(5.422328839204495,-0.031058869405598,-2.522602070196320));
#5971=DIRECTION('',(-1.0,0.0,0.0));
#5972=VECTOR('',#5971,1.136637718646090);
#5973=LINE('',#5970,#5972);
#5974=EDGE_CURVE('',#5967,#5969,#5973,.T.);
#5975=ORIENTED_EDGE('',*,*,#5974,.T.);
#5976=CARTESIAN_POINT('',(4.285691120558402,-0.031058869405598,-1.385964351550204));
#5977=VERTEX_POINT('',#5976);
#5978=CARTESIAN_POINT('',(4.285691120558405,-0.031058869405598,-2.522602070196311));
#5979=DIRECTION('',(0.0,0.0,1.0));
#5980=VECTOR('',#5979,1.136637718646107);
#5981=LINE('',#5978,#5980);
#5982=EDGE_CURVE('',#5969,#5977,#5981,.T.);
#5983=ORIENTED_EDGE('',*,*,#5982,.T.);
#5984=CARTESIAN_POINT('',(5.422328839204508,-0.031058869405598,-1.385964351550199));
#5985=VERTEX_POINT('',#5984);
#5986=CARTESIAN_POINT('',(4.285691120558402,-0.031058869405598,-1.385964351550204));
#5987=DIRECTION('',(1.0,0.0,0.0));
#5988=VECTOR('',#5987,1.136637718646106);
#5989=LINE('',#5986,#5988);
#5990=EDGE_CURVE('',#5977,#5985,#5989,.T.);
#5991=ORIENTED_EDGE('',*,*,#5990,.T.);
#5992=CARTESIAN_POINT('',(5.422328839204508,-0.031058869405598,-1.385964351550199));
#5993=DIRECTION('',(0.0,0.0,-1.0));
#5994=VECTOR('',#5993,1.136637718646122);
#5995=LINE('',#5992,#5994);
#5996=EDGE_CURVE('',#5985,#5967,#5995,.T.);
#5997=ORIENTED_EDGE('',*,*,#5996,.T.);
#5998=EDGE_LOOP('',(#5975,#5983,#5991,#5997));
#5999=FACE_BOUND('',#5998,.T.);
#6000=CARTESIAN_POINT('',(5.422328839204519,-0.031058869405598,-10.431309787496087));
#6001=VERTEX_POINT('',#6000);
#6002=CARTESIAN_POINT('',(4.285691120558429,-0.031058869405598,-10.431309787496106));
#6003=VERTEX_POINT('',#6002);
#6004=CARTESIAN_POINT('',(5.422328839204519,-0.031058869405598,-10.431309787496085));
#6005=DIRECTION('',(-1.0,0.0,0.0));
#6006=VECTOR('',#6005,1.136637718646090);
#6007=LINE('',#6004,#6006);
#6008=EDGE_CURVE('',#6001,#6003,#6007,.T.);
#6009=ORIENTED_EDGE('',*,*,#6008,.T.);
#6010=CARTESIAN_POINT('',(4.285691120558405,-0.031058869405598,-9.294647092192721));
#6011=VERTEX_POINT('',#6010);
#6012=CARTESIAN_POINT('',(4.285691120558429,-0.031058869405598,-10.431309787496106));
#6013=DIRECTION('',(0.0,0.0,1.0));
#6014=VECTOR('',#6013,1.136662695303386);
#6015=LINE('',#6012,#6014);
#6016=EDGE_CURVE('',#6003,#6011,#6015,.T.);
#6017=ORIENTED_EDGE('',*,*,#6016,.T.);
#6018=CARTESIAN_POINT('',(5.422328839204526,-0.031058869405598,-9.294647092192721));
#6019=VERTEX_POINT('',#6018);
#6020=CARTESIAN_POINT('',(4.285691120558404,-0.031058869405598,-9.294647092192721));
#6021=DIRECTION('',(1.0,0.0,0.0));
#6022=VECTOR('',#6021,1.136637718646121);
#6023=LINE('',#6020,#6022);
#6024=EDGE_CURVE('',#6011,#6019,#6023,.T.);
#6025=ORIENTED_EDGE('',*,*,#6024,.T.);
#6026=CARTESIAN_POINT('',(5.422328839204526,-0.031058869405598,-9.294647092192721));
#6027=DIRECTION('',(0.0,0.0,-1.0));
#6028=VECTOR('',#6027,1.136662695303366);
#6029=LINE('',#6026,#6028);
#6030=EDGE_CURVE('',#6019,#6001,#6029,.T.);
#6031=ORIENTED_EDGE('',*,*,#6030,.T.);
#6032=EDGE_LOOP('',(#6009,#6017,#6025,#6031));
#6033=FACE_BOUND('',#6032,.T.);
#6034=CARTESIAN_POINT('',(5.422328839204514,-0.031058869405598,-6.482351359084327));
#6035=VERTEX_POINT('',#6034);
#6036=CARTESIAN_POINT('',(4.285691120558405,-0.031058869405598,-6.482351359084323));
#6037=VERTEX_POINT('',#6036);
#6038=CARTESIAN_POINT('',(5.422328839204514,-0.031058869405598,-6.482351359084328));
#6039=DIRECTION('',(-1.0,0.0,0.0));
#6040=VECTOR('',#6039,1.136637718646110);
#6041=LINE('',#6038,#6040);
#6042=EDGE_CURVE('',#6035,#6037,#6041,.T.);
#6043=ORIENTED_EDGE('',*,*,#6042,.T.);
#6044=CARTESIAN_POINT('',(4.285691120558414,-0.031058869405598,-5.340418589098841));
#6045=VERTEX_POINT('',#6044);
#6046=CARTESIAN_POINT('',(4.285691120558406,-0.031058869405598,-6.482351359084323));
#6047=DIRECTION('',(0.0,0.0,1.0));
#6048=VECTOR('',#6047,1.141932769985482);
#6049=LINE('',#6046,#6048);
#6050=EDGE_CURVE('',#6037,#6045,#6049,.T.);
#6051=ORIENTED_EDGE('',*,*,#6050,.T.);
#6052=CARTESIAN_POINT('',(5.422328839204510,-0.031058869405598,-5.340418589098805));
#6053=VERTEX_POINT('',#6052);
#6054=CARTESIAN_POINT('',(4.285691120558413,-0.031058869405598,-5.340418589098841));
#6055=DIRECTION('',(1.0,0.0,0.0));
#6056=VECTOR('',#6055,1.136637718646097);
#6057=LINE('',#6054,#6056);
#6058=EDGE_CURVE('',#6045,#6053,#6057,.T.);
#6059=ORIENTED_EDGE('',*,*,#6058,.T.);
#6060=CARTESIAN_POINT('',(5.422328839204511,-0.031058869405598,-5.340418589098805));
#6061=DIRECTION('',(0.0,0.0,-1.0));
#6062=VECTOR('',#6061,1.141932769985523);
#6063=LINE('',#6060,#6062);
#6064=EDGE_CURVE('',#6053,#6035,#6063,.T.);
#6065=ORIENTED_EDGE('',*,*,#6064,.T.);
#6066=EDGE_LOOP('',(#6043,#6051,#6059,#6065));
#6067=FACE_BOUND('',#6066,.T.);
#6068=ADVANCED_FACE('',(#5965,#5999,#6033,#6067),#5880,.T.);
#6069=CARTESIAN_POINT('',(6.362110421620701,2.325409636432399,-0.500000000000000));
#6070=DIRECTION('',(0.0,1.0,0.0));
#6071=DIRECTION('',(0.707106781186548,0.0,0.707106781186547));
#6072=AXIS2_PLACEMENT_3D('',#6069,#6070,#6071);
#6073=CYLINDRICAL_SURFACE('',#6072,0.500000000000000);
#6074=CARTESIAN_POINT('',(6.862110421620702,3.167401906158773,-0.500000000000000));
#6075=VERTEX_POINT('',#6074);
#6076=CARTESIAN_POINT('',(6.362110421620701,3.167401906158773,0.0));
#6077=VERTEX_POINT('',#6076);
#6078=CARTESIAN_POINT('',(6.362110421620701,3.167401906158773,-0.500000000000000));
#6079=DIRECTION('',(0.0,-1.000000000000000,0.0));
#6080=DIRECTION('',(0.707106781186548,0.0,0.707106781186547));
#6081=AXIS2_PLACEMENT_3D('',#6078,#6079,#6080);
#6082=CIRCLE('',#6081,0.500000000000000);
#6083=EDGE_CURVE('',#6075,#6077,#6082,.T.);
#6084=ORIENTED_EDGE('',*,*,#6083,.T.);
#6085=CARTESIAN_POINT('',(6.362110421620701,3.167401906158773,0.0));
#6086=DIRECTION('',(0.0,-1.0,0.0));
#6087=VECTOR('',#6086,3.198460775564371);
#6088=LINE('',#6085,#6087);
#6089=EDGE_CURVE('',#6077,#5923,#6088,.T.);
#6090=ORIENTED_EDGE('',*,*,#6089,.T.);
#6091=ORIENTED_EDGE('',*,*,#5929,.T.);
#6092=CARTESIAN_POINT('',(6.862110421620702,-0.031058869405598,-0.500000000000000));
#6093=DIRECTION('',(0.0,1.0,0.0));
#6094=VECTOR('',#6093,3.198460775564371);
#6095=LINE('',#6092,#6094);
#6096=EDGE_CURVE('',#5915,#6075,#6095,.T.);
#6097=ORIENTED_EDGE('',*,*,#6096,.T.);
#6098=EDGE_LOOP('',(#6084,#6090,#6091,#6097));
#6099=FACE_OUTER_BOUND('',#6098,.T.);
#6100=ADVANCED_FACE('',(#6099),#6073,.T.);
#6101=CARTESIAN_POINT('',(7.559816350701394,4.681878142270397,0.0));
#6102=DIRECTION('',(0.0,0.0,1.0));
#6103=DIRECTION('',(1.0,0.0,0.0));
#6104=AXIS2_PLACEMENT_3D('',#6101,#6102,#6103);
#6105=PLANE('',#6104);
#6106=ORIENTED_EDGE('',*,*,#6089,.F.);
#6107=CARTESIAN_POINT('',(0.562110421620702,3.167401906158773,0.0));
#6108=VERTEX_POINT('',#6107);
#6109=CARTESIAN_POINT('',(6.362110421620701,3.167401906158773,0.0));
#6110=DIRECTION('',(-1.0,0.0,0.0));
#6111=VECTOR('',#6110,5.800000000000000);
#6112=LINE('',#6109,#6111);
#6113=EDGE_CURVE('',#6077,#6108,#6112,.T.);
#6114=ORIENTED_EDGE('',*,*,#6113,.T.);
#6115=CARTESIAN_POINT('',(0.562110421620702,-0.031058869405598,0.0));
#6116=DIRECTION('',(0.0,1.0,0.0));
#6117=VECTOR('',#6116,3.198460775564371);
#6118=LINE('',#6115,#6117);
#6119=EDGE_CURVE('',#5932,#6108,#6118,.T.);
#6120=ORIENTED_EDGE('',*,*,#6119,.F.);
#6121=ORIENTED_EDGE('',*,*,#5937,.T.);
#6122=EDGE_LOOP('',(#6106,#6114,#6120,#6121));
#6123=FACE_OUTER_BOUND('',#6122,.T.);
#6124=ADVANCED_FACE('',(#6123),#6105,.T.);
#6125=CARTESIAN_POINT('',(6.855561383429404,3.167401906158773,0.0));
#6126=DIRECTION('',(0.0,1.0,0.0));
#6127=DIRECTION('',(0.0,0.0,1.0));
#6128=AXIS2_PLACEMENT_3D('',#6125,#6126,#6127);
#6129=PLANE('',#6128);
#6130=ORIENTED_EDGE('',*,*,#5834,.F.);
#6131=ORIENTED_EDGE('',*,*,#5871,.F.);
#6132=CARTESIAN_POINT('',(0.062110421620702,3.167401906158773,-11.320000000000000));
#6133=VERTEX_POINT('',#6132);
#6134=CARTESIAN_POINT('',(0.562110421620702,3.167401906158773,-11.320000000000000));
#6135=DIRECTION('',(0.0,-1.0,0.0));
#6136=DIRECTION('',(-0.707106781186549,0.0,-0.707106781186546));
#6137=AXIS2_PLACEMENT_3D('',#6134,#6135,#6136);
#6138=CIRCLE('',#6137,0.500000000000000);
#6139=EDGE_CURVE('',#6133,#5860,#6138,.T.);
#6140=ORIENTED_EDGE('',*,*,#6139,.F.);
#6141=CARTESIAN_POINT('',(0.062110421620702,3.167401906158773,-0.500000000000000));
#6142=VERTEX_POINT('',#6141);
#6143=CARTESIAN_POINT('',(0.062110421620702,3.167401906158773,-0.500000000000000));
#6144=DIRECTION('',(0.0,0.0,-1.0));
#6145=VECTOR('',#6144,10.820000000000000);
#6146=LINE('',#6143,#6145);
#6147=EDGE_CURVE('',#6142,#6133,#6146,.T.);
#6148=ORIENTED_EDGE('',*,*,#6147,.F.);
#6149=CARTESIAN_POINT('',(0.562110421620702,3.167401906158773,-0.500000000000000));
#6150=DIRECTION('',(0.0,-1.0,0.0));
#6151=DIRECTION('',(-0.707106781186548,0.0,0.707106781186547));
#6152=AXIS2_PLACEMENT_3D('',#6149,#6150,#6151);
#6153=CIRCLE('',#6152,0.500000000000000);
#6154=EDGE_CURVE('',#6108,#6142,#6153,.T.);
#6155=ORIENTED_EDGE('',*,*,#6154,.F.);
#6156=ORIENTED_EDGE('',*,*,#6113,.F.);
#6157=ORIENTED_EDGE('',*,*,#6083,.F.);
#6158=CARTESIAN_POINT('',(6.862110421620702,3.167401906158773,-1.410000000000000));
#6159=VERTEX_POINT('',#6158);
#6160=CARTESIAN_POINT('',(6.862110421620702,3.167401906158773,-1.410000000000000));
#6161=DIRECTION('',(0.0,0.0,1.0));
#6162=VECTOR('',#6161,0.910000000000000);
#6163=LINE('',#6160,#6162);
#6164=EDGE_CURVE('',#6159,#6075,#6163,.T.);
#6165=ORIENTED_EDGE('',*,*,#6164,.F.);
#6166=CARTESIAN_POINT('',(6.855561383429404,3.167401906158773,-1.410000000000000));
#6167=VERTEX_POINT('',#6166);
#6168=CARTESIAN_POINT('',(6.855561383429404,3.167401906158773,-1.410000000000000));
#6169=DIRECTION('',(1.0,0.0,0.0));
#6170=VECTOR('',#6169,0.006549038191298);
#6171=LINE('',#6168,#6170);
#6172=EDGE_CURVE('',#6167,#6159,#6171,.T.);
#6173=ORIENTED_EDGE('',*,*,#6172,.F.);
#6174=CARTESIAN_POINT('',(6.855561383429404,3.167401906158773,-10.410000000000002));
#6175=VERTEX_POINT('',#6174);
#6176=CARTESIAN_POINT('',(6.855561383429404,3.167401906158773,-10.410000000000002));
#6177=DIRECTION('',(0.0,0.0,1.0));
#6178=VECTOR('',#6177,9.000000000000002);
#6179=LINE('',#6176,#6178);
#6180=EDGE_CURVE('',#6175,#6167,#6179,.T.);
#6181=ORIENTED_EDGE('',*,*,#6180,.F.);
#6182=CARTESIAN_POINT('',(6.855561383429404,3.167401906158773,-10.410000000000002));
#6183=DIRECTION('',(0.0,0.0,-1.0));
#6184=VECTOR('',#6183,0.909999999999998);
#6185=LINE('',#6182,#6184);
#6186=EDGE_CURVE('',#6175,#5828,#6185,.T.);
#6187=ORIENTED_EDGE('',*,*,#6186,.T.);
#6188=EDGE_LOOP('',(#6130,#6131,#6140,#6148,#6155,#6156,#6157,#6165,#6173,#6181,#6187));
#6189=FACE_OUTER_BOUND('',#6188,.T.);
#6190=CARTESIAN_POINT('',(4.285691120558405,3.167401906158773,-2.522602070196311));
#6191=VERTEX_POINT('',#6190);
#6192=CARTESIAN_POINT('',(5.422328839204495,3.167401906158773,-2.522602070196320));
#6193=VERTEX_POINT('',#6192);
#6194=CARTESIAN_POINT('',(4.285691120558405,3.167401906158773,-2.522602070196311));
#6195=DIRECTION('',(1.0,0.0,0.0));
#6196=VECTOR('',#6195,1.136637718646090);
#6197=LINE('',#6194,#6196);
#6198=EDGE_CURVE('',#6191,#6193,#6197,.T.);
#6199=ORIENTED_EDGE('',*,*,#6198,.T.);
#6200=CARTESIAN_POINT('',(5.422328839204508,3.167401906158773,-1.385964351550199));
#6201=VERTEX_POINT('',#6200);
#6202=CARTESIAN_POINT('',(5.422328839204495,3.167401906158773,-2.522602070196320));
#6203=DIRECTION('',(0.0,0.0,1.0));
#6204=VECTOR('',#6203,1.136637718646122);
#6205=LINE('',#6202,#6204);
#6206=EDGE_CURVE('',#6193,#6201,#6205,.T.);
#6207=ORIENTED_EDGE('',*,*,#6206,.T.);
#6208=CARTESIAN_POINT('',(4.285691120558402,3.167401906158773,-1.385964351550204));
#6209=VERTEX_POINT('',#6208);
#6210=CARTESIAN_POINT('',(5.422328839204508,3.167401906158773,-1.385964351550199));
#6211=DIRECTION('',(-1.0,0.0,0.0));
#6212=VECTOR('',#6211,1.136637718646106);
#6213=LINE('',#6210,#6212);
#6214=EDGE_CURVE('',#6201,#6209,#6213,.T.);
#6215=ORIENTED_EDGE('',*,*,#6214,.T.);
#6216=CARTESIAN_POINT('',(4.285691120558402,3.167401906158773,-1.385964351550204));
#6217=DIRECTION('',(0.0,0.0,-1.0));
#6218=VECTOR('',#6217,1.136637718646107);
#6219=LINE('',#6216,#6218);
#6220=EDGE_CURVE('',#6209,#6191,#6219,.T.);
#6221=ORIENTED_EDGE('',*,*,#6220,.T.);
#6222=EDGE_LOOP('',(#6199,#6207,#6215,#6221));
#6223=FACE_BOUND('',#6222,.T.);
#6224=CARTESIAN_POINT('',(4.285691120558429,3.167401906158773,-10.431309787496106));
#6225=VERTEX_POINT('',#6224);
#6226=CARTESIAN_POINT('',(5.422328839204519,3.167401906158773,-10.431309787496087));
#6227=VERTEX_POINT('',#6226);
#6228=CARTESIAN_POINT('',(4.285691120558429,3.167401906158773,-10.431309787496104));
#6229=DIRECTION('',(1.0,0.0,0.0));
#6230=VECTOR('',#6229,1.136637718646090);
#6231=LINE('',#6228,#6230);
#6232=EDGE_CURVE('',#6225,#6227,#6231,.T.);
#6233=ORIENTED_EDGE('',*,*,#6232,.T.);
#6234=CARTESIAN_POINT('',(5.422328839204526,3.167401906158773,-9.294647092192721));
#6235=VERTEX_POINT('',#6234);
#6236=CARTESIAN_POINT('',(5.422328839204520,3.167401906158773,-10.431309787496087));
#6237=DIRECTION('',(0.0,0.0,1.0));
#6238=VECTOR('',#6237,1.136662695303366);
#6239=LINE('',#6236,#6238);
#6240=EDGE_CURVE('',#6227,#6235,#6239,.T.);
#6241=ORIENTED_EDGE('',*,*,#6240,.T.);
#6242=CARTESIAN_POINT('',(4.285691120558405,3.167401906158773,-9.294647092192721));
#6243=VERTEX_POINT('',#6242);
#6244=CARTESIAN_POINT('',(5.422328839204525,3.167401906158773,-9.294647092192721));
#6245=DIRECTION('',(-1.0,0.0,0.0));
#6246=VECTOR('',#6245,1.136637718646121);
#6247=LINE('',#6244,#6246);
#6248=EDGE_CURVE('',#6235,#6243,#6247,.T.);
#6249=ORIENTED_EDGE('',*,*,#6248,.T.);
#6250=CARTESIAN_POINT('',(4.285691120558405,3.167401906158773,-9.294647092192721));
#6251=DIRECTION('',(0.0,0.0,-1.0));
#6252=VECTOR('',#6251,1.136662695303386);
#6253=LINE('',#6250,#6252);
#6254=EDGE_CURVE('',#6243,#6225,#6253,.T.);
#6255=ORIENTED_EDGE('',*,*,#6254,.T.);
#6256=EDGE_LOOP('',(#6233,#6241,#6249,#6255));
#6257=FACE_BOUND('',#6256,.T.);
#6258=CARTESIAN_POINT('',(4.285691120558405,3.167401906158773,-6.482351359084323));
#6259=VERTEX_POINT('',#6258);
#6260=CARTESIAN_POINT('',(5.422328839204514,3.167401906158773,-6.482351359084327));
#6261=VERTEX_POINT('',#6260);
#6262=CARTESIAN_POINT('',(4.285691120558404,3.167401906158773,-6.482351359084324));
#6263=DIRECTION('',(1.0,0.0,0.0));
#6264=VECTOR('',#6263,1.136637718646110);
#6265=LINE('',#6262,#6264);
#6266=EDGE_CURVE('',#6259,#6261,#6265,.T.);
#6267=ORIENTED_EDGE('',*,*,#6266,.T.);
#6268=CARTESIAN_POINT('',(5.422328839204510,3.167401906158773,-5.340418589098805));
#6269=VERTEX_POINT('',#6268);
#6270=CARTESIAN_POINT('',(5.422328839204515,3.167401906158773,-6.482351359084328));
#6271=DIRECTION('',(0.0,0.0,1.0));
#6272=VECTOR('',#6271,1.141932769985523);
#6273=LINE('',#6270,#6272);
#6274=EDGE_CURVE('',#6261,#6269,#6273,.T.);
#6275=ORIENTED_EDGE('',*,*,#6274,.T.);
#6276=CARTESIAN_POINT('',(4.285691120558414,3.167401906158773,-5.340418589098841));
#6277=VERTEX_POINT('',#6276);
#6278=CARTESIAN_POINT('',(5.422328839204510,3.167401906158773,-5.340418589098806));
#6279=DIRECTION('',(-1.0,0.0,0.0));
#6280=VECTOR('',#6279,1.136637718646097);
#6281=LINE('',#6278,#6280);
#6282=EDGE_CURVE('',#6269,#6277,#6281,.T.);
#6283=ORIENTED_EDGE('',*,*,#6282,.T.);
#6284=CARTESIAN_POINT('',(4.285691120558415,3.167401906158773,-5.340418589098841));
#6285=DIRECTION('',(0.0,0.0,-1.0));
#6286=VECTOR('',#6285,1.141932769985482);
#6287=LINE('',#6284,#6286);
#6288=EDGE_CURVE('',#6277,#6259,#6287,.T.);
#6289=ORIENTED_EDGE('',*,*,#6288,.T.);
#6290=EDGE_LOOP('',(#6267,#6275,#6283,#6289));
#6291=FACE_BOUND('',#6290,.T.);
#6292=ADVANCED_FACE('',(#6189,#6223,#6257,#6291),#6129,.T.);
#6293=CARTESIAN_POINT('',(0.562110421620702,3.924640024214585,-0.500000000000000));
#6294=DIRECTION('',(0.0,-1.0,0.0));
#6295=DIRECTION('',(-0.707106781186548,0.0,0.707106781186547));
#6296=AXIS2_PLACEMENT_3D('',#6293,#6294,#6295);
#6297=CYLINDRICAL_SURFACE('',#6296,0.500000000000000);
#6298=ORIENTED_EDGE('',*,*,#5946,.T.);
#6299=ORIENTED_EDGE('',*,*,#6119,.T.);
#6300=ORIENTED_EDGE('',*,*,#6154,.T.);
#6301=CARTESIAN_POINT('',(0.062110421620702,3.167401906158773,-0.500000000000000));
#6302=DIRECTION('',(0.0,-1.0,0.0));
#6303=VECTOR('',#6302,3.198460775564371);
#6304=LINE('',#6301,#6303);
#6305=EDGE_CURVE('',#6142,#5940,#6304,.T.);
#6306=ORIENTED_EDGE('',*,*,#6305,.T.);
#6307=EDGE_LOOP('',(#6298,#6299,#6300,#6306));
#6308=FACE_OUTER_BOUND('',#6307,.T.);
#6309=ADVANCED_FACE('',(#6308),#6297,.T.);
#6310=CARTESIAN_POINT('',(0.062110421620702,3.167401906158773,0.0));
#6311=DIRECTION('',(-1.0,0.0,0.0));
#6312=DIRECTION('',(0.0,0.0,1.0));
#6313=AXIS2_PLACEMENT_3D('',#6310,#6311,#6312);
#6314=PLANE('',#6313);
#6315=ORIENTED_EDGE('',*,*,#6305,.F.);
#6316=ORIENTED_EDGE('',*,*,#6147,.T.);
#6317=CARTESIAN_POINT('',(0.062110421620702,-0.031058869405598,-11.320000000000000));
#6318=DIRECTION('',(0.0,1.0,0.0));
#6319=VECTOR('',#6318,3.198460775564371);
#6320=LINE('',#6317,#6319);
#6321=EDGE_CURVE('',#5949,#6133,#6320,.T.);
#6322=ORIENTED_EDGE('',*,*,#6321,.F.);
#6323=ORIENTED_EDGE('',*,*,#5954,.F.);
#6324=EDGE_LOOP('',(#6315,#6316,#6322,#6323));
#6325=FACE_OUTER_BOUND('',#6324,.T.);
#6326=ADVANCED_FACE('',(#6325),#6314,.T.);
#6327=CARTESIAN_POINT('',(0.562110421620702,3.924640024214585,-11.320000000000000));
#6328=DIRECTION('',(0.0,-1.0,0.0));
#6329=DIRECTION('',(-0.707106781186549,0.0,-0.707106781186546));
#6330=AXIS2_PLACEMENT_3D('',#6327,#6328,#6329);
#6331=CYLINDRICAL_SURFACE('',#6330,0.500000000000000);
#6332=ORIENTED_EDGE('',*,*,#5961,.T.);
#6333=ORIENTED_EDGE('',*,*,#6321,.T.);
#6334=ORIENTED_EDGE('',*,*,#6139,.T.);
#6335=ORIENTED_EDGE('',*,*,#5865,.T.);
#6336=EDGE_LOOP('',(#6332,#6333,#6334,#6335));
#6337=FACE_OUTER_BOUND('',#6336,.T.);
#6338=ADVANCED_FACE('',(#6337),#6331,.T.);
#6339=CARTESIAN_POINT('',(4.285691120558414,3.167401906158773,-5.340418589098841));
#6340=DIRECTION('',(0.0,0.0,1.0));
#6341=DIRECTION('',(1.0,0.0,0.0));
#6342=AXIS2_PLACEMENT_3D('',#6339,#6340,#6341);
#6343=PLANE('',#6342);
#6344=ORIENTED_EDGE('',*,*,#6058,.F.);
#6345=CARTESIAN_POINT('',(4.285691120558414,3.167401906158773,-5.340418589098841));
#6346=DIRECTION('',(0.0,-1.0,0.0));
#6347=VECTOR('',#6346,3.198460775564371);
#6348=LINE('',#6345,#6347);
#6349=EDGE_CURVE('',#6277,#6045,#6348,.T.);
#6350=ORIENTED_EDGE('',*,*,#6349,.F.);
#6351=ORIENTED_EDGE('',*,*,#6282,.F.);
#6352=CARTESIAN_POINT('',(5.422328839204510,3.167401906158773,-5.340418589098805));
#6353=DIRECTION('',(0.0,-1.0,0.0));
#6354=VECTOR('',#6353,3.198460775564371);
#6355=LINE('',#6352,#6354);
#6356=EDGE_CURVE('',#6269,#6053,#6355,.T.);
#6357=ORIENTED_EDGE('',*,*,#6356,.T.);
#6358=EDGE_LOOP('',(#6344,#6350,#6351,#6357));
#6359=FACE_OUTER_BOUND('',#6358,.T.);
#6360=ADVANCED_FACE('',(#6359),#6343,.F.);
#6361=CARTESIAN_POINT('',(5.422328839204510,3.167401906158773,-5.340418589098805));
#6362=DIRECTION('',(1.0,0.0,0.0));
#6363=DIRECTION('',(0.0,0.0,-1.0));
#6364=AXIS2_PLACEMENT_3D('',#6361,#6362,#6363);
#6365=PLANE('',#6364);
#6366=ORIENTED_EDGE('',*,*,#6064,.F.);
#6367=ORIENTED_EDGE('',*,*,#6356,.F.);
#6368=ORIENTED_EDGE('',*,*,#6274,.F.);
#6369=CARTESIAN_POINT('',(5.422328839204514,3.167401906158773,-6.482351359084327));
#6370=DIRECTION('',(0.0,-1.0,0.0));
#6371=VECTOR('',#6370,3.198460775564371);
#6372=LINE('',#6369,#6371);
#6373=EDGE_CURVE('',#6261,#6035,#6372,.T.);
#6374=ORIENTED_EDGE('',*,*,#6373,.T.);
#6375=EDGE_LOOP('',(#6366,#6367,#6368,#6374));
#6376=FACE_OUTER_BOUND('',#6375,.T.);
#6377=ADVANCED_FACE('',(#6376),#6365,.F.);
#6378=CARTESIAN_POINT('',(5.422328839204514,3.167401906158773,-6.482351359084327));
#6379=DIRECTION('',(0.0,0.0,-1.0));
#6380=DIRECTION('',(-1.0,0.0,0.0));
#6381=AXIS2_PLACEMENT_3D('',#6378,#6379,#6380);
#6382=PLANE('',#6381);
#6383=ORIENTED_EDGE('',*,*,#6042,.F.);
#6384=ORIENTED_EDGE('',*,*,#6373,.F.);
#6385=ORIENTED_EDGE('',*,*,#6266,.F.);
#6386=CARTESIAN_POINT('',(4.285691120558405,3.167401906158773,-6.482351359084323));
#6387=DIRECTION('',(0.0,-1.0,0.0));
#6388=VECTOR('',#6387,3.198460775564371);
#6389=LINE('',#6386,#6388);
#6390=EDGE_CURVE('',#6259,#6037,#6389,.T.);
#6391=ORIENTED_EDGE('',*,*,#6390,.T.);
#6392=EDGE_LOOP('',(#6383,#6384,#6385,#6391));
#6393=FACE_OUTER_BOUND('',#6392,.T.);
#6394=ADVANCED_FACE('',(#6393),#6382,.F.);
#6395=CARTESIAN_POINT('',(4.285691120558405,3.167401906158773,-6.482351359084323));
#6396=DIRECTION('',(-1.0,0.0,0.0));
#6397=DIRECTION('',(0.0,0.0,1.0));
#6398=AXIS2_PLACEMENT_3D('',#6395,#6396,#6397);
#6399=PLANE('',#6398);
#6400=ORIENTED_EDGE('',*,*,#6050,.F.);
#6401=ORIENTED_EDGE('',*,*,#6390,.F.);
#6402=ORIENTED_EDGE('',*,*,#6288,.F.);
#6403=ORIENTED_EDGE('',*,*,#6349,.T.);
#6404=EDGE_LOOP('',(#6400,#6401,#6402,#6403));
#6405=FACE_OUTER_BOUND('',#6404,.T.);
#6406=ADVANCED_FACE('',(#6405),#6399,.F.);
#6407=CARTESIAN_POINT('',(4.285691120558405,3.167401906158773,-9.294647092192721));
#6408=DIRECTION('',(0.0,0.0,1.0));
#6409=DIRECTION('',(1.0,0.0,0.0));
#6410=AXIS2_PLACEMENT_3D('',#6407,#6408,#6409);
#6411=PLANE('',#6410);
#6412=ORIENTED_EDGE('',*,*,#6024,.F.);
#6413=CARTESIAN_POINT('',(4.285691120558405,3.167401906158773,-9.294647092192721));
#6414=DIRECTION('',(0.0,-1.0,0.0));
#6415=VECTOR('',#6414,3.198460775564371);
#6416=LINE('',#6413,#6415);
#6417=EDGE_CURVE('',#6243,#6011,#6416,.T.);
#6418=ORIENTED_EDGE('',*,*,#6417,.F.);
#6419=ORIENTED_EDGE('',*,*,#6248,.F.);
#6420=CARTESIAN_POINT('',(5.422328839204526,3.167401906158773,-9.294647092192721));
#6421=DIRECTION('',(0.0,-1.0,0.0));
#6422=VECTOR('',#6421,3.198460775564371);
#6423=LINE('',#6420,#6422);
#6424=EDGE_CURVE('',#6235,#6019,#6423,.T.);
#6425=ORIENTED_EDGE('',*,*,#6424,.T.);
#6426=EDGE_LOOP('',(#6412,#6418,#6419,#6425));
#6427=FACE_OUTER_BOUND('',#6426,.T.);
#6428=ADVANCED_FACE('',(#6427),#6411,.F.);
#6429=CARTESIAN_POINT('',(5.422328839204526,3.167401906158773,-9.294647092192721));
#6430=DIRECTION('',(1.0,0.0,0.0));
#6431=DIRECTION('',(0.0,0.0,-1.0));
#6432=AXIS2_PLACEMENT_3D('',#6429,#6430,#6431);
#6433=PLANE('',#6432);
#6434=ORIENTED_EDGE('',*,*,#6030,.F.);
#6435=ORIENTED_EDGE('',*,*,#6424,.F.);
#6436=ORIENTED_EDGE('',*,*,#6240,.F.);
#6437=CARTESIAN_POINT('',(5.422328839204519,3.167401906158773,-10.431309787496087));
#6438=DIRECTION('',(0.0,-1.0,0.0));
#6439=VECTOR('',#6438,3.198460775564371);
#6440=LINE('',#6437,#6439);
#6441=EDGE_CURVE('',#6227,#6001,#6440,.T.);
#6442=ORIENTED_EDGE('',*,*,#6441,.T.);
#6443=EDGE_LOOP('',(#6434,#6435,#6436,#6442));
#6444=FACE_OUTER_BOUND('',#6443,.T.);
#6445=ADVANCED_FACE('',(#6444),#6433,.F.);
#6446=CARTESIAN_POINT('',(5.422328839204519,3.167401906158773,-10.431309787496087));
#6447=DIRECTION('',(0.0,0.0,-1.0));
#6448=DIRECTION('',(-1.0,0.0,0.0));
#6449=AXIS2_PLACEMENT_3D('',#6446,#6447,#6448);
#6450=PLANE('',#6449);
#6451=ORIENTED_EDGE('',*,*,#6008,.F.);
#6452=ORIENTED_EDGE('',*,*,#6441,.F.);
#6453=ORIENTED_EDGE('',*,*,#6232,.F.);
#6454=CARTESIAN_POINT('',(4.285691120558429,3.167401906158773,-10.431309787496106));
#6455=DIRECTION('',(0.0,-1.0,0.0));
#6456=VECTOR('',#6455,3.198460775564371);
#6457=LINE('',#6454,#6456);
#6458=EDGE_CURVE('',#6225,#6003,#6457,.T.);
#6459=ORIENTED_EDGE('',*,*,#6458,.T.);
#6460=EDGE_LOOP('',(#6451,#6452,#6453,#6459));
#6461=FACE_OUTER_BOUND('',#6460,.T.);
#6462=ADVANCED_FACE('',(#6461),#6450,.F.);
#6463=CARTESIAN_POINT('',(4.285691120558429,3.167401906158773,-10.431309787496106));
#6464=DIRECTION('',(-1.0,0.0,0.0));
#6465=DIRECTION('',(0.0,0.0,1.0));
#6466=AXIS2_PLACEMENT_3D('',#6463,#6464,#6465);
#6467=PLANE('',#6466);
#6468=ORIENTED_EDGE('',*,*,#6016,.F.);
#6469=ORIENTED_EDGE('',*,*,#6458,.F.);
#6470=ORIENTED_EDGE('',*,*,#6254,.F.);
#6471=ORIENTED_EDGE('',*,*,#6417,.T.);
#6472=EDGE_LOOP('',(#6468,#6469,#6470,#6471));
#6473=FACE_OUTER_BOUND('',#6472,.T.);
#6474=ADVANCED_FACE('',(#6473),#6467,.F.);
#6475=CARTESIAN_POINT('',(4.285691120558402,3.167401906158773,-1.385964351550204));
#6476=DIRECTION('',(0.0,0.0,1.0));
#6477=DIRECTION('',(1.0,0.0,0.0));
#6478=AXIS2_PLACEMENT_3D('',#6475,#6476,#6477);
#6479=PLANE('',#6478);
#6480=ORIENTED_EDGE('',*,*,#5990,.F.);
#6481=CARTESIAN_POINT('',(4.285691120558402,3.167401906158773,-1.385964351550204));
#6482=DIRECTION('',(0.0,-1.0,0.0));
#6483=VECTOR('',#6482,3.198460775564371);
#6484=LINE('',#6481,#6483);
#6485=EDGE_CURVE('',#6209,#5977,#6484,.T.);
#6486=ORIENTED_EDGE('',*,*,#6485,.F.);
#6487=ORIENTED_EDGE('',*,*,#6214,.F.);
#6488=CARTESIAN_POINT('',(5.422328839204508,3.167401906158773,-1.385964351550199));
#6489=DIRECTION('',(0.0,-1.0,0.0));
#6490=VECTOR('',#6489,3.198460775564371);
#6491=LINE('',#6488,#6490);
#6492=EDGE_CURVE('',#6201,#5985,#6491,.T.);
#6493=ORIENTED_EDGE('',*,*,#6492,.T.);
#6494=EDGE_LOOP('',(#6480,#6486,#6487,#6493));
#6495=FACE_OUTER_BOUND('',#6494,.T.);
#6496=ADVANCED_FACE('',(#6495),#6479,.F.);
#6497=CARTESIAN_POINT('',(5.422328839204508,3.167401906158773,-1.385964351550199));
#6498=DIRECTION('',(1.0,0.0,0.0));
#6499=DIRECTION('',(0.0,0.0,-1.0));
#6500=AXIS2_PLACEMENT_3D('',#6497,#6498,#6499);
#6501=PLANE('',#6500);
#6502=ORIENTED_EDGE('',*,*,#5996,.F.);
#6503=ORIENTED_EDGE('',*,*,#6492,.F.);
#6504=ORIENTED_EDGE('',*,*,#6206,.F.);
#6505=CARTESIAN_POINT('',(5.422328839204495,3.167401906158773,-2.522602070196320));
#6506=DIRECTION('',(0.0,-1.0,0.0));
#6507=VECTOR('',#6506,3.198460775564371);
#6508=LINE('',#6505,#6507);
#6509=EDGE_CURVE('',#6193,#5967,#6508,.T.);
#6510=ORIENTED_EDGE('',*,*,#6509,.T.);
#6511=EDGE_LOOP('',(#6502,#6503,#6504,#6510));
#6512=FACE_OUTER_BOUND('',#6511,.T.);
#6513=ADVANCED_FACE('',(#6512),#6501,.F.);
#6514=CARTESIAN_POINT('',(5.422328839204495,3.167401906158773,-2.522602070196320));
#6515=DIRECTION('',(0.0,0.0,-1.0));
#6516=DIRECTION('',(-1.0,0.0,0.0));
#6517=AXIS2_PLACEMENT_3D('',#6514,#6515,#6516);
#6518=PLANE('',#6517);
#6519=ORIENTED_EDGE('',*,*,#5974,.F.);
#6520=ORIENTED_EDGE('',*,*,#6509,.F.);
#6521=ORIENTED_EDGE('',*,*,#6198,.F.);
#6522=CARTESIAN_POINT('',(4.285691120558405,3.167401906158773,-2.522602070196311));
#6523=DIRECTION('',(0.0,-1.0,0.0));
#6524=VECTOR('',#6523,3.198460775564371);
#6525=LINE('',#6522,#6524);
#6526=EDGE_CURVE('',#6191,#5969,#6525,.T.);
#6527=ORIENTED_EDGE('',*,*,#6526,.T.);
#6528=EDGE_LOOP('',(#6519,#6520,#6521,#6527));
#6529=FACE_OUTER_BOUND('',#6528,.T.);
#6530=ADVANCED_FACE('',(#6529),#6518,.F.);
#6531=CARTESIAN_POINT('',(4.285691120558405,3.167401906158773,-2.522602070196311));
#6532=DIRECTION('',(-1.0,0.0,0.0));
#6533=DIRECTION('',(0.0,0.0,1.0));
#6534=AXIS2_PLACEMENT_3D('',#6531,#6532,#6533);
#6535=PLANE('',#6534);
#6536=ORIENTED_EDGE('',*,*,#5982,.F.);
#6537=ORIENTED_EDGE('',*,*,#6526,.F.);
#6538=ORIENTED_EDGE('',*,*,#6220,.F.);
#6539=ORIENTED_EDGE('',*,*,#6485,.T.);
#6540=EDGE_LOOP('',(#6536,#6537,#6538,#6539));
#6541=FACE_OUTER_BOUND('',#6540,.T.);
#6542=ADVANCED_FACE('',(#6541),#6535,.F.);
#6543=CARTESIAN_POINT('',(6.855561383429404,3.167401906158773,-11.820000000000002));
#6544=DIRECTION('',(-1.0,0.0,0.0));
#6545=DIRECTION('',(0.0,0.0,1.0));
#6546=AXIS2_PLACEMENT_3D('',#6543,#6544,#6545);
#6547=PLANE('',#6546);
#6548=ORIENTED_EDGE('',*,*,#5840,.F.);
#6549=ORIENTED_EDGE('',*,*,#6186,.F.);
#6550=CARTESIAN_POINT('',(6.855561383429404,3.167401906158773,-10.410000000000002));
#6551=DIRECTION('',(0.0,-1.0,0.0));
#6552=VECTOR('',#6551,3.198460775564371);
#6553=LINE('',#6550,#6552);
#6554=EDGE_CURVE('',#6175,#5883,#6553,.T.);
#6555=ORIENTED_EDGE('',*,*,#6554,.T.);
#6556=ORIENTED_EDGE('',*,*,#5888,.F.);
#6557=EDGE_LOOP('',(#6548,#6549,#6555,#6556));
#6558=FACE_OUTER_BOUND('',#6557,.T.);
#6559=ADVANCED_FACE('',(#6558),#6547,.F.);
#6560=CARTESIAN_POINT('',(6.855561383429404,3.167401906158773,-10.410000000000002));
#6561=DIRECTION('',(0.0,0.0,1.0));
#6562=DIRECTION('',(1.0,0.0,0.0));
#6563=AXIS2_PLACEMENT_3D('',#6560,#6561,#6562);
#6564=PLANE('',#6563);
#6565=CARTESIAN_POINT('',(7.352496956299718,9.363436202935048,-10.410000000000002));
#6566=VERTEX_POINT('',#6565);
#6567=CARTESIAN_POINT('',(6.855561383429404,7.761558289483163,-10.410000000000002));
#6568=VERTEX_POINT('',#6567);
#6569=CARTESIAN_POINT('',(7.352496956299718,9.363436202935050,-10.410000000000002));
#6570=DIRECTION('',(-0.296291011848951,-0.955097710340426,0.0));
#6571=VECTOR('',#6570,1.677187471092281);
#6572=LINE('',#6569,#6571);
#6573=EDGE_CURVE('',#6566,#6568,#6572,.T.);
#6574=ORIENTED_EDGE('',*,*,#6573,.F.);
#6575=CARTESIAN_POINT('',(8.055639811519143,9.363436202935048,-10.410000000000002));
#6576=VERTEX_POINT('',#6575);
#6577=CARTESIAN_POINT('',(8.055639811519143,9.363436202935048,-10.410000000000002));
#6578=DIRECTION('',(-1.0,0.0,0.0));
#6579=VECTOR('',#6578,0.703142855219426);
#6580=LINE('',#6577,#6579);
#6581=EDGE_CURVE('',#6576,#6566,#6580,.T.);
#6582=ORIENTED_EDGE('',*,*,#6581,.F.);
#6583=CARTESIAN_POINT('',(8.753487615399166,7.761558289483163,-10.410000000000002));
#6584=VERTEX_POINT('',#6583);
#6585=CARTESIAN_POINT('',(8.753487615399168,7.761558289483164,-10.410000000000002));
#6586=DIRECTION('',(-0.399389828755694,0.916781197825576,0.0));
#6587=VECTOR('',#6586,1.747284867153935);
#6588=LINE('',#6585,#6587);
#6589=EDGE_CURVE('',#6584,#6576,#6588,.T.);
#6590=ORIENTED_EDGE('',*,*,#6589,.F.);
#6591=CARTESIAN_POINT('',(8.753487615399166,7.264622716612821,-10.410000000000002));
#6592=VERTEX_POINT('',#6591);
#6593=CARTESIAN_POINT('',(8.753487615399166,7.264622716612821,-10.410000000000002));
#6594=DIRECTION('',(0.0,1.0,0.0));
#6595=VECTOR('',#6594,0.496935572870342);
#6596=LINE('',#6593,#6595);
#6597=EDGE_CURVE('',#6592,#6584,#6596,.T.);
#6598=ORIENTED_EDGE('',*,*,#6597,.F.);
#6599=CARTESIAN_POINT('',(8.055639811519143,7.264622716612821,-10.410000000000002));
#6600=VERTEX_POINT('',#6599);
#6601=CARTESIAN_POINT('',(8.055639811519143,7.264622716612821,-10.410000000000002));
#6602=DIRECTION('',(1.0,0.0,0.0));
#6603=VECTOR('',#6602,0.697847803880023);
#6604=LINE('',#6601,#6603);
#6605=EDGE_CURVE('',#6600,#6592,#6604,.T.);
#6606=ORIENTED_EDGE('',*,*,#6605,.F.);
#6607=CARTESIAN_POINT('',(8.055639811519143,-0.031058869405598,-10.410000000000002));
#6608=DIRECTION('',(0.0,1.0,0.0));
#6609=VECTOR('',#6608,7.295681586018419);
#6610=LINE('',#6607,#6609);
#6611=EDGE_CURVE('',#5891,#6600,#6610,.T.);
#6612=ORIENTED_EDGE('',*,*,#6611,.F.);
#6613=ORIENTED_EDGE('',*,*,#5896,.F.);
#6614=ORIENTED_EDGE('',*,*,#6554,.F.);
#6615=CARTESIAN_POINT('',(6.855561383429404,7.761558289483162,-10.410000000000002));
#6616=DIRECTION('',(0.0,-1.0,0.0));
#6617=VECTOR('',#6616,4.594156383324389);
#6618=LINE('',#6615,#6617);
#6619=EDGE_CURVE('',#6568,#6175,#6618,.T.);
#6620=ORIENTED_EDGE('',*,*,#6619,.F.);
#6621=EDGE_LOOP('',(#6574,#6582,#6590,#6598,#6606,#6612,#6613,#6614,#6620));
#6622=FACE_OUTER_BOUND('',#6621,.T.);
#6623=ADVANCED_FACE('',(#6622),#6564,.F.);
#6624=CARTESIAN_POINT('',(8.753487615399166,7.761558289483163,0.0));
#6625=DIRECTION('',(0.916781197825576,0.399389828755693,0.0));
#6626=DIRECTION('',(0.0,0.0,-1.0));
#6627=AXIS2_PLACEMENT_3D('',#6624,#6625,#6626);
#6628=PLANE('',#6627);
#6629=ORIENTED_EDGE('',*,*,#6589,.T.);
#6630=CARTESIAN_POINT('',(8.055639811519143,9.363436202935048,-1.410000000000000));
#6631=VERTEX_POINT('',#6630);
#6632=CARTESIAN_POINT('',(8.055639811519143,9.363436202935048,-1.410000000000000));
#6633=DIRECTION('',(0.0,0.0,-1.0));
#6634=VECTOR('',#6633,9.000000000000002);
#6635=LINE('',#6632,#6634);
#6636=EDGE_CURVE('',#6631,#6576,#6635,.T.);
#6637=ORIENTED_EDGE('',*,*,#6636,.F.);
#6638=CARTESIAN_POINT('',(8.753487615399166,7.761558289483163,-1.410000000000000));
#6639=VERTEX_POINT('',#6638);
#6640=CARTESIAN_POINT('',(8.055639811519143,9.363436202935048,-1.410000000000000));
#6641=DIRECTION('',(0.399389828755693,-0.916781197825576,0.0));
#6642=VECTOR('',#6641,1.747284867153935);
#6643=LINE('',#6640,#6642);
#6644=EDGE_CURVE('',#6631,#6639,#6643,.T.);
#6645=ORIENTED_EDGE('',*,*,#6644,.T.);
#6646=CARTESIAN_POINT('',(8.753487615399166,7.761558289483163,-1.410000000000000));
#6647=DIRECTION('',(0.0,0.0,-1.0));
#6648=VECTOR('',#6647,9.000000000000002);
#6649=LINE('',#6646,#6648);
#6650=EDGE_CURVE('',#6639,#6584,#6649,.T.);
#6651=ORIENTED_EDGE('',*,*,#6650,.T.);
#6652=EDGE_LOOP('',(#6629,#6637,#6645,#6651));
#6653=FACE_OUTER_BOUND('',#6652,.T.);
#6654=ADVANCED_FACE('',(#6653),#6628,.T.);
#6655=CARTESIAN_POINT('',(7.352496956299718,9.363436202935048,0.0));
#6656=DIRECTION('',(-0.955097710340427,0.296291011848951,0.0));
#6657=DIRECTION('',(0.0,0.0,1.0));
#6658=AXIS2_PLACEMENT_3D('',#6655,#6656,#6657);
#6659=PLANE('',#6658);
#6660=ORIENTED_EDGE('',*,*,#6573,.T.);
#6661=CARTESIAN_POINT('',(6.855561383429404,7.761558289483164,-1.410000000000000));
#6662=VERTEX_POINT('',#6661);
#6663=CARTESIAN_POINT('',(6.855561383429404,7.761558289483163,-1.410000000000000));
#6664=DIRECTION('',(0.0,0.0,-1.0));
#6665=VECTOR('',#6664,9.000000000000002);
#6666=LINE('',#6663,#6665);
#6667=EDGE_CURVE('',#6662,#6568,#6666,.T.);
#6668=ORIENTED_EDGE('',*,*,#6667,.F.);
#6669=CARTESIAN_POINT('',(7.352496956299717,9.363436202935048,-1.410000000000000));
#6670=VERTEX_POINT('',#6669);
#6671=CARTESIAN_POINT('',(6.855561383429403,7.761558289483162,-1.410000000000000));
#6672=DIRECTION('',(0.296291011848950,0.955097710340427,0.0));
#6673=VECTOR('',#6672,1.677187471092280);
#6674=LINE('',#6671,#6673);
#6675=EDGE_CURVE('',#6662,#6670,#6674,.T.);
#6676=ORIENTED_EDGE('',*,*,#6675,.T.);
#6677=CARTESIAN_POINT('',(7.352496956299718,9.363436202935048,-1.410000000000000));
#6678=DIRECTION('',(0.0,0.0,-1.0));
#6679=VECTOR('',#6678,9.000000000000002);
#6680=LINE('',#6677,#6679);
#6681=EDGE_CURVE('',#6670,#6566,#6680,.T.);
#6682=ORIENTED_EDGE('',*,*,#6681,.T.);
#6683=EDGE_LOOP('',(#6660,#6668,#6676,#6682));
#6684=FACE_OUTER_BOUND('',#6683,.T.);
#6685=ADVANCED_FACE('',(#6684),#6659,.T.);
#6686=CARTESIAN_POINT('',(6.855561383429404,3.167401906158773,0.0));
#6687=DIRECTION('',(-1.0,0.0,0.0));
#6688=DIRECTION('',(0.0,0.0,1.0));
#6689=AXIS2_PLACEMENT_3D('',#6686,#6687,#6688);
#6690=PLANE('',#6689);
#6691=ORIENTED_EDGE('',*,*,#6619,.T.);
#6692=ORIENTED_EDGE('',*,*,#6180,.T.);
#6693=CARTESIAN_POINT('',(6.855561383429404,3.167401906158773,-1.410000000000000));
#6694=DIRECTION('',(0.0,1.0,0.0));
#6695=VECTOR('',#6694,4.594156383324391);
#6696=LINE('',#6693,#6695);
#6697=EDGE_CURVE('',#6167,#6662,#6696,.T.);
#6698=ORIENTED_EDGE('',*,*,#6697,.T.);
#6699=ORIENTED_EDGE('',*,*,#6667,.T.);
#6700=EDGE_LOOP('',(#6691,#6692,#6698,#6699));
#6701=FACE_OUTER_BOUND('',#6700,.T.);
#6702=ADVANCED_FACE('',(#6701),#6690,.T.);
#6703=CARTESIAN_POINT('',(6.862110421620702,-0.031058869405598,0.0));
#6704=DIRECTION('',(-1.0,0.0,0.0));
#6705=DIRECTION('',(0.0,0.0,1.0));
#6706=AXIS2_PLACEMENT_3D('',#6703,#6704,#6705);
#6707=PLANE('',#6706);
#6708=ORIENTED_EDGE('',*,*,#6096,.F.);
#6709=ORIENTED_EDGE('',*,*,#5920,.F.);
#6710=CARTESIAN_POINT('',(6.862110421620702,-0.031058869405598,-1.410000000000000));
#6711=DIRECTION('',(0.0,1.0,0.0));
#6712=VECTOR('',#6711,3.198460775564371);
#6713=LINE('',#6710,#6712);
#6714=EDGE_CURVE('',#5907,#6159,#6713,.T.);
#6715=ORIENTED_EDGE('',*,*,#6714,.T.);
#6716=ORIENTED_EDGE('',*,*,#6164,.T.);
#6717=EDGE_LOOP('',(#6708,#6709,#6715,#6716));
#6718=FACE_OUTER_BOUND('',#6717,.T.);
#6719=ADVANCED_FACE('',(#6718),#6707,.F.);
#6720=CARTESIAN_POINT('',(8.055639811519143,7.264622716612821,0.0));
#6721=DIRECTION('',(0.0,-1.0,0.0));
#6722=DIRECTION('',(0.0,0.0,-1.0));
#6723=AXIS2_PLACEMENT_3D('',#6720,#6721,#6722);
#6724=PLANE('',#6723);
#6725=ORIENTED_EDGE('',*,*,#6605,.T.);
#6726=CARTESIAN_POINT('',(8.753487615399166,7.264622716612821,-1.410000000000000));
#6727=VERTEX_POINT('',#6726);
#6728=CARTESIAN_POINT('',(8.753487615399166,7.264622716612821,-1.410000000000000));
#6729=DIRECTION('',(0.0,0.0,-1.0));
#6730=VECTOR('',#6729,9.000000000000002);
#6731=LINE('',#6728,#6730);
#6732=EDGE_CURVE('',#6727,#6592,#6731,.T.);
#6733=ORIENTED_EDGE('',*,*,#6732,.F.);
#6734=CARTESIAN_POINT('',(8.055639811519143,7.264622716612821,-1.410000000000000));
#6735=VERTEX_POINT('',#6734);
#6736=CARTESIAN_POINT('',(8.753487615399166,7.264622716612821,-1.410000000000000));
#6737=DIRECTION('',(-1.0,0.0,0.0));
#6738=VECTOR('',#6737,0.697847803880023);
#6739=LINE('',#6736,#6738);
#6740=EDGE_CURVE('',#6727,#6735,#6739,.T.);
#6741=ORIENTED_EDGE('',*,*,#6740,.T.);
#6742=CARTESIAN_POINT('',(8.055639811519143,7.264622716612821,-1.410000000000000));
#6743=DIRECTION('',(0.0,0.0,-1.0));
#6744=VECTOR('',#6743,9.000000000000002);
#6745=LINE('',#6742,#6744);
#6746=EDGE_CURVE('',#6735,#6600,#6745,.T.);
#6747=ORIENTED_EDGE('',*,*,#6746,.T.);
#6748=EDGE_LOOP('',(#6725,#6733,#6741,#6747));
#6749=FACE_OUTER_BOUND('',#6748,.T.);
#6750=ADVANCED_FACE('',(#6749),#6724,.T.);
#6751=CARTESIAN_POINT('',(8.055639811519143,-0.031058869405598,0.0));
#6752=DIRECTION('',(1.0,0.0,0.0));
#6753=DIRECTION('',(0.0,0.0,-1.0));
#6754=AXIS2_PLACEMENT_3D('',#6751,#6752,#6753);
#6755=PLANE('',#6754);
#6756=ORIENTED_EDGE('',*,*,#6611,.T.);
#6757=ORIENTED_EDGE('',*,*,#6746,.F.);
#6758=CARTESIAN_POINT('',(8.055639811519143,7.264622716612821,-1.410000000000000));
#6759=DIRECTION('',(0.0,-1.0,0.0));
#6760=VECTOR('',#6759,7.295681586018419);
#6761=LINE('',#6758,#6760);
#6762=EDGE_CURVE('',#6735,#5899,#6761,.T.);
#6763=ORIENTED_EDGE('',*,*,#6762,.T.);
#6764=ORIENTED_EDGE('',*,*,#5904,.T.);
#6765=EDGE_LOOP('',(#6756,#6757,#6763,#6764));
#6766=FACE_OUTER_BOUND('',#6765,.T.);
#6767=ADVANCED_FACE('',(#6766),#6755,.T.);
#6768=CARTESIAN_POINT('',(8.748438477210252,13.863270815098314,-1.410000000000000));
#6769=DIRECTION('',(0.0,0.0,-1.0));
#6770=DIRECTION('',(-1.0,0.0,0.0));
#6771=AXIS2_PLACEMENT_3D('',#6768,#6769,#6770);
#6772=PLANE('',#6771);
#6773=ORIENTED_EDGE('',*,*,#6714,.F.);
#6774=ORIENTED_EDGE('',*,*,#5912,.F.);
#6775=ORIENTED_EDGE('',*,*,#6762,.F.);
#6776=ORIENTED_EDGE('',*,*,#6740,.F.);
#6777=CARTESIAN_POINT('',(8.753487615399166,7.761558289483162,-1.410000000000000));
#6778=DIRECTION('',(0.0,-1.0,0.0));
#6779=VECTOR('',#6778,0.496935572870342);
#6780=LINE('',#6777,#6779);
#6781=EDGE_CURVE('',#6639,#6727,#6780,.T.);
#6782=ORIENTED_EDGE('',*,*,#6781,.F.);
#6783=ORIENTED_EDGE('',*,*,#6644,.F.);
#6784=CARTESIAN_POINT('',(7.352496956299716,9.363436202935048,-1.410000000000000));
#6785=DIRECTION('',(1.0,0.0,0.0));
#6786=VECTOR('',#6785,0.703142855219427);
#6787=LINE('',#6784,#6786);
#6788=EDGE_CURVE('',#6670,#6631,#6787,.T.);
#6789=ORIENTED_EDGE('',*,*,#6788,.F.);
#6790=ORIENTED_EDGE('',*,*,#6675,.F.);
#6791=ORIENTED_EDGE('',*,*,#6697,.F.);
#6792=ORIENTED_EDGE('',*,*,#6172,.T.);
#6793=EDGE_LOOP('',(#6773,#6774,#6775,#6776,#6782,#6783,#6789,#6790,#6791,#6792));
#6794=FACE_OUTER_BOUND('',#6793,.T.);
#6795=ADVANCED_FACE('',(#6794),#6772,.F.);
#6796=CARTESIAN_POINT('',(8.055639811519143,9.363436202935048,0.0));
#6797=DIRECTION('',(0.0,1.0,0.0));
#6798=DIRECTION('',(0.0,0.0,1.0));
#6799=AXIS2_PLACEMENT_3D('',#6796,#6797,#6798);
#6800=PLANE('',#6799);
#6801=ORIENTED_EDGE('',*,*,#6581,.T.);
#6802=ORIENTED_EDGE('',*,*,#6681,.F.);
#6803=ORIENTED_EDGE('',*,*,#6788,.T.);
#6804=ORIENTED_EDGE('',*,*,#6636,.T.);
#6805=EDGE_LOOP('',(#6801,#6802,#6803,#6804));
#6806=FACE_OUTER_BOUND('',#6805,.T.);
#6807=ADVANCED_FACE('',(#6806),#6800,.T.);
#6808=CARTESIAN_POINT('',(8.753487615399166,7.264622716612821,0.0));
#6809=DIRECTION('',(1.0,0.0,0.0));
#6810=DIRECTION('',(0.0,0.0,-1.0));
#6811=AXIS2_PLACEMENT_3D('',#6808,#6809,#6810);
#6812=PLANE('',#6811);
#6813=ORIENTED_EDGE('',*,*,#6597,.T.);
#6814=ORIENTED_EDGE('',*,*,#6650,.F.);
#6815=ORIENTED_EDGE('',*,*,#6781,.T.);
#6816=ORIENTED_EDGE('',*,*,#6732,.T.);
#6817=EDGE_LOOP('',(#6813,#6814,#6815,#6816));
#6818=FACE_OUTER_BOUND('',#6817,.T.);
#6819=ADVANCED_FACE('',(#6818),#6812,.T.);
#6820=CLOSED_SHELL('',(#5844,#5875,#6068,#6100,#6124,#6292,#6309,#6326,#6338,#6360,#6377,#6394,#6406,#6428,#6445,#6462,#6474,#6496,#6513,#6530,#6542,#6559,#6623,#6654,#6685,#6702,#6719,#6750,#6767,#6795,#6807,#6819));
#6821=MANIFOLD_SOLID_BREP('\X2\5BE69AD4\X0\1',#6820);
#6822=COLOUR_RGB('\X2\FFFDFFFDFFFDFFFD\X0\',0.007843139581382,0.513725996017456,0.815685987472534);
#6823=FILL_AREA_STYLE_COLOUR('\X2\FFFDFFFDFFFDFFFD\X0\',#6822);
#6824=FILL_AREA_STYLE('\X2\FFFDFFFDFFFDFFFD\X0\',(#6823));
#6825=SURFACE_STYLE_FILL_AREA(#6824);
#6826=SURFACE_SIDE_STYLE('\X2\FFFDFFFDFFFDFFFD\X0\',(#6825));
#6827=SURFACE_STYLE_USAGE(.BOTH.,#6826);
#6828=PRESENTATION_STYLE_ASSIGNMENT((#6827));
#6829=STYLED_ITEM('',(#6828),#6821);
#6830=ADVANCED_BREP_SHAPE_REPRESENTATION('ABSR',(#6821),#5771);
#6831=SHAPE_REPRESENTATION_RELATIONSHIP('SRR','None',#6830,#5776);
#6832=AXIS2_PLACEMENT_3D('',#6833,#6834,#6835);
#6833=CARTESIAN_POINT('',(0.0,0.0,0.0));
#6834=DIRECTION('',(0.0,0.0,1.0));
#6835=DIRECTION('',(1.0,0.0,0.0));
#6836=NEXT_ASSEMBLY_USAGE_OCCURRENCE('CN1:1','CN1:1','CN1:1',#5708,#5747,'CN1:1');
#6837=PRODUCT_DEFINITION_SHAPE('CN1:1','CN1:1',#6836);
#6838=ITEM_DEFINED_TRANSFORMATION('CN1:1','CN1:1',#5772,#6832);
#6842=(REPRESENTATION_RELATIONSHIP('CN1:1','CN1:1',#5776,#5737)REPRESENTATION_RELATIONSHIP_WITH_TRANSFORMATION(#6838)SHAPE_REPRESENTATION_RELATIONSHIP());
#6843=CONTEXT_DEPENDENT_SHAPE_REPRESENTATION(#6842,#6837);
#6844=APPLICATION_CONTEXT('automotive design');
#6845=APPLICATION_PROTOCOL_DEFINITION('International Standard','automotive_design',2001,#6844);
#6846=PRODUCT_CONTEXT('',#6844,'mechanical');
#6847=PRODUCT('PIN_CPY','PIN_CPY',$,(#6846));
#6848=PRODUCT_RELATED_PRODUCT_CATEGORY('part',$,(#6847));
#6849=PRODUCT_DEFINITION_FORMATION('',$,#6847);
#6850=PRODUCT_DEFINITION_CONTEXT('part definition',#6844,'design');
#6851=PRODUCT_DEFINITION('',$,#6849,#6850);
#6857=(NAMED_UNIT(*)PLANE_ANGLE_UNIT()SI_UNIT($,.RADIAN.));
#6858=DIMENSIONAL_EXPONENTS(0.0,0.0,0.0,0.0,0.0,0.0,0.0);
#6859=PLANE_ANGLE_MEASURE_WITH_UNIT(PLANE_ANGLE_MEASURE(0.017453292500000),#6857);
#6863=(CONVERSION_BASED_UNIT('DEGREE',#6859)NAMED_UNIT(#6858)PLANE_ANGLE_UNIT());
#6867=(NAMED_UNIT(*)SI_UNIT($,.STERADIAN.)SOLID_ANGLE_UNIT());
#6871=(LENGTH_UNIT()NAMED_UNIT(*)SI_UNIT(.MILLI.,.METRE.));
#6873=UNCERTAINTY_MEASURE_WITH_UNIT(LENGTH_MEASURE(0.010000000000000),#6871,'DISTANCE_ACCURACY_VALUE','');
#6875=(GEOMETRIC_REPRESENTATION_CONTEXT(3)GLOBAL_UNCERTAINTY_ASSIGNED_CONTEXT((#6873))GLOBAL_UNIT_ASSIGNED_CONTEXT((#6863,#6867,#6871))REPRESENTATION_CONTEXT('None','None'));
#6876=AXIS2_PLACEMENT_3D('',#6877,#6878,#6879);
#6877=CARTESIAN_POINT('',(0.0,0.0,0.0));
#6878=DIRECTION('',(0.0,0.0,1.0));
#6879=DIRECTION('',(1.0,0.0,0.0));
#6880=SHAPE_REPRESENTATION('',(#6876),#6875);
#6881=PRODUCT_DEFINITION_SHAPE('','',#6851);
#6882=SHAPE_DEFINITION_REPRESENTATION(#6881,#6880);
#6888=(NAMED_UNIT(*)PLANE_ANGLE_UNIT()SI_UNIT($,.RADIAN.));
#6889=DIMENSIONAL_EXPONENTS(0.0,0.0,0.0,0.0,0.0,0.0,0.0);
#6890=PLANE_ANGLE_MEASURE_WITH_UNIT(PLANE_ANGLE_MEASURE(0.017453292500000),#6888);
#6894=(CONVERSION_BASED_UNIT('DEGREE',#6890)NAMED_UNIT(#6889)PLANE_ANGLE_UNIT());
#6898=(NAMED_UNIT(*)SI_UNIT($,.STERADIAN.)SOLID_ANGLE_UNIT());
#6902=(LENGTH_UNIT()NAMED_UNIT(*)SI_UNIT(.MILLI.,.METRE.));
#6904=UNCERTAINTY_MEASURE_WITH_UNIT(LENGTH_MEASURE(0.000001000000000),#6902,'DISTANCE_ACCURACY_VALUE','');
#6906=(GEOMETRIC_REPRESENTATION_CONTEXT(3)GLOBAL_UNCERTAINTY_ASSIGNED_CONTEXT((#6904))GLOBAL_UNIT_ASSIGNED_CONTEXT((#6894,#6898,#6902))REPRESENTATION_CONTEXT('','3D'));
#6907=CARTESIAN_POINT('',(-14.092546424138748,12.233678038486822,0.0));
#6908=CARTESIAN_POINT('',(-14.092546424138749,12.220679065352059,0.0));
#6909=CARTESIAN_POINT('',(-14.092546424138757,12.169789468398935,0.0));
#6910=CARTESIAN_POINT('',(-14.092546424138749,12.057777040322769,0.0));
#6911=CARTESIAN_POINT('',(-14.092546424138758,11.876067990332528,0.0));
#6912=CARTESIAN_POINT('',(-14.092546424138749,11.629640648564951,0.0));
#6913=CARTESIAN_POINT('',(-14.092546424138749,11.323473345156748,0.0));
#6914=CARTESIAN_POINT('',(-14.092546424138757,10.962544410244636,0.0));
#6915=CARTESIAN_POINT('',(-14.092546424138753,10.551832173965341,0.0));
#6916=CARTESIAN_POINT('',(-14.092546424138760,9.919031098809088,0.0));
#6917=CARTESIAN_POINT('',(-14.092546424138753,9.040908977471199,0.0));
#6918=CARTESIAN_POINT('',(-14.092546424138760,7.483244792471204,0.0));
#6919=CARTESIAN_POINT('',(-14.092546424138742,5.436597958486824,0.0));
#6920=CARTESIAN_POINT('',(-14.092546424138774,3.389951124502451,0.0));
#6921=CARTESIAN_POINT('',(-14.092546424138741,1.832286939502449,0.0));
#6922=CARTESIAN_POINT('',(-14.092546424138760,0.954164818164557,0.0));
#6923=CARTESIAN_POINT('',(-14.092546424138742,0.321363743008307,0.0));
#6924=CARTESIAN_POINT('',(-14.092546424138758,-0.089348493270990,0.0));
#6925=CARTESIAN_POINT('',(-14.092546424138758,-0.450277428183100,0.0));
#6926=CARTESIAN_POINT('',(-14.092546424138748,-0.756444731591302,0.0));
#6927=CARTESIAN_POINT('',(-14.092546424138765,-1.002872073358880,0.0));
#6928=CARTESIAN_POINT('',(-14.092546424138748,-1.184581123349114,0.0));
#6929=CARTESIAN_POINT('',(-14.092546424138758,-1.296593551425288,0.0));
#6930=CARTESIAN_POINT('',(-14.092546424138749,-1.347483148378413,0.0));
#6931=CARTESIAN_POINT('',(-14.092546424138748,-1.360482121513181,0.0));
#6932=CARTESIAN_POINT('',(-14.092546424138748,12.233678038486822,1.140000000000000));
#6933=CARTESIAN_POINT('',(-14.092546424138749,12.220679065352059,1.140000000000000));
#6934=CARTESIAN_POINT('',(-14.092546424138757,12.169789468398935,1.140000000000000));
#6935=CARTESIAN_POINT('',(-14.092546424138749,12.057777040322769,1.140000000000000));
#6936=CARTESIAN_POINT('',(-14.092546424138758,11.876067990332528,1.140000000000000));
#6937=CARTESIAN_POINT('',(-14.092546424138749,11.629640648564951,1.140000000000000));
#6938=CARTESIAN_POINT('',(-14.092546424138749,11.323473345156748,1.140000000000000));
#6939=CARTESIAN_POINT('',(-14.092546424138757,10.962544410244636,1.140000000000000));
#6940=CARTESIAN_POINT('',(-14.092546424138753,10.551832173965341,1.140000000000000));
#6941=CARTESIAN_POINT('',(-14.092546424138760,9.919031098809088,1.140000000000000));
#6942=CARTESIAN_POINT('',(-14.092546424138753,9.040908977471199,1.140000000000000));
#6943=CARTESIAN_POINT('',(-14.092546424138760,7.483244792471204,1.140000000000000));
#6944=CARTESIAN_POINT('',(-14.092546424138742,5.436597958486824,1.140000000000000));
#6945=CARTESIAN_POINT('',(-14.092546424138774,3.389951124502451,1.140000000000000));
#6946=CARTESIAN_POINT('',(-14.092546424138741,1.832286939502449,1.140000000000000));
#6947=CARTESIAN_POINT('',(-14.092546424138760,0.954164818164557,1.140000000000000));
#6948=CARTESIAN_POINT('',(-14.092546424138742,0.321363743008307,1.140000000000000));
#6949=CARTESIAN_POINT('',(-14.092546424138758,-0.089348493270990,1.140000000000000));
#6950=CARTESIAN_POINT('',(-14.092546424138758,-0.450277428183100,1.140000000000000));
#6951=CARTESIAN_POINT('',(-14.092546424138748,-0.756444731591302,1.140000000000000));
#6952=CARTESIAN_POINT('',(-14.092546424138765,-1.002872073358880,1.140000000000000));
#6953=CARTESIAN_POINT('',(-14.092546424138748,-1.184581123349114,1.140000000000000));
#6954=CARTESIAN_POINT('',(-14.092546424138758,-1.296593551425288,1.140000000000000));
#6955=CARTESIAN_POINT('',(-14.092546424138749,-1.347483148378413,1.140000000000000));
#6956=CARTESIAN_POINT('',(-14.092546424138748,-1.360482121513181,1.140000000000000));
#6957=B_SPLINE_SURFACE_WITH_KNOTS('',3,1,((#6907,#6932),(#6908,#6933),(#6909,#6934),(#6910,#6935),(#6911,#6936),(#6912,#6937),(#6913,#6938),(#6914,#6939),(#6915,#6940),(#6916,#6941),(#6917,#6942),(#6918,#6943),(#6919,#6944),(#6920,#6945),(#6921,#6946),(#6922,#6947),(#6923,#6948),(#6924,#6949),(#6925,#6950),(#6926,#6951),(#6927,#6952),(#6928,#6953),(#6929,#6954),(#6930,#6955),(#6931,#6956)),.UNSPECIFIED.,.F.,.F.,.U.,(4,1,1,1,1,1,1,1,1,1,1,1,1,1,1,1,1,1,1,1,1,1,4),(2,2),(0.0,0.003899691940429,0.015266879085937,0.033603728422851,0.058412406937500,0.089195081616211,0.125453919445312,0.166691087411132,0.212408752500000,0.315294241992187,0.430127723812499,0.679708008000000,0.929288292187500,1.044121774007812,1.147007263500000,1.192724928588867,1.233962096554687,1.270220934383789,1.301003609062500,1.325812287577148,1.344149136914062,1.355516324059570,1.359416016000000),(0.0,0.114000000000000),.UNSPECIFIED.);
#6958=CARTESIAN_POINT('',(-14.092546424138748,-1.360482121513181,1.140000000000000));
#6959=VERTEX_POINT('',#6958);
#6960=CARTESIAN_POINT('',(-14.092546424138748,12.233678038486822,1.140000000000000));
#6961=VERTEX_POINT('',#6960);
#6962=CARTESIAN_POINT('',(-14.092546424138748,-1.360482121513181,1.140000000000000));
#6963=CARTESIAN_POINT('',(-14.092546424138749,-1.347483148378413,1.140000000000000));
#6964=CARTESIAN_POINT('',(-14.092546424138758,-1.296593551425288,1.140000000000000));
#6965=CARTESIAN_POINT('',(-14.092546424138748,-1.184581123349114,1.140000000000000));
#6966=CARTESIAN_POINT('',(-14.092546424138765,-1.002872073358880,1.140000000000000));
#6967=CARTESIAN_POINT('',(-14.092546424138748,-0.756444731591302,1.140000000000000));
#6968=CARTESIAN_POINT('',(-14.092546424138758,-0.450277428183100,1.140000000000000));
#6969=CARTESIAN_POINT('',(-14.092546424138758,-0.089348493270990,1.140000000000000));
#6970=CARTESIAN_POINT('',(-14.092546424138742,0.321363743008307,1.140000000000000));
#6971=CARTESIAN_POINT('',(-14.092546424138760,0.954164818164557,1.140000000000000));
#6972=CARTESIAN_POINT('',(-14.092546424138741,1.832286939502449,1.140000000000000));
#6973=CARTESIAN_POINT('',(-14.092546424138774,3.389951124502451,1.140000000000000));
#6974=CARTESIAN_POINT('',(-14.092546424138742,5.436597958486824,1.140000000000000));
#6975=CARTESIAN_POINT('',(-14.092546424138760,7.483244792471204,1.140000000000000));
#6976=CARTESIAN_POINT('',(-14.092546424138753,9.040908977471199,1.140000000000000));
#6977=CARTESIAN_POINT('',(-14.092546424138760,9.919031098809088,1.140000000000000));
#6978=CARTESIAN_POINT('',(-14.092546424138753,10.551832173965341,1.140000000000000));
#6979=CARTESIAN_POINT('',(-14.092546424138757,10.962544410244636,1.140000000000000));
#6980=CARTESIAN_POINT('',(-14.092546424138749,11.323473345156748,1.140000000000000));
#6981=CARTESIAN_POINT('',(-14.092546424138749,11.629640648564951,1.140000000000000));
#6982=CARTESIAN_POINT('',(-14.092546424138758,11.876067990332528,1.140000000000000));
#6983=CARTESIAN_POINT('',(-14.092546424138749,12.057777040322769,1.140000000000000));
#6984=CARTESIAN_POINT('',(-14.092546424138757,12.169789468398935,1.140000000000000));
#6985=CARTESIAN_POINT('',(-14.092546424138749,12.220679065352059,1.140000000000000));
#6986=CARTESIAN_POINT('',(-14.092546424138748,12.233678038486822,1.140000000000000));
#6987=B_SPLINE_CURVE_WITH_KNOTS('',3,(#6962,#6963,#6964,#6965,#6966,#6967,#6968,#6969,#6970,#6971,#6972,#6973,#6974,#6975,#6976,#6977,#6978,#6979,#6980,#6981,#6982,#6983,#6984,#6985,#6986),.UNSPECIFIED.,.F.,.U.,(4,1,1,1,1,1,1,1,1,1,1,1,1,1,1,1,1,1,1,1,1,1,4),(0.0,0.003899691940430,0.015266879085938,0.033603728422852,0.058412406937500,0.089195081616211,0.125453919445313,0.166691087411133,0.212408752500000,0.315294241992188,0.430127723812501,0.679708008000001,0.929288292187501,1.044121774007814,1.147007263500000,1.192724928588868,1.233962096554688,1.270220934383790,1.301003609062501,1.325812287577149,1.344149136914064,1.355516324059571,1.359416016000000),.UNSPECIFIED.);
#6988=EDGE_CURVE('',#6959,#6961,#6987,.T.);
#6989=ORIENTED_EDGE('',*,*,#6988,.T.);
#6990=CARTESIAN_POINT('',(-14.092546424138748,12.233678038486822,0.0));
#6991=VERTEX_POINT('',#6990);
#6992=CARTESIAN_POINT('',(-14.092546424138748,12.233678038486822,0.0));
#6993=DIRECTION('',(0.0,0.0,1.0));
#6994=VECTOR('',#6993,1.140000000000000);
#6995=LINE('',#6992,#6994);
#6996=EDGE_CURVE('',#6991,#6961,#6995,.T.);
#6997=ORIENTED_EDGE('',*,*,#6996,.F.);
#6998=CARTESIAN_POINT('',(-14.092546424138748,-1.360482121513181,0.0));
#6999=VERTEX_POINT('',#6998);
#7000=CARTESIAN_POINT('',(-14.092546424138748,12.233678038486822,0.0));
#7001=CARTESIAN_POINT('',(-14.092546424138749,12.220679065352059,0.0));
#7002=CARTESIAN_POINT('',(-14.092546424138757,12.169789468398935,0.0));
#7003=CARTESIAN_POINT('',(-14.092546424138749,12.057777040322769,0.0));
#7004=CARTESIAN_POINT('',(-14.092546424138758,11.876067990332528,0.0));
#7005=CARTESIAN_POINT('',(-14.092546424138749,11.629640648564951,0.0));
#7006=CARTESIAN_POINT('',(-14.092546424138749,11.323473345156748,0.0));
#7007=CARTESIAN_POINT('',(-14.092546424138757,10.962544410244636,0.0));
#7008=CARTESIAN_POINT('',(-14.092546424138753,10.551832173965341,0.0));
#7009=CARTESIAN_POINT('',(-14.092546424138760,9.919031098809088,0.0));
#7010=CARTESIAN_POINT('',(-14.092546424138753,9.040908977471199,0.0));
#7011=CARTESIAN_POINT('',(-14.092546424138760,7.483244792471204,0.0));
#7012=CARTESIAN_POINT('',(-14.092546424138742,5.436597958486824,0.0));
#7013=CARTESIAN_POINT('',(-14.092546424138774,3.389951124502451,0.0));
#7014=CARTESIAN_POINT('',(-14.092546424138741,1.832286939502449,0.0));
#7015=CARTESIAN_POINT('',(-14.092546424138760,0.954164818164557,0.0));
#7016=CARTESIAN_POINT('',(-14.092546424138742,0.321363743008307,0.0));
#7017=CARTESIAN_POINT('',(-14.092546424138758,-0.089348493270990,0.0));
#7018=CARTESIAN_POINT('',(-14.092546424138758,-0.450277428183100,0.0));
#7019=CARTESIAN_POINT('',(-14.092546424138748,-0.756444731591302,0.0));
#7020=CARTESIAN_POINT('',(-14.092546424138765,-1.002872073358880,0.0));
#7021=CARTESIAN_POINT('',(-14.092546424138748,-1.184581123349114,0.0));
#7022=CARTESIAN_POINT('',(-14.092546424138758,-1.296593551425288,0.0));
#7023=CARTESIAN_POINT('',(-14.092546424138749,-1.347483148378413,0.0));
#7024=CARTESIAN_POINT('',(-14.092546424138748,-1.360482121513181,0.0));
#7025=B_SPLINE_CURVE_WITH_KNOTS('',3,(#7000,#7001,#7002,#7003,#7004,#7005,#7006,#7007,#7008,#7009,#7010,#7011,#7012,#7013,#7014,#7015,#7016,#7017,#7018,#7019,#7020,#7021,#7022,#7023,#7024),.UNSPECIFIED.,.F.,.U.,(4,1,1,1,1,1,1,1,1,1,1,1,1,1,1,1,1,1,1,1,1,1,4),(0.0,0.003899691940429,0.015266879085937,0.033603728422851,0.058412406937500,0.089195081616211,0.125453919445312,0.166691087411132,0.212408752500000,0.315294241992187,0.430127723812499,0.679708008000000,0.929288292187500,1.044121774007812,1.147007263500000,1.192724928588867,1.233962096554687,1.270220934383789,1.301003609062500,1.325812287577148,1.344149136914062,1.355516324059570,1.359416016000000),.UNSPECIFIED.);
#7026=EDGE_CURVE('',#6991,#6999,#7025,.T.);
#7027=ORIENTED_EDGE('',*,*,#7026,.T.);
#7028=CARTESIAN_POINT('',(-14.092546424138748,-1.360482121513181,0.0));
#7029=DIRECTION('',(0.0,0.0,1.0));
#7030=VECTOR('',#7029,1.140000000000000);
#7031=LINE('',#7028,#7030);
#7032=EDGE_CURVE('',#6999,#6959,#7031,.T.);
#7033=ORIENTED_EDGE('',*,*,#7032,.T.);
#7034=EDGE_LOOP('',(#6989,#6997,#7027,#7033));
#7035=FACE_OUTER_BOUND('',#7034,.T.);
#7036=ADVANCED_FACE('',(#7035),#6957,.T.);
#7037=CARTESIAN_POINT('',(-12.950003624138747,-1.360482121513181,0.0));
#7038=CARTESIAN_POINT('',(-12.950003624138747,-1.347483148378414,0.0));
#7039=CARTESIAN_POINT('',(-12.950003624138747,-1.296593551425290,0.0));
#7040=CARTESIAN_POINT('',(-12.950003624138748,-1.184581123349117,0.0));
#7041=CARTESIAN_POINT('',(-12.950003624138745,-1.002872073358885,0.0));
#7042=CARTESIAN_POINT('',(-12.950003624138738,-0.756444731591305,0.0));
#7043=CARTESIAN_POINT('',(-12.950003624138741,-0.450277428183104,0.0));
#7044=CARTESIAN_POINT('',(-12.950003624138750,-0.089348493270994,0.0));
#7045=CARTESIAN_POINT('',(-12.950003624138748,0.321363743008304,0.0));
#7046=CARTESIAN_POINT('',(-12.950003624138747,0.954164818164551,0.0));
#7047=CARTESIAN_POINT('',(-12.950003624138741,1.832286939502443,0.0));
#7048=CARTESIAN_POINT('',(-12.950003624138734,3.389951124502442,0.0));
#7049=CARTESIAN_POINT('',(-12.950003624138748,5.436597958486815,0.0));
#7050=CARTESIAN_POINT('',(-12.950003624138745,7.483244792471188,0.0));
#7051=CARTESIAN_POINT('',(-12.950003624138732,9.040908977471190,0.0));
#7052=CARTESIAN_POINT('',(-12.950003624138748,9.919031098809079,0.0));
#7053=CARTESIAN_POINT('',(-12.950003624138738,10.551832173965337,0.0));
#7054=CARTESIAN_POINT('',(-12.950003624138745,10.962544410244632,0.0));
#7055=CARTESIAN_POINT('',(-12.950003624138745,11.323473345156740,0.0));
#7056=CARTESIAN_POINT('',(-12.950003624138745,11.629640648564944,0.0));
#7057=CARTESIAN_POINT('',(-12.950003624138750,11.876067990332523,0.0));
#7058=CARTESIAN_POINT('',(-12.950003624138738,12.057777040322755,0.0));
#7059=CARTESIAN_POINT('',(-12.950003624138747,12.169789468398928,0.0));
#7060=CARTESIAN_POINT('',(-12.950003624138745,12.220679065352053,0.0));
#7061=CARTESIAN_POINT('',(-12.950003624138747,12.233678038486822,0.0));
#7062=CARTESIAN_POINT('',(-12.950003624138747,-1.360482121513181,1.140000000000000));
#7063=CARTESIAN_POINT('',(-12.950003624138747,-1.347483148378414,1.140000000000000));
#7064=CARTESIAN_POINT('',(-12.950003624138747,-1.296593551425290,1.140000000000000));
#7065=CARTESIAN_POINT('',(-12.950003624138748,-1.184581123349117,1.140000000000000));
#7066=CARTESIAN_POINT('',(-12.950003624138745,-1.002872073358885,1.140000000000000));
#7067=CARTESIAN_POINT('',(-12.950003624138738,-0.756444731591305,1.140000000000000));
#7068=CARTESIAN_POINT('',(-12.950003624138741,-0.450277428183104,1.140000000000000));
#7069=CARTESIAN_POINT('',(-12.950003624138750,-0.089348493270994,1.140000000000000));
#7070=CARTESIAN_POINT('',(-12.950003624138748,0.321363743008304,1.140000000000000));
#7071=CARTESIAN_POINT('',(-12.950003624138747,0.954164818164551,1.140000000000000));
#7072=CARTESIAN_POINT('',(-12.950003624138741,1.832286939502443,1.140000000000000));
#7073=CARTESIAN_POINT('',(-12.950003624138734,3.389951124502442,1.140000000000000));
#7074=CARTESIAN_POINT('',(-12.950003624138748,5.436597958486815,1.140000000000000));
#7075=CARTESIAN_POINT('',(-12.950003624138745,7.483244792471188,1.140000000000000));
#7076=CARTESIAN_POINT('',(-12.950003624138732,9.040908977471190,1.140000000000000));
#7077=CARTESIAN_POINT('',(-12.950003624138748,9.919031098809079,1.140000000000000));
#7078=CARTESIAN_POINT('',(-12.950003624138738,10.551832173965337,1.140000000000000));
#7079=CARTESIAN_POINT('',(-12.950003624138745,10.962544410244632,1.140000000000000));
#7080=CARTESIAN_POINT('',(-12.950003624138745,11.323473345156740,1.140000000000000));
#7081=CARTESIAN_POINT('',(-12.950003624138745,11.629640648564944,1.140000000000000));
#7082=CARTESIAN_POINT('',(-12.950003624138750,11.876067990332523,1.140000000000000));
#7083=CARTESIAN_POINT('',(-12.950003624138738,12.057777040322755,1.140000000000000));
#7084=CARTESIAN_POINT('',(-12.950003624138747,12.169789468398928,1.140000000000000));
#7085=CARTESIAN_POINT('',(-12.950003624138745,12.220679065352053,1.140000000000000));
#7086=CARTESIAN_POINT('',(-12.950003624138747,12.233678038486822,1.140000000000000));
#7087=B_SPLINE_SURFACE_WITH_KNOTS('',3,1,((#7037,#7062),(#7038,#7063),(#7039,#7064),(#7040,#7065),(#7041,#7066),(#7042,#7067),(#7043,#7068),(#7044,#7069),(#7045,#7070),(#7046,#7071),(#7047,#7072),(#7048,#7073),(#7049,#7074),(#7050,#7075),(#7051,#7076),(#7052,#7077),(#7053,#7078),(#7054,#7079),(#7055,#7080),(#7056,#7081),(#7057,#7082),(#7058,#7083),(#7059,#7084),(#7060,#7085),(#7061,#7086)),.UNSPECIFIED.,.F.,.F.,.U.,(4,1,1,1,1,1,1,1,1,1,1,1,1,1,1,1,1,1,1,1,1,1,4),(2,2),(0.0,0.003899691940430,0.015266879085938,0.033603728422852,0.058412406937500,0.089195081616211,0.125453919445313,0.166691087411133,0.212408752500000,0.315294241992188,0.430127723812500,0.679708008000000,0.929288292187500,1.044121774007812,1.147007263500000,1.192724928588867,1.233962096554688,1.270220934383789,1.301003609062500,1.325812287577148,1.344149136914063,1.355516324059571,1.359416016000000),(0.0,0.114000000000000),.UNSPECIFIED.);
#7088=CARTESIAN_POINT('',(-12.950003624138747,12.233678038486822,1.140000000000000));
#7089=VERTEX_POINT('',#7088);
#7090=CARTESIAN_POINT('',(-12.950003624138747,-1.360482121513181,1.140000000000000));
#7091=VERTEX_POINT('',#7090);
#7092=CARTESIAN_POINT('',(-12.950003624138747,12.233678038486822,1.140000000000000));
#7093=CARTESIAN_POINT('',(-12.950003624138745,12.220679065352053,1.140000000000000));
#7094=CARTESIAN_POINT('',(-12.950003624138747,12.169789468398928,1.140000000000000));
#7095=CARTESIAN_POINT('',(-12.950003624138738,12.057777040322755,1.140000000000000));
#7096=CARTESIAN_POINT('',(-12.950003624138750,11.876067990332523,1.140000000000000));
#7097=CARTESIAN_POINT('',(-12.950003624138745,11.629640648564944,1.140000000000000));
#7098=CARTESIAN_POINT('',(-12.950003624138745,11.323473345156740,1.140000000000000));
#7099=CARTESIAN_POINT('',(-12.950003624138745,10.962544410244632,1.140000000000000));
#7100=CARTESIAN_POINT('',(-12.950003624138738,10.551832173965337,1.140000000000000));
#7101=CARTESIAN_POINT('',(-12.950003624138748,9.919031098809079,1.140000000000000));
#7102=CARTESIAN_POINT('',(-12.950003624138732,9.040908977471190,1.140000000000000));
#7103=CARTESIAN_POINT('',(-12.950003624138745,7.483244792471188,1.140000000000000));
#7104=CARTESIAN_POINT('',(-12.950003624138748,5.436597958486815,1.140000000000000));
#7105=CARTESIAN_POINT('',(-12.950003624138734,3.389951124502442,1.140000000000000));
#7106=CARTESIAN_POINT('',(-12.950003624138741,1.832286939502443,1.140000000000000));
#7107=CARTESIAN_POINT('',(-12.950003624138747,0.954164818164551,1.140000000000000));
#7108=CARTESIAN_POINT('',(-12.950003624138748,0.321363743008304,1.140000000000000));
#7109=CARTESIAN_POINT('',(-12.950003624138750,-0.089348493270994,1.140000000000000));
#7110=CARTESIAN_POINT('',(-12.950003624138741,-0.450277428183104,1.140000000000000));
#7111=CARTESIAN_POINT('',(-12.950003624138738,-0.756444731591305,1.140000000000000));
#7112=CARTESIAN_POINT('',(-12.950003624138745,-1.002872073358885,1.140000000000000));
#7113=CARTESIAN_POINT('',(-12.950003624138748,-1.184581123349117,1.140000000000000));
#7114=CARTESIAN_POINT('',(-12.950003624138747,-1.296593551425290,1.140000000000000));
#7115=CARTESIAN_POINT('',(-12.950003624138747,-1.347483148378414,1.140000000000000));
#7116=CARTESIAN_POINT('',(-12.950003624138747,-1.360482121513181,1.140000000000000));
#7117=B_SPLINE_CURVE_WITH_KNOTS('',3,(#7092,#7093,#7094,#7095,#7096,#7097,#7098,#7099,#7100,#7101,#7102,#7103,#7104,#7105,#7106,#7107,#7108,#7109,#7110,#7111,#7112,#7113,#7114,#7115,#7116),.UNSPECIFIED.,.F.,.U.,(4,1,1,1,1,1,1,1,1,1,1,1,1,1,1,1,1,1,1,1,1,1,4),(0.0,0.003899691940430,0.015266879085938,0.033603728422852,0.058412406937500,0.089195081616211,0.125453919445312,0.166691087411133,0.212408752500000,0.315294241992188,0.430127723812501,0.679708008000001,0.929288292187501,1.044121774007813,1.147007263500000,1.192724928588868,1.233962096554688,1.270220934383789,1.301003609062500,1.325812287577149,1.344149136914063,1.355516324059570,1.359416016000000),.UNSPECIFIED.);
#7118=EDGE_CURVE('',#7089,#7091,#7117,.T.);
#7119=ORIENTED_EDGE('',*,*,#7118,.T.);
#7120=CARTESIAN_POINT('',(-12.950003624138747,-1.360482121513181,0.0));
#7121=VERTEX_POINT('',#7120);
#7122=CARTESIAN_POINT('',(-12.950003624138747,-1.360482121513181,0.0));
#7123=DIRECTION('',(0.0,0.0,1.0));
#7124=VECTOR('',#7123,1.140000000000000);
#7125=LINE('',#7122,#7124);
#7126=EDGE_CURVE('',#7121,#7091,#7125,.T.);
#7127=ORIENTED_EDGE('',*,*,#7126,.F.);
#7128=CARTESIAN_POINT('',(-12.950003624138747,12.233678038486822,0.0));
#7129=VERTEX_POINT('',#7128);
#7130=CARTESIAN_POINT('',(-12.950003624138747,-1.360482121513181,0.0));
#7131=CARTESIAN_POINT('',(-12.950003624138747,-1.347483148378414,0.0));
#7132=CARTESIAN_POINT('',(-12.950003624138747,-1.296593551425290,0.0));
#7133=CARTESIAN_POINT('',(-12.950003624138748,-1.184581123349117,0.0));
#7134=CARTESIAN_POINT('',(-12.950003624138745,-1.002872073358885,0.0));
#7135=CARTESIAN_POINT('',(-12.950003624138738,-0.756444731591305,0.0));
#7136=CARTESIAN_POINT('',(-12.950003624138741,-0.450277428183104,0.0));
#7137=CARTESIAN_POINT('',(-12.950003624138750,-0.089348493270994,0.0));
#7138=CARTESIAN_POINT('',(-12.950003624138748,0.321363743008304,0.0));
#7139=CARTESIAN_POINT('',(-12.950003624138747,0.954164818164551,0.0));
#7140=CARTESIAN_POINT('',(-12.950003624138741,1.832286939502443,0.0));
#7141=CARTESIAN_POINT('',(-12.950003624138734,3.389951124502442,0.0));
#7142=CARTESIAN_POINT('',(-12.950003624138748,5.436597958486815,0.0));
#7143=CARTESIAN_POINT('',(-12.950003624138745,7.483244792471188,0.0));
#7144=CARTESIAN_POINT('',(-12.950003624138732,9.040908977471190,0.0));
#7145=CARTESIAN_POINT('',(-12.950003624138748,9.919031098809079,0.0));
#7146=CARTESIAN_POINT('',(-12.950003624138738,10.551832173965337,0.0));
#7147=CARTESIAN_POINT('',(-12.950003624138745,10.962544410244632,0.0));
#7148=CARTESIAN_POINT('',(-12.950003624138745,11.323473345156740,0.0));
#7149=CARTESIAN_POINT('',(-12.950003624138745,11.629640648564944,0.0));
#7150=CARTESIAN_POINT('',(-12.950003624138750,11.876067990332523,0.0));
#7151=CARTESIAN_POINT('',(-12.950003624138738,12.057777040322755,0.0));
#7152=CARTESIAN_POINT('',(-12.950003624138747,12.169789468398928,0.0));
#7153=CARTESIAN_POINT('',(-12.950003624138745,12.220679065352053,0.0));
#7154=CARTESIAN_POINT('',(-12.950003624138747,12.233678038486822,0.0));
#7155=B_SPLINE_CURVE_WITH_KNOTS('',3,(#7130,#7131,#7132,#7133,#7134,#7135,#7136,#7137,#7138,#7139,#7140,#7141,#7142,#7143,#7144,#7145,#7146,#7147,#7148,#7149,#7150,#7151,#7152,#7153,#7154),.UNSPECIFIED.,.F.,.U.,(4,1,1,1,1,1,1,1,1,1,1,1,1,1,1,1,1,1,1,1,1,1,4),(0.0,0.003899691940430,0.015266879085938,0.033603728422852,0.058412406937500,0.089195081616211,0.125453919445313,0.166691087411133,0.212408752500000,0.315294241992188,0.430127723812500,0.679708008000000,0.929288292187500,1.044121774007812,1.147007263500000,1.192724928588867,1.233962096554688,1.270220934383789,1.301003609062500,1.325812287577148,1.344149136914063,1.355516324059571,1.359416016000000),.UNSPECIFIED.);
#7156=EDGE_CURVE('',#7121,#7129,#7155,.T.);
#7157=ORIENTED_EDGE('',*,*,#7156,.T.);
#7158=CARTESIAN_POINT('',(-12.950003624138747,12.233678038486822,0.0));
#7159=DIRECTION('',(0.0,0.0,1.0));
#7160=VECTOR('',#7159,1.140000000000000);
#7161=LINE('',#7158,#7160);
#7162=EDGE_CURVE('',#7129,#7089,#7161,.T.);
#7163=ORIENTED_EDGE('',*,*,#7162,.T.);
#7164=EDGE_LOOP('',(#7119,#7127,#7157,#7163));
#7165=FACE_OUTER_BOUND('',#7164,.T.);
#7166=ADVANCED_FACE('',(#7165),#7087,.T.);
#7167=CARTESIAN_POINT('',(-13.198629134138748,12.730879078486820,0.0));
#7168=CARTESIAN_POINT('',(-13.199991479035793,12.730879078488069,0.0));
#7169=CARTESIAN_POINT('',(-13.205265072185643,12.730879078492910,0.0));
#7170=CARTESIAN_POINT('',(-13.216735137259917,12.730879078381070,0.0));
#7171=CARTESIAN_POINT('',(-13.235060873633353,12.730879079213002,0.0));
#7172=CARTESIAN_POINT('',(-13.259451240921663,12.730879074511257,0.0));
#7173=CARTESIAN_POINT('',(-13.289115207472296,12.730879097855095,0.0));
#7174=CARTESIAN_POINT('',(-13.336929086028647,12.730878948030826,0.0));
#7175=CARTESIAN_POINT('',(-13.433831802886536,12.730880979125951,0.0));
#7176=CARTESIAN_POINT('',(-13.547738227308033,12.730866356146542,0.0));
#7177=CARTESIAN_POINT('',(-13.660248645302753,12.730898915640827,0.0));
#7178=CARTESIAN_POINT('',(-13.724175841419433,12.730829549396621,0.0));
#7179=CARTESIAN_POINT('',(-13.768499391469838,12.730945922452639,0.0));
#7180=CARTESIAN_POINT('',(-13.794679136837678,12.730687278493765,0.0));
#7181=CARTESIAN_POINT('',(-13.815259791541052,12.731354669084986,0.0));
#7182=CARTESIAN_POINT('',(-13.828798984809310,12.729960130425441,0.0));
#7183=CARTESIAN_POINT('',(-13.836406130385551,12.731870601785854,0.0));
#7184=CARTESIAN_POINT('',(-13.840376939909785,12.729702470763815,0.0));
#7185=CARTESIAN_POINT('',(-13.841770620420736,12.722736481601801,0.0));
#7186=CARTESIAN_POINT('',(-13.848332283091471,12.712964127750277,0.0));
#7187=CARTESIAN_POINT('',(-13.855926929972062,12.696619136122431,0.0));
#7188=CARTESIAN_POINT('',(-13.866533374059687,12.676419593437952,0.0));
#7189=CARTESIAN_POINT('',(-13.884017372820388,12.641924458552968,0.0));
#7190=CARTESIAN_POINT('',(-13.909436804033223,12.592299468069598,0.0));
#7191=CARTESIAN_POINT('',(-13.954042399725452,12.504877925451893,0.0));
#7192=CARTESIAN_POINT('',(-13.999242080079327,12.416397117152197,0.0));
#7193=CARTESIAN_POINT('',(-14.037682093823207,12.341116797473568,0.0));
#7194=CARTESIAN_POINT('',(-14.056650204484363,12.303972489318992,0.0));
#7195=CARTESIAN_POINT('',(-14.068418014789518,12.280927914794413,0.0));
#7196=CARTESIAN_POINT('',(-14.078093788264045,12.261980170341440,0.0));
#7197=CARTESIAN_POINT('',(-14.085363690390622,12.247743753868916,0.0));
#7198=CARTESIAN_POINT('',(-14.089913917386824,12.238833191486098,0.0));
#7199=CARTESIAN_POINT('',(-14.092005975732725,12.234736381155546,0.0));
#7200=CARTESIAN_POINT('',(-14.092546424138748,12.233678038486822,0.0));
#7201=CARTESIAN_POINT('',(-13.198629134138748,12.730879078486820,1.140000000000000));
#7202=CARTESIAN_POINT('',(-13.199991479035793,12.730879078488069,1.140000000000000));
#7203=CARTESIAN_POINT('',(-13.205265072185643,12.730879078492910,1.140000000000000));
#7204=CARTESIAN_POINT('',(-13.216735137259917,12.730879078381070,1.140000000000000));
#7205=CARTESIAN_POINT('',(-13.235060873633353,12.730879079213002,1.140000000000000));
#7206=CARTESIAN_POINT('',(-13.259451240921663,12.730879074511257,1.140000000000000));
#7207=CARTESIAN_POINT('',(-13.289115207472296,12.730879097855095,1.140000000000000));
#7208=CARTESIAN_POINT('',(-13.336929086028647,12.730878948030826,1.140000000000000));
#7209=CARTESIAN_POINT('',(-13.433831802886536,12.730880979125951,1.140000000000000));
#7210=CARTESIAN_POINT('',(-13.547738227308033,12.730866356146542,1.140000000000000));
#7211=CARTESIAN_POINT('',(-13.660248645302753,12.730898915640827,1.140000000000000));
#7212=CARTESIAN_POINT('',(-13.724175841419433,12.730829549396621,1.140000000000000));
#7213=CARTESIAN_POINT('',(-13.768499391469838,12.730945922452639,1.140000000000000));
#7214=CARTESIAN_POINT('',(-13.794679136837678,12.730687278493765,1.140000000000000));
#7215=CARTESIAN_POINT('',(-13.815259791541052,12.731354669084986,1.140000000000000));
#7216=CARTESIAN_POINT('',(-13.828798984809310,12.729960130425441,1.140000000000000));
#7217=CARTESIAN_POINT('',(-13.836406130385551,12.731870601785854,1.140000000000000));
#7218=CARTESIAN_POINT('',(-13.840376939909785,12.729702470763815,1.140000000000000));
#7219=CARTESIAN_POINT('',(-13.841770620420736,12.722736481601801,1.140000000000000));
#7220=CARTESIAN_POINT('',(-13.848332283091471,12.712964127750277,1.140000000000000));
#7221=CARTESIAN_POINT('',(-13.855926929972062,12.696619136122431,1.140000000000000));
#7222=CARTESIAN_POINT('',(-13.866533374059687,12.676419593437952,1.140000000000000));
#7223=CARTESIAN_POINT('',(-13.884017372820388,12.641924458552968,1.140000000000000));
#7224=CARTESIAN_POINT('',(-13.909436804033223,12.592299468069598,1.140000000000000));
#7225=CARTESIAN_POINT('',(-13.954042399725452,12.504877925451893,1.140000000000000));
#7226=CARTESIAN_POINT('',(-13.999242080079327,12.416397117152197,1.140000000000000));
#7227=CARTESIAN_POINT('',(-14.037682093823207,12.341116797473568,1.140000000000000));
#7228=CARTESIAN_POINT('',(-14.056650204484363,12.303972489318992,1.140000000000000));
#7229=CARTESIAN_POINT('',(-14.068418014789518,12.280927914794413,1.140000000000000));
#7230=CARTESIAN_POINT('',(-14.078093788264045,12.261980170341440,1.140000000000000));
#7231=CARTESIAN_POINT('',(-14.085363690390622,12.247743753868916,1.140000000000000));
#7232=CARTESIAN_POINT('',(-14.089913917386824,12.238833191486098,1.140000000000000));
#7233=CARTESIAN_POINT('',(-14.092005975732725,12.234736381155546,1.140000000000000));
#7234=CARTESIAN_POINT('',(-14.092546424138748,12.233678038486822,1.140000000000000));
#7235=B_SPLINE_SURFACE_WITH_KNOTS('',3,1,((#7167,#7201),(#7168,#7202),(#7169,#7203),(#7170,#7204),(#7171,#7205),(#7172,#7206),(#7173,#7207),(#7174,#7208),(#7175,#7209),(#7176,#7210),(#7177,#7211),(#7178,#7212),(#7179,#7213),(#7180,#7214),(#7181,#7215),(#7182,#7216),(#7183,#7217),(#7184,#7218),(#7185,#7219),(#7186,#7220),(#7187,#7221),(#7188,#7222),(#7189,#7223),(#7190,#7224),(#7191,#7225),(#7192,#7226),(#7193,#7227),(#7194,#7228),(#7195,#7229),(#7196,#7230),(#7197,#7231),(#7198,#7232),(#7199,#7233),(#7200,#7234)),.UNSPECIFIED.,.F.,.F.,.U.,(4,1,1,1,1,1,1,1,1,1,1,1,1,1,1,1,1,1,1,1,1,1,1,1,1,1,1,1,1,1,1,4),(2,2),(0.0,0.000408703469031,0.001582077944640,0.003441019529593,0.005906424326659,0.008899188438606,0.012340207968200,0.020250597691406,0.037969870671385,0.046513091572448,0.054001593843749,0.057152565750159,0.059802546307433,0.061872431618339,0.063283117785643,0.063955500912115,0.064029638963689,0.064616146766010,0.065846663135587,0.067652187154500,0.069963717904826,0.072712254468647,0.079244341365093,0.086696440500474,0.102152646114599,0.109052737906619,0.112054277836147,0.114664812564129,0.116815341172642,0.118436862743766,0.119460376359583,0.119816881102170),(0.0,0.114000000000000),.UNSPECIFIED.);
#7236=CARTESIAN_POINT('',(-13.198629134138748,12.730879078486820,1.140000000000000));
#7237=VERTEX_POINT('',#7236);
#7238=CARTESIAN_POINT('',(-14.092546424138748,12.233678038486822,1.140000000000000));
#7239=CARTESIAN_POINT('',(-14.092005975732725,12.234736381155546,1.140000000000000));
#7240=CARTESIAN_POINT('',(-14.089913917386824,12.238833191486098,1.140000000000000));
#7241=CARTESIAN_POINT('',(-14.085363690390622,12.247743753868916,1.140000000000000));
#7242=CARTESIAN_POINT('',(-14.078093788264045,12.261980170341440,1.140000000000000));
#7243=CARTESIAN_POINT('',(-14.068418014789518,12.280927914794413,1.140000000000000));
#7244=CARTESIAN_POINT('',(-14.056650204484363,12.303972489318992,1.140000000000000));
#7245=CARTESIAN_POINT('',(-14.037682093823207,12.341116797473568,1.140000000000000));
#7246=CARTESIAN_POINT('',(-13.999242080079327,12.416397117152197,1.140000000000000));
#7247=CARTESIAN_POINT('',(-13.954042399725452,12.504877925451893,1.140000000000000));
#7248=CARTESIAN_POINT('',(-13.909436804033223,12.592299468069598,1.140000000000000));
#7249=CARTESIAN_POINT('',(-13.884017372820388,12.641924458552968,1.140000000000000));
#7250=CARTESIAN_POINT('',(-13.866533374059687,12.676419593437952,1.140000000000000));
#7251=CARTESIAN_POINT('',(-13.855926929972062,12.696619136122431,1.140000000000000));
#7252=CARTESIAN_POINT('',(-13.848332283091471,12.712964127750277,1.140000000000000));
#7253=CARTESIAN_POINT('',(-13.841770620420736,12.722736481601801,1.140000000000000));
#7254=CARTESIAN_POINT('',(-13.840376939909785,12.729702470763815,1.140000000000000));
#7255=CARTESIAN_POINT('',(-13.836406130385551,12.731870601785854,1.140000000000000));
#7256=CARTESIAN_POINT('',(-13.828798984809310,12.729960130425441,1.140000000000000));
#7257=CARTESIAN_POINT('',(-13.815259791541052,12.731354669084986,1.140000000000000));
#7258=CARTESIAN_POINT('',(-13.794679136837678,12.730687278493765,1.140000000000000));
#7259=CARTESIAN_POINT('',(-13.768499391469838,12.730945922452639,1.140000000000000));
#7260=CARTESIAN_POINT('',(-13.724175841419433,12.730829549396621,1.140000000000000));
#7261=CARTESIAN_POINT('',(-13.660248645302753,12.730898915640827,1.140000000000000));
#7262=CARTESIAN_POINT('',(-13.547738227308033,12.730866356146542,1.140000000000000));
#7263=CARTESIAN_POINT('',(-13.433831802886536,12.730880979125951,1.140000000000000));
#7264=CARTESIAN_POINT('',(-13.336929086028647,12.730878948030826,1.140000000000000));
#7265=CARTESIAN_POINT('',(-13.289115207472296,12.730879097855095,1.140000000000000));
#7266=CARTESIAN_POINT('',(-13.259451240921663,12.730879074511257,1.140000000000000));
#7267=CARTESIAN_POINT('',(-13.235060873633353,12.730879079213002,1.140000000000000));
#7268=CARTESIAN_POINT('',(-13.216735137259917,12.730879078381070,1.140000000000000));
#7269=CARTESIAN_POINT('',(-13.205265072185643,12.730879078492910,1.140000000000000));
#7270=CARTESIAN_POINT('',(-13.199991479035793,12.730879078488069,1.140000000000000));
#7271=CARTESIAN_POINT('',(-13.198629134138748,12.730879078486820,1.140000000000000));
#7272=B_SPLINE_CURVE_WITH_KNOTS('',3,(#7238,#7239,#7240,#7241,#7242,#7243,#7244,#7245,#7246,#7247,#7248,#7249,#7250,#7251,#7252,#7253,#7254,#7255,#7256,#7257,#7258,#7259,#7260,#7261,#7262,#7263,#7264,#7265,#7266,#7267,#7268,#7269,#7270,#7271),.UNSPECIFIED.,.F.,.U.,(4,1,1,1,1,1,1,1,1,1,1,1,1,1,1,1,1,1,1,1,1,1,1,1,1,1,1,1,1,1,1,4),(0.0,0.000356504742587,0.001380018358404,0.003001539929528,0.005152068538041,0.007762603266023,0.010764143195551,0.017664234987571,0.033120440601696,0.040572539737077,0.047104626633523,0.049853163197344,0.052164693947670,0.053970217966583,0.055200734336159,0.055787242138481,0.055861380190054,0.056533763316527,0.057944449483831,0.060014334794737,0.062664315352011,0.065815287258420,0.073303789529722,0.081847010430784,0.099566283410764,0.107476673133970,0.110917692663564,0.113910456775510,0.116375861572577,0.118234803157530,0.119408177633138,0.119816881102170),.UNSPECIFIED.);
#7273=EDGE_CURVE('',#6961,#7237,#7272,.T.);
#7274=ORIENTED_EDGE('',*,*,#7273,.T.);
#7275=CARTESIAN_POINT('',(-13.198629134138748,12.730879078486820,0.0));
#7276=VERTEX_POINT('',#7275);
#7277=CARTESIAN_POINT('',(-13.198629134138748,12.730879078486820,0.0));
#7278=DIRECTION('',(0.0,0.0,1.0));
#7279=VECTOR('',#7278,1.140000000000000);
#7280=LINE('',#7277,#7279);
#7281=EDGE_CURVE('',#7276,#7237,#7280,.T.);
#7282=ORIENTED_EDGE('',*,*,#7281,.F.);
#7283=CARTESIAN_POINT('',(-13.198629134138748,12.730879078486820,0.0));
#7284=CARTESIAN_POINT('',(-13.199991479035793,12.730879078488069,0.0));
#7285=CARTESIAN_POINT('',(-13.205265072185643,12.730879078492910,0.0));
#7286=CARTESIAN_POINT('',(-13.216735137259917,12.730879078381070,0.0));
#7287=CARTESIAN_POINT('',(-13.235060873633353,12.730879079213002,0.0));
#7288=CARTESIAN_POINT('',(-13.259451240921663,12.730879074511257,0.0));
#7289=CARTESIAN_POINT('',(-13.289115207472296,12.730879097855095,0.0));
#7290=CARTESIAN_POINT('',(-13.336929086028647,12.730878948030826,0.0));
#7291=CARTESIAN_POINT('',(-13.433831802886536,12.730880979125951,0.0));
#7292=CARTESIAN_POINT('',(-13.547738227308033,12.730866356146542,0.0));
#7293=CARTESIAN_POINT('',(-13.660248645302753,12.730898915640827,0.0));
#7294=CARTESIAN_POINT('',(-13.724175841419433,12.730829549396621,0.0));
#7295=CARTESIAN_POINT('',(-13.768499391469838,12.730945922452639,0.0));
#7296=CARTESIAN_POINT('',(-13.794679136837678,12.730687278493765,0.0));
#7297=CARTESIAN_POINT('',(-13.815259791541052,12.731354669084986,0.0));
#7298=CARTESIAN_POINT('',(-13.828798984809310,12.729960130425441,0.0));
#7299=CARTESIAN_POINT('',(-13.836406130385551,12.731870601785854,0.0));
#7300=CARTESIAN_POINT('',(-13.840376939909785,12.729702470763815,0.0));
#7301=CARTESIAN_POINT('',(-13.841770620420736,12.722736481601801,0.0));
#7302=CARTESIAN_POINT('',(-13.848332283091471,12.712964127750277,0.0));
#7303=CARTESIAN_POINT('',(-13.855926929972062,12.696619136122431,0.0));
#7304=CARTESIAN_POINT('',(-13.866533374059687,12.676419593437952,0.0));
#7305=CARTESIAN_POINT('',(-13.884017372820388,12.641924458552968,0.0));
#7306=CARTESIAN_POINT('',(-13.909436804033223,12.592299468069598,0.0));
#7307=CARTESIAN_POINT('',(-13.954042399725452,12.504877925451893,0.0));
#7308=CARTESIAN_POINT('',(-13.999242080079327,12.416397117152197,0.0));
#7309=CARTESIAN_POINT('',(-14.037682093823207,12.341116797473568,0.0));
#7310=CARTESIAN_POINT('',(-14.056650204484363,12.303972489318992,0.0));
#7311=CARTESIAN_POINT('',(-14.068418014789518,12.280927914794413,0.0));
#7312=CARTESIAN_POINT('',(-14.078093788264045,12.261980170341440,0.0));
#7313=CARTESIAN_POINT('',(-14.085363690390622,12.247743753868916,0.0));
#7314=CARTESIAN_POINT('',(-14.089913917386824,12.238833191486098,0.0));
#7315=CARTESIAN_POINT('',(-14.092005975732725,12.234736381155546,0.0));
#7316=CARTESIAN_POINT('',(-14.092546424138748,12.233678038486822,0.0));
#7317=B_SPLINE_CURVE_WITH_KNOTS('',3,(#7283,#7284,#7285,#7286,#7287,#7288,#7289,#7290,#7291,#7292,#7293,#7294,#7295,#7296,#7297,#7298,#7299,#7300,#7301,#7302,#7303,#7304,#7305,#7306,#7307,#7308,#7309,#7310,#7311,#7312,#7313,#7314,#7315,#7316),.UNSPECIFIED.,.F.,.U.,(4,1,1,1,1,1,1,1,1,1,1,1,1,1,1,1,1,1,1,1,1,1,1,1,1,1,1,1,1,1,1,4),(0.0,0.000408703469031,0.001582077944640,0.003441019529593,0.005906424326659,0.008899188438606,0.012340207968200,0.020250597691406,0.037969870671385,0.046513091572448,0.054001593843749,0.057152565750159,0.059802546307433,0.061872431618339,0.063283117785643,0.063955500912115,0.064029638963689,0.064616146766010,0.065846663135587,0.067652187154500,0.069963717904826,0.072712254468647,0.079244341365093,0.086696440500474,0.102152646114599,0.109052737906619,0.112054277836147,0.114664812564129,0.116815341172642,0.118436862743766,0.119460376359583,0.119816881102170),.UNSPECIFIED.);
#7318=EDGE_CURVE('',#7276,#6991,#7317,.T.);
#7319=ORIENTED_EDGE('',*,*,#7318,.T.);
#7320=ORIENTED_EDGE('',*,*,#6996,.T.);
#7321=EDGE_LOOP('',(#7274,#7282,#7319,#7320));
#7322=FACE_OUTER_BOUND('',#7321,.T.);
#7323=ADVANCED_FACE('',(#7322),#7235,.T.);
#7324=CARTESIAN_POINT('',(-12.950003624138747,12.233678038486822,0.0));
#7325=CARTESIAN_POINT('',(-12.950241364189402,12.234153470796389,0.0));
#7326=CARTESIAN_POINT('',(-12.951172091196245,12.236014737710457,0.0));
#7327=CARTESIAN_POINT('',(-12.953220702271064,12.240111548037607,0.0));
#7328=CARTESIAN_POINT('',(-12.956544004681355,12.246757484790528,0.0));
#7329=CARTESIAN_POINT('',(-12.961050949045969,12.255770467510258,0.0));
#7330=CARTESIAN_POINT('',(-12.966650485983845,12.266968415737802,0.0));
#7331=CARTESIAN_POINT('',(-12.973251566113845,12.280169249014163,0.0));
#7332=CARTESIAN_POINT('',(-12.980763140054886,12.295190886880381,0.0));
#7333=CARTESIAN_POINT('',(-12.992336528052931,12.318335336333499,0.0));
#7334=CARTESIAN_POINT('',(-13.008396627219813,12.350452306182135,0.0));
#7335=CARTESIAN_POINT('',(-13.036884966907296,12.407423258682137,0.0));
#7336=CARTESIAN_POINT('',(-13.074316379138743,12.482278558486826,0.0));
#7337=CARTESIAN_POINT('',(-13.111747791370183,12.557133858291509,0.0));
#7338=CARTESIAN_POINT('',(-13.140236131057696,12.614104810791510,0.0));
#7339=CARTESIAN_POINT('',(-13.156296230224561,12.646221780640145,0.0));
#7340=CARTESIAN_POINT('',(-13.167869618222607,12.669366230093262,0.0));
#7341=CARTESIAN_POINT('',(-13.175381192163655,12.684387867959474,0.0));
#7342=CARTESIAN_POINT('',(-13.181982272293652,12.697588701235844,0.0));
#7343=CARTESIAN_POINT('',(-13.187581809231519,12.708786649463386,0.0));
#7344=CARTESIAN_POINT('',(-13.192088753596149,12.717799632183109,0.0));
#7345=CARTESIAN_POINT('',(-13.195412056006418,12.724445568936048,0.0));
#7346=CARTESIAN_POINT('',(-13.197460667081257,12.728542379263192,0.0));
#7347=CARTESIAN_POINT('',(-13.198391394088089,12.730403646177251,0.0));
#7348=CARTESIAN_POINT('',(-13.198629134138748,12.730879078486820,0.0));
#7349=CARTESIAN_POINT('',(-12.950003624138747,12.233678038486822,1.140000000000000));
#7350=CARTESIAN_POINT('',(-12.950241364189402,12.234153470796389,1.140000000000000));
#7351=CARTESIAN_POINT('',(-12.951172091196245,12.236014737710457,1.140000000000000));
#7352=CARTESIAN_POINT('',(-12.953220702271064,12.240111548037607,1.140000000000000));
#7353=CARTESIAN_POINT('',(-12.956544004681355,12.246757484790528,1.140000000000000));
#7354=CARTESIAN_POINT('',(-12.961050949045969,12.255770467510258,1.140000000000000));
#7355=CARTESIAN_POINT('',(-12.966650485983845,12.266968415737802,1.140000000000000));
#7356=CARTESIAN_POINT('',(-12.973251566113845,12.280169249014163,1.140000000000000));
#7357=CARTESIAN_POINT('',(-12.980763140054886,12.295190886880381,1.140000000000000));
#7358=CARTESIAN_POINT('',(-12.992336528052931,12.318335336333499,1.140000000000000));
#7359=CARTESIAN_POINT('',(-13.008396627219813,12.350452306182135,1.140000000000000));
#7360=CARTESIAN_POINT('',(-13.036884966907296,12.407423258682137,1.140000000000000));
#7361=CARTESIAN_POINT('',(-13.074316379138743,12.482278558486826,1.140000000000000));
#7362=CARTESIAN_POINT('',(-13.111747791370183,12.557133858291509,1.140000000000000));
#7363=CARTESIAN_POINT('',(-13.140236131057696,12.614104810791510,1.140000000000000));
#7364=CARTESIAN_POINT('',(-13.156296230224561,12.646221780640145,1.140000000000000));
#7365=CARTESIAN_POINT('',(-13.167869618222607,12.669366230093262,1.140000000000000));
#7366=CARTESIAN_POINT('',(-13.175381192163655,12.684387867959474,1.140000000000000));
#7367=CARTESIAN_POINT('',(-13.181982272293652,12.697588701235844,1.140000000000000));
#7368=CARTESIAN_POINT('',(-13.187581809231519,12.708786649463386,1.140000000000000));
#7369=CARTESIAN_POINT('',(-13.192088753596149,12.717799632183109,1.140000000000000));
#7370=CARTESIAN_POINT('',(-13.195412056006418,12.724445568936048,1.140000000000000));
#7371=CARTESIAN_POINT('',(-13.197460667081257,12.728542379263192,1.140000000000000));
#7372=CARTESIAN_POINT('',(-13.198391394088089,12.730403646177251,1.140000000000000));
#7373=CARTESIAN_POINT('',(-13.198629134138748,12.730879078486820,1.140000000000000));
#7374=B_SPLINE_SURFACE_WITH_KNOTS('',3,1,((#7324,#7349),(#7325,#7350),(#7326,#7351),(#7327,#7352),(#7328,#7353),(#7329,#7354),(#7330,#7355),(#7331,#7356),(#7332,#7357),(#7333,#7358),(#7334,#7359),(#7335,#7360),(#7336,#7361),(#7337,#7362),(#7338,#7363),(#7339,#7364),(#7340,#7365),(#7341,#7366),(#7342,#7367),(#7343,#7368),(#7344,#7369),(#7345,#7370),(#7346,#7371),(#7347,#7372),(#7348,#7373)),.UNSPECIFIED.,.F.,.F.,.U.,(4,1,1,1,1,1,1,1,1,1,1,1,1,1,1,1,1,1,1,1,1,1,4),(2,2),(0.0,0.000159468050532,0.000624300453146,0.001374139584368,0.002388627820730,0.003647407538757,0.005130121114977,0.006816410925917,0.008685919348108,0.012893161532348,0.017588986679919,0.027794941913945,0.038000897147972,0.042696722295543,0.046903964479784,0.048773472901973,0.050459762712915,0.051942476289135,0.053201256007161,0.054215744243522,0.054965583374747,0.055430415777360,0.055589883827891),(0.0,0.114000000000000),.UNSPECIFIED.);
#7375=CARTESIAN_POINT('',(-13.198629134138748,12.730879078486820,1.140000000000000));
#7376=CARTESIAN_POINT('',(-13.198391394088089,12.730403646177251,1.140000000000000));
#7377=CARTESIAN_POINT('',(-13.197460667081257,12.728542379263192,1.140000000000000));
#7378=CARTESIAN_POINT('',(-13.195412056006418,12.724445568936048,1.140000000000000));
#7379=CARTESIAN_POINT('',(-13.192088753596149,12.717799632183109,1.140000000000000));
#7380=CARTESIAN_POINT('',(-13.187581809231519,12.708786649463386,1.140000000000000));
#7381=CARTESIAN_POINT('',(-13.181982272293652,12.697588701235844,1.140000000000000));
#7382=CARTESIAN_POINT('',(-13.175381192163655,12.684387867959474,1.140000000000000));
#7383=CARTESIAN_POINT('',(-13.167869618222607,12.669366230093262,1.140000000000000));
#7384=CARTESIAN_POINT('',(-13.156296230224561,12.646221780640145,1.140000000000000));
#7385=CARTESIAN_POINT('',(-13.140236131057696,12.614104810791510,1.140000000000000));
#7386=CARTESIAN_POINT('',(-13.111747791370183,12.557133858291509,1.140000000000000));
#7387=CARTESIAN_POINT('',(-13.074316379138743,12.482278558486826,1.140000000000000));
#7388=CARTESIAN_POINT('',(-13.036884966907296,12.407423258682137,1.140000000000000));
#7389=CARTESIAN_POINT('',(-13.008396627219813,12.350452306182135,1.140000000000000));
#7390=CARTESIAN_POINT('',(-12.992336528052931,12.318335336333499,1.140000000000000));
#7391=CARTESIAN_POINT('',(-12.980763140054886,12.295190886880381,1.140000000000000));
#7392=CARTESIAN_POINT('',(-12.973251566113845,12.280169249014163,1.140000000000000));
#7393=CARTESIAN_POINT('',(-12.966650485983845,12.266968415737802,1.140000000000000));
#7394=CARTESIAN_POINT('',(-12.961050949045969,12.255770467510258,1.140000000000000));
#7395=CARTESIAN_POINT('',(-12.956544004681355,12.246757484790528,1.140000000000000));
#7396=CARTESIAN_POINT('',(-12.953220702271064,12.240111548037607,1.140000000000000));
#7397=CARTESIAN_POINT('',(-12.951172091196245,12.236014737710457,1.140000000000000));
#7398=CARTESIAN_POINT('',(-12.950241364189402,12.234153470796389,1.140000000000000));
#7399=CARTESIAN_POINT('',(-12.950003624138747,12.233678038486822,1.140000000000000));
#7400=B_SPLINE_CURVE_WITH_KNOTS('',3,(#7375,#7376,#7377,#7378,#7379,#7380,#7381,#7382,#7383,#7384,#7385,#7386,#7387,#7388,#7389,#7390,#7391,#7392,#7393,#7394,#7395,#7396,#7397,#7398,#7399),.UNSPECIFIED.,.F.,.U.,(4,1,1,1,1,1,1,1,1,1,1,1,1,1,1,1,1,1,1,1,1,1,4),(0.0,0.000159468050531,0.000624300453144,0.001374139584369,0.002388627820730,0.003647407538756,0.005130121114976,0.006816410925918,0.008685919348107,0.012893161532348,0.017588986679919,0.027794941913946,0.038000897147972,0.042696722295543,0.046903964479783,0.048773472901974,0.050459762712914,0.051942476289134,0.053201256007161,0.054215744243523,0.054965583374746,0.055430415777359,0.055589883827891),.UNSPECIFIED.);
#7401=EDGE_CURVE('',#7237,#7089,#7400,.T.);
#7402=ORIENTED_EDGE('',*,*,#7401,.T.);
#7403=ORIENTED_EDGE('',*,*,#7162,.F.);
#7404=CARTESIAN_POINT('',(-12.950003624138747,12.233678038486822,0.0));
#7405=CARTESIAN_POINT('',(-12.950241364189402,12.234153470796389,0.0));
#7406=CARTESIAN_POINT('',(-12.951172091196245,12.236014737710457,0.0));
#7407=CARTESIAN_POINT('',(-12.953220702271064,12.240111548037607,0.0));
#7408=CARTESIAN_POINT('',(-12.956544004681355,12.246757484790528,0.0));
#7409=CARTESIAN_POINT('',(-12.961050949045969,12.255770467510258,0.0));
#7410=CARTESIAN_POINT('',(-12.966650485983845,12.266968415737802,0.0));
#7411=CARTESIAN_POINT('',(-12.973251566113845,12.280169249014163,0.0));
#7412=CARTESIAN_POINT('',(-12.980763140054886,12.295190886880381,0.0));
#7413=CARTESIAN_POINT('',(-12.992336528052931,12.318335336333499,0.0));
#7414=CARTESIAN_POINT('',(-13.008396627219813,12.350452306182135,0.0));
#7415=CARTESIAN_POINT('',(-13.036884966907296,12.407423258682137,0.0));
#7416=CARTESIAN_POINT('',(-13.074316379138743,12.482278558486826,0.0));
#7417=CARTESIAN_POINT('',(-13.111747791370183,12.557133858291509,0.0));
#7418=CARTESIAN_POINT('',(-13.140236131057696,12.614104810791510,0.0));
#7419=CARTESIAN_POINT('',(-13.156296230224561,12.646221780640145,0.0));
#7420=CARTESIAN_POINT('',(-13.167869618222607,12.669366230093262,0.0));
#7421=CARTESIAN_POINT('',(-13.175381192163655,12.684387867959474,0.0));
#7422=CARTESIAN_POINT('',(-13.181982272293652,12.697588701235844,0.0));
#7423=CARTESIAN_POINT('',(-13.187581809231519,12.708786649463386,0.0));
#7424=CARTESIAN_POINT('',(-13.192088753596149,12.717799632183109,0.0));
#7425=CARTESIAN_POINT('',(-13.195412056006418,12.724445568936048,0.0));
#7426=CARTESIAN_POINT('',(-13.197460667081257,12.728542379263192,0.0));
#7427=CARTESIAN_POINT('',(-13.198391394088089,12.730403646177251,0.0));
#7428=CARTESIAN_POINT('',(-13.198629134138748,12.730879078486820,0.0));
#7429=B_SPLINE_CURVE_WITH_KNOTS('',3,(#7404,#7405,#7406,#7407,#7408,#7409,#7410,#7411,#7412,#7413,#7414,#7415,#7416,#7417,#7418,#7419,#7420,#7421,#7422,#7423,#7424,#7425,#7426,#7427,#7428),.UNSPECIFIED.,.F.,.U.,(4,1,1,1,1,1,1,1,1,1,1,1,1,1,1,1,1,1,1,1,1,1,4),(0.0,0.000159468050532,0.000624300453146,0.001374139584368,0.002388627820730,0.003647407538757,0.005130121114977,0.006816410925917,0.008685919348108,0.012893161532348,0.017588986679919,0.027794941913945,0.038000897147972,0.042696722295543,0.046903964479784,0.048773472901973,0.050459762712915,0.051942476289135,0.053201256007161,0.054215744243522,0.054965583374747,0.055430415777360,0.055589883827891),.UNSPECIFIED.);
#7430=EDGE_CURVE('',#7129,#7276,#7429,.T.);
#7431=ORIENTED_EDGE('',*,*,#7430,.T.);
#7432=ORIENTED_EDGE('',*,*,#7281,.T.);
#7433=EDGE_LOOP('',(#7402,#7403,#7431,#7432));
#7434=FACE_OUTER_BOUND('',#7433,.T.);
#7435=ADVANCED_FACE('',(#7434),#7374,.T.);
#7436=CARTESIAN_POINT('',(-14.092546424138748,-1.360482121513181,0.0));
#7437=CARTESIAN_POINT('',(-14.092303642058667,-1.360962619748044,0.0));
#7438=CARTESIAN_POINT('',(-14.091353176043027,-1.362843719220694,0.0));
#7439=CARTESIAN_POINT('',(-14.089261117693441,-1.366984182733889,0.0));
#7440=CARTESIAN_POINT('',(-14.085867334148499,-1.373700934655267,0.0));
#7441=CARTESIAN_POINT('',(-14.081264805779373,-1.382809954384275,0.0));
#7442=CARTESIAN_POINT('',(-14.075546512957100,-1.394127221320312,0.0));
#7443=CARTESIAN_POINT('',(-14.068805436052795,-1.407468714862785,0.0));
#7444=CARTESIAN_POINT('',(-14.061134555437572,-1.422650414411133,0.0));
#7445=CARTESIAN_POINT('',(-14.049315717156315,-1.446041477418938,0.0));
#7446=CARTESIAN_POINT('',(-14.032915012810619,-1.478500666688965,0.0));
#7447=CARTESIAN_POINT('',(-14.003822487810620,-1.536078667938959,0.0));
#7448=CARTESIAN_POINT('',(-13.965597224138735,-1.611731581513179,0.0));
#7449=CARTESIAN_POINT('',(-13.927371960466861,-1.687384495087399,0.0));
#7450=CARTESIAN_POINT('',(-13.898279435466868,-1.744962496337398,0.0));
#7451=CARTESIAN_POINT('',(-13.881878731121160,-1.777421685607416,0.0));
#7452=CARTESIAN_POINT('',(-13.870059892839919,-1.800812748615233,0.0));
#7453=CARTESIAN_POINT('',(-13.862389012224680,-1.815994448163569,0.0));
#7454=CARTESIAN_POINT('',(-13.855647935320384,-1.829335941706051,0.0));
#7455=CARTESIAN_POINT('',(-13.849929642498122,-1.840653208642087,0.0));
#7456=CARTESIAN_POINT('',(-13.845327114128983,-1.849762228371090,0.0));
#7457=CARTESIAN_POINT('',(-13.841933330584052,-1.856478980292473,0.0));
#7458=CARTESIAN_POINT('',(-13.839841272234450,-1.860619443805660,0.0));
#7459=CARTESIAN_POINT('',(-13.838890806218828,-1.862500543278316,0.0));
#7460=CARTESIAN_POINT('',(-13.838648024138749,-1.862981041513180,0.0));
#7461=CARTESIAN_POINT('',(-14.092546424138748,-1.360482121513181,1.140000000000000));
#7462=CARTESIAN_POINT('',(-14.092303642058667,-1.360962619748044,1.140000000000000));
#7463=CARTESIAN_POINT('',(-14.091353176043027,-1.362843719220694,1.140000000000000));
#7464=CARTESIAN_POINT('',(-14.089261117693441,-1.366984182733889,1.140000000000000));
#7465=CARTESIAN_POINT('',(-14.085867334148499,-1.373700934655267,1.140000000000000));
#7466=CARTESIAN_POINT('',(-14.081264805779373,-1.382809954384275,1.140000000000000));
#7467=CARTESIAN_POINT('',(-14.075546512957100,-1.394127221320312,1.140000000000000));
#7468=CARTESIAN_POINT('',(-14.068805436052795,-1.407468714862785,1.140000000000000));
#7469=CARTESIAN_POINT('',(-14.061134555437572,-1.422650414411133,1.140000000000000));
#7470=CARTESIAN_POINT('',(-14.049315717156315,-1.446041477418938,1.140000000000000));
#7471=CARTESIAN_POINT('',(-14.032915012810619,-1.478500666688965,1.140000000000000));
#7472=CARTESIAN_POINT('',(-14.003822487810620,-1.536078667938959,1.140000000000000));
#7473=CARTESIAN_POINT('',(-13.965597224138735,-1.611731581513179,1.140000000000000));
#7474=CARTESIAN_POINT('',(-13.927371960466861,-1.687384495087399,1.140000000000000));
#7475=CARTESIAN_POINT('',(-13.898279435466868,-1.744962496337398,1.140000000000000));
#7476=CARTESIAN_POINT('',(-13.881878731121160,-1.777421685607416,1.140000000000000));
#7477=CARTESIAN_POINT('',(-13.870059892839919,-1.800812748615233,1.140000000000000));
#7478=CARTESIAN_POINT('',(-13.862389012224680,-1.815994448163569,1.140000000000000));
#7479=CARTESIAN_POINT('',(-13.855647935320384,-1.829335941706051,1.140000000000000));
#7480=CARTESIAN_POINT('',(-13.849929642498122,-1.840653208642087,1.140000000000000));
#7481=CARTESIAN_POINT('',(-13.845327114128983,-1.849762228371090,1.140000000000000));
#7482=CARTESIAN_POINT('',(-13.841933330584052,-1.856478980292473,1.140000000000000));
#7483=CARTESIAN_POINT('',(-13.839841272234450,-1.860619443805660,1.140000000000000));
#7484=CARTESIAN_POINT('',(-13.838890806218828,-1.862500543278316,1.140000000000000));
#7485=CARTESIAN_POINT('',(-13.838648024138749,-1.862981041513180,1.140000000000000));
#7486=B_SPLINE_SURFACE_WITH_KNOTS('',3,1,((#7436,#7461),(#7437,#7462),(#7438,#7463),(#7439,#7464),(#7440,#7465),(#7441,#7466),(#7442,#7467),(#7443,#7468),(#7444,#7469),(#7445,#7470),(#7446,#7471),(#7447,#7472),(#7448,#7473),(#7449,#7474),(#7450,#7475),(#7451,#7476),(#7452,#7477),(#7453,#7478),(#7454,#7479),(#7455,#7480),(#7456,#7481),(#7457,#7482),(#7458,#7483),(#7459,#7484),(#7460,#7485)),.UNSPECIFIED.,.F.,.F.,.U.,(4,1,1,1,1,1,1,1,1,1,1,1,1,1,1,1,1,1,1,1,1,1,4),(2,2),(0.0,0.000161505270163,0.000632275951274,0.001391694349272,0.002419142770093,0.003694003519673,0.005195658903949,0.006903491228858,0.008796882800337,0.013057872906750,0.017813687670683,0.028150024961078,0.038486362251474,0.043242177015406,0.047503167121819,0.049396558693298,0.051104391018207,0.052606046402483,0.053880907152063,0.054908355572884,0.055667773970882,0.056138544651993,0.056300049922156),(0.0,0.114000000000000),.UNSPECIFIED.);
#7487=CARTESIAN_POINT('',(-13.838648024138749,-1.862981041513180,1.140000000000000));
#7488=VERTEX_POINT('',#7487);
#7489=CARTESIAN_POINT('',(-13.838648024138749,-1.862981041513180,1.140000000000000));
#7490=CARTESIAN_POINT('',(-13.838890806218828,-1.862500543278316,1.140000000000000));
#7491=CARTESIAN_POINT('',(-13.839841272234450,-1.860619443805660,1.140000000000000));
#7492=CARTESIAN_POINT('',(-13.841933330584052,-1.856478980292473,1.140000000000000));
#7493=CARTESIAN_POINT('',(-13.845327114128983,-1.849762228371090,1.140000000000000));
#7494=CARTESIAN_POINT('',(-13.849929642498122,-1.840653208642087,1.140000000000000));
#7495=CARTESIAN_POINT('',(-13.855647935320384,-1.829335941706051,1.140000000000000));
#7496=CARTESIAN_POINT('',(-13.862389012224680,-1.815994448163569,1.140000000000000));
#7497=CARTESIAN_POINT('',(-13.870059892839919,-1.800812748615233,1.140000000000000));
#7498=CARTESIAN_POINT('',(-13.881878731121160,-1.777421685607416,1.140000000000000));
#7499=CARTESIAN_POINT('',(-13.898279435466868,-1.744962496337398,1.140000000000000));
#7500=CARTESIAN_POINT('',(-13.927371960466861,-1.687384495087399,1.140000000000000));
#7501=CARTESIAN_POINT('',(-13.965597224138735,-1.611731581513179,1.140000000000000));
#7502=CARTESIAN_POINT('',(-14.003822487810620,-1.536078667938959,1.140000000000000));
#7503=CARTESIAN_POINT('',(-14.032915012810619,-1.478500666688965,1.140000000000000));
#7504=CARTESIAN_POINT('',(-14.049315717156315,-1.446041477418938,1.140000000000000));
#7505=CARTESIAN_POINT('',(-14.061134555437572,-1.422650414411133,1.140000000000000));
#7506=CARTESIAN_POINT('',(-14.068805436052795,-1.407468714862785,1.140000000000000));
#7507=CARTESIAN_POINT('',(-14.075546512957100,-1.394127221320312,1.140000000000000));
#7508=CARTESIAN_POINT('',(-14.081264805779373,-1.382809954384275,1.140000000000000));
#7509=CARTESIAN_POINT('',(-14.085867334148499,-1.373700934655267,1.140000000000000));
#7510=CARTESIAN_POINT('',(-14.089261117693441,-1.366984182733889,1.140000000000000));
#7511=CARTESIAN_POINT('',(-14.091353176043027,-1.362843719220694,1.140000000000000));
#7512=CARTESIAN_POINT('',(-14.092303642058667,-1.360962619748044,1.140000000000000));
#7513=CARTESIAN_POINT('',(-14.092546424138748,-1.360482121513181,1.140000000000000));
#7514=B_SPLINE_CURVE_WITH_KNOTS('',3,(#7489,#7490,#7491,#7492,#7493,#7494,#7495,#7496,#7497,#7498,#7499,#7500,#7501,#7502,#7503,#7504,#7505,#7506,#7507,#7508,#7509,#7510,#7511,#7512,#7513),.UNSPECIFIED.,.F.,.U.,(4,1,1,1,1,1,1,1,1,1,1,1,1,1,1,1,1,1,1,1,1,1,4),(0.0,0.000161505270162,0.000632275951274,0.001391694349272,0.002419142770093,0.003694003519673,0.005195658903949,0.006903491228858,0.008796882800337,0.013057872906750,0.017813687670682,0.028150024961077,0.038486362251473,0.043242177015406,0.047503167121819,0.049396558693298,0.051104391018206,0.052606046402483,0.053880907152063,0.054908355572884,0.055667773970882,0.056138544651993,0.056300049922156),.UNSPECIFIED.);
#7515=EDGE_CURVE('',#7488,#6959,#7514,.T.);
#7516=ORIENTED_EDGE('',*,*,#7515,.T.);
#7517=ORIENTED_EDGE('',*,*,#7032,.F.);
#7518=CARTESIAN_POINT('',(-13.838648024138749,-1.862981041513180,0.0));
#7519=VERTEX_POINT('',#7518);
#7520=CARTESIAN_POINT('',(-14.092546424138748,-1.360482121513181,0.0));
#7521=CARTESIAN_POINT('',(-14.092303642058667,-1.360962619748044,0.0));
#7522=CARTESIAN_POINT('',(-14.091353176043027,-1.362843719220694,0.0));
#7523=CARTESIAN_POINT('',(-14.089261117693441,-1.366984182733889,0.0));
#7524=CARTESIAN_POINT('',(-14.085867334148499,-1.373700934655267,0.0));
#7525=CARTESIAN_POINT('',(-14.081264805779373,-1.382809954384275,0.0));
#7526=CARTESIAN_POINT('',(-14.075546512957100,-1.394127221320312,0.0));
#7527=CARTESIAN_POINT('',(-14.068805436052795,-1.407468714862785,0.0));
#7528=CARTESIAN_POINT('',(-14.061134555437572,-1.422650414411133,0.0));
#7529=CARTESIAN_POINT('',(-14.049315717156315,-1.446041477418938,0.0));
#7530=CARTESIAN_POINT('',(-14.032915012810619,-1.478500666688965,0.0));
#7531=CARTESIAN_POINT('',(-14.003822487810620,-1.536078667938959,0.0));
#7532=CARTESIAN_POINT('',(-13.965597224138735,-1.611731581513179,0.0));
#7533=CARTESIAN_POINT('',(-13.927371960466861,-1.687384495087399,0.0));
#7534=CARTESIAN_POINT('',(-13.898279435466868,-1.744962496337398,0.0));
#7535=CARTESIAN_POINT('',(-13.881878731121160,-1.777421685607416,0.0));
#7536=CARTESIAN_POINT('',(-13.870059892839919,-1.800812748615233,0.0));
#7537=CARTESIAN_POINT('',(-13.862389012224680,-1.815994448163569,0.0));
#7538=CARTESIAN_POINT('',(-13.855647935320384,-1.829335941706051,0.0));
#7539=CARTESIAN_POINT('',(-13.849929642498122,-1.840653208642087,0.0));
#7540=CARTESIAN_POINT('',(-13.845327114128983,-1.849762228371090,0.0));
#7541=CARTESIAN_POINT('',(-13.841933330584052,-1.856478980292473,0.0));
#7542=CARTESIAN_POINT('',(-13.839841272234450,-1.860619443805660,0.0));
#7543=CARTESIAN_POINT('',(-13.838890806218828,-1.862500543278316,0.0));
#7544=CARTESIAN_POINT('',(-13.838648024138749,-1.862981041513180,0.0));
#7545=B_SPLINE_CURVE_WITH_KNOTS('',3,(#7520,#7521,#7522,#7523,#7524,#7525,#7526,#7527,#7528,#7529,#7530,#7531,#7532,#7533,#7534,#7535,#7536,#7537,#7538,#7539,#7540,#7541,#7542,#7543,#7544),.UNSPECIFIED.,.F.,.U.,(4,1,1,1,1,1,1,1,1,1,1,1,1,1,1,1,1,1,1,1,1,1,4),(0.0,0.000161505270163,0.000632275951274,0.001391694349272,0.002419142770093,0.003694003519673,0.005195658903949,0.006903491228858,0.008796882800337,0.013057872906750,0.017813687670683,0.028150024961078,0.038486362251474,0.043242177015406,0.047503167121819,0.049396558693298,0.051104391018207,0.052606046402483,0.053880907152063,0.054908355572884,0.055667773970882,0.056138544651993,0.056300049922156),.UNSPECIFIED.);
#7546=EDGE_CURVE('',#6999,#7519,#7545,.T.);
#7547=ORIENTED_EDGE('',*,*,#7546,.T.);
#7548=CARTESIAN_POINT('',(-13.838648024138749,-1.862981041513180,0.0));
#7549=DIRECTION('',(0.0,0.0,1.0));
#7550=VECTOR('',#7549,1.140000000000000);
#7551=LINE('',#7548,#7550);
#7552=EDGE_CURVE('',#7519,#7488,#7551,.T.);
#7553=ORIENTED_EDGE('',*,*,#7552,.T.);
#7554=EDGE_LOOP('',(#7516,#7517,#7547,#7553));
#7555=FACE_OUTER_BOUND('',#7554,.T.);
#7556=ADVANCED_FACE('',(#7555),#7486,.T.);
#7557=CARTESIAN_POINT('',(-13.838648024138749,-1.862981041513180,0.0));
#7558=CARTESIAN_POINT('',(-13.837285679241692,-1.862981041514449,0.0));
#7559=CARTESIAN_POINT('',(-13.832012086091796,-1.862981041519361,0.0));
#7560=CARTESIAN_POINT('',(-13.820542021018284,-1.862981041405966,0.0));
#7561=CARTESIAN_POINT('',(-13.802216284639199,-1.862981042249430,0.0));
#7562=CARTESIAN_POINT('',(-13.777825917382760,-1.862981037482530,0.0));
#7563=CARTESIAN_POINT('',(-13.748161950673909,-1.862981061149827,0.0));
#7564=CARTESIAN_POINT('',(-13.700348073133057,-1.862980909249581,0.0));
#7565=CARTESIAN_POINT('',(-13.603445342508515,-1.862982968487648,0.0));
#7566=CARTESIAN_POINT('',(-13.489539017200807,-1.862968142891758,0.0));
#7567=CARTESIAN_POINT('',(-13.377028378519530,-1.863001153531407,0.0));
#7568=CARTESIAN_POINT('',(-13.313101652563619,-1.862930826146384,0.0));
#7569=CARTESIAN_POINT('',(-13.268777313742756,-1.863048811671056,0.0));
#7570=CARTESIAN_POINT('',(-13.242599321450076,-1.862786583933502,0.0));
#7571=CARTESIAN_POINT('',(-13.222014143208348,-1.863463221909347,0.0));
#7572=CARTESIAN_POINT('',(-13.208484402049818,-1.862049360479114,0.0));
#7573=CARTESIAN_POINT('',(-13.200864821381799,-1.863986172740979,0.0));
#7574=CARTESIAN_POINT('',(-13.196901617704622,-1.861784805311569,0.0));
#7575=CARTESIAN_POINT('',(-13.195602771945511,-1.854756629427335,0.0));
#7576=CARTESIAN_POINT('',(-13.189129752253425,-1.844872639149557,0.0));
#7577=CARTESIAN_POINT('',(-13.181715622281743,-1.828357078105898,0.0));
#7578=CARTESIAN_POINT('',(-13.171320616334039,-1.807940908546115,0.0));
#7579=CARTESIAN_POINT('',(-13.154203694800231,-1.773078840457508,0.0));
#7580=CARTESIAN_POINT('',(-13.129309798059355,-1.722924701988990,0.0));
#7581=CARTESIAN_POINT('',(-13.085631670740923,-1.634571822451940,0.0));
#7582=CARTESIAN_POINT('',(-13.041370185116568,-1.545148136300667,0.0));
#7583=CARTESIAN_POINT('',(-13.003728552049827,-1.469065685027446,0.0));
#7584=CARTESIAN_POINT('',(-12.985154360617159,-1.431525588303427,0.0));
#7585=CARTESIAN_POINT('',(-12.973630941657932,-1.408235464557960,0.0));
#7586=CARTESIAN_POINT('',(-12.964156111743597,-1.389085824129542,0.0));
#7587=CARTESIAN_POINT('',(-12.957037188912054,-1.374697712833770,0.0));
#7588=CARTESIAN_POINT('',(-12.952581459736439,-1.365692204771580,0.0));
#7589=CARTESIAN_POINT('',(-12.950532848665425,-1.361551741254971,0.0));
#7590=CARTESIAN_POINT('',(-12.950003624138747,-1.360482121513181,0.0));
#7591=CARTESIAN_POINT('',(-13.838648024138749,-1.862981041513180,1.140000000000000));
#7592=CARTESIAN_POINT('',(-13.837285679241692,-1.862981041514449,1.140000000000000));
#7593=CARTESIAN_POINT('',(-13.832012086091796,-1.862981041519361,1.140000000000000));
#7594=CARTESIAN_POINT('',(-13.820542021018284,-1.862981041405966,1.140000000000000));
#7595=CARTESIAN_POINT('',(-13.802216284639199,-1.862981042249430,1.140000000000000));
#7596=CARTESIAN_POINT('',(-13.777825917382760,-1.862981037482530,1.140000000000000));
#7597=CARTESIAN_POINT('',(-13.748161950673909,-1.862981061149827,1.140000000000000));
#7598=CARTESIAN_POINT('',(-13.700348073133057,-1.862980909249581,1.140000000000000));
#7599=CARTESIAN_POINT('',(-13.603445342508515,-1.862982968487648,1.140000000000000));
#7600=CARTESIAN_POINT('',(-13.489539017200807,-1.862968142891758,1.140000000000000));
#7601=CARTESIAN_POINT('',(-13.377028378519530,-1.863001153531407,1.140000000000000));
#7602=CARTESIAN_POINT('',(-13.313101652563619,-1.862930826146384,1.140000000000000));
#7603=CARTESIAN_POINT('',(-13.268777313742756,-1.863048811671056,1.140000000000000));
#7604=CARTESIAN_POINT('',(-13.242599321450076,-1.862786583933502,1.140000000000000));
#7605=CARTESIAN_POINT('',(-13.222014143208348,-1.863463221909347,1.140000000000000));
#7606=CARTESIAN_POINT('',(-13.208484402049818,-1.862049360479114,1.140000000000000));
#7607=CARTESIAN_POINT('',(-13.200864821381799,-1.863986172740979,1.140000000000000));
#7608=CARTESIAN_POINT('',(-13.196901617704622,-1.861784805311569,1.140000000000000));
#7609=CARTESIAN_POINT('',(-13.195602771945511,-1.854756629427335,1.140000000000000));
#7610=CARTESIAN_POINT('',(-13.189129752253425,-1.844872639149557,1.140000000000000));
#7611=CARTESIAN_POINT('',(-13.181715622281743,-1.828357078105898,1.140000000000000));
#7612=CARTESIAN_POINT('',(-13.171320616334039,-1.807940908546115,1.140000000000000));
#7613=CARTESIAN_POINT('',(-13.154203694800231,-1.773078840457508,1.140000000000000));
#7614=CARTESIAN_POINT('',(-13.129309798059355,-1.722924701988990,1.140000000000000));
#7615=CARTESIAN_POINT('',(-13.085631670740923,-1.634571822451940,1.140000000000000));
#7616=CARTESIAN_POINT('',(-13.041370185116568,-1.545148136300667,1.140000000000000));
#7617=CARTESIAN_POINT('',(-13.003728552049827,-1.469065685027446,1.140000000000000));
#7618=CARTESIAN_POINT('',(-12.985154360617159,-1.431525588303427,1.140000000000000));
#7619=CARTESIAN_POINT('',(-12.973630941657932,-1.408235464557960,1.140000000000000));
#7620=CARTESIAN_POINT('',(-12.964156111743597,-1.389085824129542,1.140000000000000));
#7621=CARTESIAN_POINT('',(-12.957037188912054,-1.374697712833770,1.140000000000000));
#7622=CARTESIAN_POINT('',(-12.952581459736439,-1.365692204771580,1.140000000000000));
#7623=CARTESIAN_POINT('',(-12.950532848665425,-1.361551741254971,1.140000000000000));
#7624=CARTESIAN_POINT('',(-12.950003624138747,-1.360482121513181,1.140000000000000));
#7625=B_SPLINE_SURFACE_WITH_KNOTS('',3,1,((#7557,#7591),(#7558,#7592),(#7559,#7593),(#7560,#7594),(#7561,#7595),(#7562,#7596),(#7563,#7597),(#7564,#7598),(#7565,#7599),(#7566,#7600),(#7567,#7601),(#7568,#7602),(#7569,#7603),(#7570,#7604),(#7571,#7605),(#7572,#7606),(#7573,#7607),(#7574,#7608),(#7575,#7609),(#7576,#7610),(#7577,#7611),(#7578,#7612),(#7579,#7613),(#7580,#7614),(#7581,#7615),(#7582,#7616),(#7583,#7617),(#7584,#7618),(#7585,#7619),(#7586,#7620),(#7587,#7621),(#7588,#7622),(#7589,#7623),(#7590,#7624)),.UNSPECIFIED.,.F.,.F.,.U.,(4,1,1,1,1,1,1,1,1,1,1,1,1,1,1,1,1,1,1,1,1,1,1,1,1,1,1,1,1,1,1,4),(2,2),(0.0,0.000408703469033,0.001582077944642,0.003441019529595,0.005906424326662,0.008899188438607,0.012340207968201,0.020250597691407,0.037969870671388,0.046513091572449,0.054001593843751,0.057152565750161,0.059802546307435,0.061872431618341,0.063283117785646,0.063955500912118,0.064029493457991,0.064618486127668,0.065854215846401,0.067667389358935,0.069988713410012,0.072748894744379,0.079308656241953,0.086792327809607,0.102314016986964,0.109243342512570,0.112257599116209,0.114879193940063,0.117038833728877,0.118667225227394,0.119695075180359,0.120053090332515),(0.0,0.114000000000000),.UNSPECIFIED.);
#7626=CARTESIAN_POINT('',(-12.950003624138747,-1.360482121513181,1.140000000000000));
#7627=CARTESIAN_POINT('',(-12.950532848665425,-1.361551741254971,1.140000000000000));
#7628=CARTESIAN_POINT('',(-12.952581459736439,-1.365692204771580,1.140000000000000));
#7629=CARTESIAN_POINT('',(-12.957037188912054,-1.374697712833770,1.140000000000000));
#7630=CARTESIAN_POINT('',(-12.964156111743597,-1.389085824129542,1.140000000000000));
#7631=CARTESIAN_POINT('',(-12.973630941657932,-1.408235464557960,1.140000000000000));
#7632=CARTESIAN_POINT('',(-12.985154360617159,-1.431525588303427,1.140000000000000));
#7633=CARTESIAN_POINT('',(-13.003728552049827,-1.469065685027446,1.140000000000000));
#7634=CARTESIAN_POINT('',(-13.041370185116568,-1.545148136300667,1.140000000000000));
#7635=CARTESIAN_POINT('',(-13.085631670740923,-1.634571822451940,1.140000000000000));
#7636=CARTESIAN_POINT('',(-13.129309798059355,-1.722924701988990,1.140000000000000));
#7637=CARTESIAN_POINT('',(-13.154203694800231,-1.773078840457508,1.140000000000000));
#7638=CARTESIAN_POINT('',(-13.171320616334039,-1.807940908546115,1.140000000000000));
#7639=CARTESIAN_POINT('',(-13.181715622281743,-1.828357078105898,1.140000000000000));
#7640=CARTESIAN_POINT('',(-13.189129752253425,-1.844872639149557,1.140000000000000));
#7641=CARTESIAN_POINT('',(-13.195602771945511,-1.854756629427335,1.140000000000000));
#7642=CARTESIAN_POINT('',(-13.196901617704622,-1.861784805311569,1.140000000000000));
#7643=CARTESIAN_POINT('',(-13.200864821381799,-1.863986172740979,1.140000000000000));
#7644=CARTESIAN_POINT('',(-13.208484402049818,-1.862049360479114,1.140000000000000));
#7645=CARTESIAN_POINT('',(-13.222014143208348,-1.863463221909347,1.140000000000000));
#7646=CARTESIAN_POINT('',(-13.242599321450076,-1.862786583933502,1.140000000000000));
#7647=CARTESIAN_POINT('',(-13.268777313742756,-1.863048811671056,1.140000000000000));
#7648=CARTESIAN_POINT('',(-13.313101652563619,-1.862930826146384,1.140000000000000));
#7649=CARTESIAN_POINT('',(-13.377028378519530,-1.863001153531407,1.140000000000000));
#7650=CARTESIAN_POINT('',(-13.489539017200807,-1.862968142891758,1.140000000000000));
#7651=CARTESIAN_POINT('',(-13.603445342508515,-1.862982968487648,1.140000000000000));
#7652=CARTESIAN_POINT('',(-13.700348073133057,-1.862980909249581,1.140000000000000));
#7653=CARTESIAN_POINT('',(-13.748161950673909,-1.862981061149827,1.140000000000000));
#7654=CARTESIAN_POINT('',(-13.777825917382760,-1.862981037482530,1.140000000000000));
#7655=CARTESIAN_POINT('',(-13.802216284639199,-1.862981042249430,1.140000000000000));
#7656=CARTESIAN_POINT('',(-13.820542021018284,-1.862981041405966,1.140000000000000));
#7657=CARTESIAN_POINT('',(-13.832012086091796,-1.862981041519361,1.140000000000000));
#7658=CARTESIAN_POINT('',(-13.837285679241692,-1.862981041514449,1.140000000000000));
#7659=CARTESIAN_POINT('',(-13.838648024138749,-1.862981041513180,1.140000000000000));
#7660=B_SPLINE_CURVE_WITH_KNOTS('',3,(#7626,#7627,#7628,#7629,#7630,#7631,#7632,#7633,#7634,#7635,#7636,#7637,#7638,#7639,#7640,#7641,#7642,#7643,#7644,#7645,#7646,#7647,#7648,#7649,#7650,#7651,#7652,#7653,#7654,#7655,#7656,#7657,#7658,#7659),.UNSPECIFIED.,.F.,.U.,(4,1,1,1,1,1,1,1,1,1,1,1,1,1,1,1,1,1,1,1,1,1,1,1,1,1,1,1,1,1,1,4),(0.0,0.000358015152156,0.001385865105121,0.003014256603638,0.005173896392452,0.007795491216306,0.010809747819945,0.017739073345551,0.033260762522908,0.040744434090562,0.047304195588136,0.050064376922503,0.052385700973580,0.054198874486114,0.055434604204847,0.056023596874524,0.056097589420397,0.056769972546869,0.058180658714174,0.060250544025080,0.062900524582354,0.066051496488764,0.073539998760066,0.082083219661127,0.099802492641108,0.107712882364314,0.111153901893908,0.114146666005853,0.116612070802920,0.118471012387873,0.119644386863482,0.120053090332515),.UNSPECIFIED.);
#7661=EDGE_CURVE('',#7091,#7488,#7660,.T.);
#7662=ORIENTED_EDGE('',*,*,#7661,.T.);
#7663=ORIENTED_EDGE('',*,*,#7552,.F.);
#7664=CARTESIAN_POINT('',(-13.838648024138749,-1.862981041513180,0.0));
#7665=CARTESIAN_POINT('',(-13.837285679241692,-1.862981041514449,0.0));
#7666=CARTESIAN_POINT('',(-13.832012086091796,-1.862981041519361,0.0));
#7667=CARTESIAN_POINT('',(-13.820542021018284,-1.862981041405966,0.0));
#7668=CARTESIAN_POINT('',(-13.802216284639199,-1.862981042249430,0.0));
#7669=CARTESIAN_POINT('',(-13.777825917382760,-1.862981037482530,0.0));
#7670=CARTESIAN_POINT('',(-13.748161950673909,-1.862981061149827,0.0));
#7671=CARTESIAN_POINT('',(-13.700348073133057,-1.862980909249581,0.0));
#7672=CARTESIAN_POINT('',(-13.603445342508515,-1.862982968487648,0.0));
#7673=CARTESIAN_POINT('',(-13.489539017200807,-1.862968142891758,0.0));
#7674=CARTESIAN_POINT('',(-13.377028378519530,-1.863001153531407,0.0));
#7675=CARTESIAN_POINT('',(-13.313101652563619,-1.862930826146384,0.0));
#7676=CARTESIAN_POINT('',(-13.268777313742756,-1.863048811671056,0.0));
#7677=CARTESIAN_POINT('',(-13.242599321450076,-1.862786583933502,0.0));
#7678=CARTESIAN_POINT('',(-13.222014143208348,-1.863463221909347,0.0));
#7679=CARTESIAN_POINT('',(-13.208484402049818,-1.862049360479114,0.0));
#7680=CARTESIAN_POINT('',(-13.200864821381799,-1.863986172740979,0.0));
#7681=CARTESIAN_POINT('',(-13.196901617704622,-1.861784805311569,0.0));
#7682=CARTESIAN_POINT('',(-13.195602771945511,-1.854756629427335,0.0));
#7683=CARTESIAN_POINT('',(-13.189129752253425,-1.844872639149557,0.0));
#7684=CARTESIAN_POINT('',(-13.181715622281743,-1.828357078105898,0.0));
#7685=CARTESIAN_POINT('',(-13.171320616334039,-1.807940908546115,0.0));
#7686=CARTESIAN_POINT('',(-13.154203694800231,-1.773078840457508,0.0));
#7687=CARTESIAN_POINT('',(-13.129309798059355,-1.722924701988990,0.0));
#7688=CARTESIAN_POINT('',(-13.085631670740923,-1.634571822451940,0.0));
#7689=CARTESIAN_POINT('',(-13.041370185116568,-1.545148136300667,0.0));
#7690=CARTESIAN_POINT('',(-13.003728552049827,-1.469065685027446,0.0));
#7691=CARTESIAN_POINT('',(-12.985154360617159,-1.431525588303427,0.0));
#7692=CARTESIAN_POINT('',(-12.973630941657932,-1.408235464557960,0.0));
#7693=CARTESIAN_POINT('',(-12.964156111743597,-1.389085824129542,0.0));
#7694=CARTESIAN_POINT('',(-12.957037188912054,-1.374697712833770,0.0));
#7695=CARTESIAN_POINT('',(-12.952581459736439,-1.365692204771580,0.0));
#7696=CARTESIAN_POINT('',(-12.950532848665425,-1.361551741254971,0.0));
#7697=CARTESIAN_POINT('',(-12.950003624138747,-1.360482121513181,0.0));
#7698=B_SPLINE_CURVE_WITH_KNOTS('',3,(#7664,#7665,#7666,#7667,#7668,#7669,#7670,#7671,#7672,#7673,#7674,#7675,#7676,#7677,#7678,#7679,#7680,#7681,#7682,#7683,#7684,#7685,#7686,#7687,#7688,#7689,#7690,#7691,#7692,#7693,#7694,#7695,#7696,#7697),.UNSPECIFIED.,.F.,.U.,(4,1,1,1,1,1,1,1,1,1,1,1,1,1,1,1,1,1,1,1,1,1,1,1,1,1,1,1,1,1,1,4),(0.0,0.000408703469033,0.001582077944642,0.003441019529595,0.005906424326662,0.008899188438607,0.012340207968201,0.020250597691407,0.037969870671388,0.046513091572449,0.054001593843751,0.057152565750161,0.059802546307435,0.061872431618341,0.063283117785646,0.063955500912118,0.064029493457991,0.064618486127668,0.065854215846401,0.067667389358935,0.069988713410012,0.072748894744379,0.079308656241953,0.086792327809607,0.102314016986964,0.109243342512570,0.112257599116209,0.114879193940063,0.117038833728877,0.118667225227394,0.119695075180359,0.120053090332515),.UNSPECIFIED.);
#7699=EDGE_CURVE('',#7519,#7121,#7698,.T.);
#7700=ORIENTED_EDGE('',*,*,#7699,.T.);
#7701=ORIENTED_EDGE('',*,*,#7126,.T.);
#7702=EDGE_LOOP('',(#7662,#7663,#7700,#7701));
#7703=FACE_OUTER_BOUND('',#7702,.T.);
#7704=ADVANCED_FACE('',(#7703),#7625,.T.);
#7705=CARTESIAN_POINT('',(-13.523940576691157,-1.562815961246594,0.0));
#7706=DIRECTION('',(0.0,0.0,1.0));
#7707=DIRECTION('',(1.0,0.0,0.0));
#7708=AXIS2_PLACEMENT_3D('',#7705,#7706,#7707);
#7709=PLANE('',#7708);
#7710=ORIENTED_EDGE('',*,*,#7699,.F.);
#7711=ORIENTED_EDGE('',*,*,#7546,.F.);
#7712=ORIENTED_EDGE('',*,*,#7026,.F.);
#7713=ORIENTED_EDGE('',*,*,#7318,.F.);
#7714=ORIENTED_EDGE('',*,*,#7430,.F.);
#7715=ORIENTED_EDGE('',*,*,#7156,.F.);
#7716=EDGE_LOOP('',(#7710,#7711,#7712,#7713,#7714,#7715));
#7717=FACE_OUTER_BOUND('',#7716,.T.);
#7718=ADVANCED_FACE('',(#7717),#7709,.F.);
#7719=CARTESIAN_POINT('',(-13.523940576691153,-1.562815961246594,1.140000000000000));
#7720=DIRECTION('',(0.0,0.0,1.0));
#7721=DIRECTION('',(1.0,0.0,0.0));
#7722=AXIS2_PLACEMENT_3D('',#7719,#7720,#7721);
#7723=PLANE('',#7722);
#7724=ORIENTED_EDGE('',*,*,#7515,.F.);
#7725=ORIENTED_EDGE('',*,*,#7661,.F.);
#7726=ORIENTED_EDGE('',*,*,#7118,.F.);
#7727=ORIENTED_EDGE('',*,*,#7401,.F.);
#7728=ORIENTED_EDGE('',*,*,#7273,.F.);
#7729=ORIENTED_EDGE('',*,*,#6988,.F.);
#7730=EDGE_LOOP('',(#7724,#7725,#7726,#7727,#7728,#7729));
#7731=FACE_OUTER_BOUND('',#7730,.T.);
#7732=ADVANCED_FACE('',(#7731),#7723,.T.);
#7733=CLOSED_SHELL('',(#7036,#7166,#7323,#7435,#7556,#7704,#7718,#7732));
#7734=MANIFOLD_SOLID_BREP('\X2\5BE69AD4\X0\1',#7733);
#7735=STYLED_ITEM('',(#6828),#7734);
#7736=ADVANCED_BREP_SHAPE_REPRESENTATION('ABSR',(#7734),#6875);
#7737=SHAPE_REPRESENTATION_RELATIONSHIP('SRR','None',#7736,#6880);
#7738=AXIS2_PLACEMENT_3D('',#7739,#7740,#7741);
#7739=CARTESIAN_POINT('',(18.372275295341645,-1.095015136069746,-2.526020679902455));
#7740=DIRECTION('',(4.326911E-019,-1.171977E-019,1.0));
#7741=DIRECTION('',(1.0,1.144917E-016,-1.444447E-034));
#7742=NEXT_ASSEMBLY_USAGE_OCCURRENCE('PIN_CPY:1','PIN_CPY:1','PIN_CPY:1',#5708,#6851,'PIN_CPY:1');
#7743=PRODUCT_DEFINITION_SHAPE('PIN_CPY:1','PIN_CPY:1',#7742);
#7744=ITEM_DEFINED_TRANSFORMATION('PIN_CPY:1','PIN_CPY:1',#6876,#7738);
#7748=(REPRESENTATION_RELATIONSHIP('PIN_CPY:1','PIN_CPY:1',#6880,#5737)REPRESENTATION_RELATIONSHIP_WITH_TRANSFORMATION(#7744)SHAPE_REPRESENTATION_RELATIONSHIP());
#7749=CONTEXT_DEPENDENT_SHAPE_REPRESENTATION(#7748,#7743);
#7750=APPLICATION_CONTEXT('automotive design');
#7751=APPLICATION_PROTOCOL_DEFINITION('International Standard','automotive_design',2001,#7750);
#7752=PRODUCT_CONTEXT('',#7750,'mechanical');
#7753=PRODUCT('PIN_CPY_CPY','PIN_CPY_CPY',$,(#7752));
#7754=PRODUCT_RELATED_PRODUCT_CATEGORY('part',$,(#7753));
#7755=PRODUCT_DEFINITION_FORMATION('',$,#7753);
#7756=PRODUCT_DEFINITION_CONTEXT('part definition',#7750,'design');
#7757=PRODUCT_DEFINITION('',$,#7755,#7756);
#7763=(NAMED_UNIT(*)PLANE_ANGLE_UNIT()SI_UNIT($,.RADIAN.));
#7764=DIMENSIONAL_EXPONENTS(0.0,0.0,0.0,0.0,0.0,0.0,0.0);
#7765=PLANE_ANGLE_MEASURE_WITH_UNIT(PLANE_ANGLE_MEASURE(0.017453292500000),#7763);
#7769=(CONVERSION_BASED_UNIT('DEGREE',#7765)NAMED_UNIT(#7764)PLANE_ANGLE_UNIT());
#7773=(NAMED_UNIT(*)SI_UNIT($,.STERADIAN.)SOLID_ANGLE_UNIT());
#7777=(LENGTH_UNIT()NAMED_UNIT(*)SI_UNIT(.MILLI.,.METRE.));
#7779=UNCERTAINTY_MEASURE_WITH_UNIT(LENGTH_MEASURE(0.010000000000000),#7777,'DISTANCE_ACCURACY_VALUE','');
#7781=(GEOMETRIC_REPRESENTATION_CONTEXT(3)GLOBAL_UNCERTAINTY_ASSIGNED_CONTEXT((#7779))GLOBAL_UNIT_ASSIGNED_CONTEXT((#7769,#7773,#7777))REPRESENTATION_CONTEXT('None','None'));
#7782=AXIS2_PLACEMENT_3D('',#7783,#7784,#7785);
#7783=CARTESIAN_POINT('',(0.0,0.0,0.0));
#7784=DIRECTION('',(0.0,0.0,1.0));
#7785=DIRECTION('',(1.0,0.0,0.0));
#7786=SHAPE_REPRESENTATION('',(#7782),#7781);
#7787=PRODUCT_DEFINITION_SHAPE('','',#7757);
#7788=SHAPE_DEFINITION_REPRESENTATION(#7787,#7786);
#7794=(NAMED_UNIT(*)PLANE_ANGLE_UNIT()SI_UNIT($,.RADIAN.));
#7795=DIMENSIONAL_EXPONENTS(0.0,0.0,0.0,0.0,0.0,0.0,0.0);
#7796=PLANE_ANGLE_MEASURE_WITH_UNIT(PLANE_ANGLE_MEASURE(0.017453292500000),#7794);
#7800=(CONVERSION_BASED_UNIT('DEGREE',#7796)NAMED_UNIT(#7795)PLANE_ANGLE_UNIT());
#7804=(NAMED_UNIT(*)SI_UNIT($,.STERADIAN.)SOLID_ANGLE_UNIT());
#7808=(LENGTH_UNIT()NAMED_UNIT(*)SI_UNIT(.MILLI.,.METRE.));
#7810=UNCERTAINTY_MEASURE_WITH_UNIT(LENGTH_MEASURE(0.000001000000000),#7808,'DISTANCE_ACCURACY_VALUE','');
#7812=(GEOMETRIC_REPRESENTATION_CONTEXT(3)GLOBAL_UNCERTAINTY_ASSIGNED_CONTEXT((#7810))GLOBAL_UNIT_ASSIGNED_CONTEXT((#7800,#7804,#7808))REPRESENTATION_CONTEXT('','3D'));
#7813=CARTESIAN_POINT('',(-14.092546424138748,12.233678038486822,0.0));
#7814=CARTESIAN_POINT('',(-14.092546424138749,12.220679065352059,0.0));
#7815=CARTESIAN_POINT('',(-14.092546424138757,12.169789468398935,0.0));
#7816=CARTESIAN_POINT('',(-14.092546424138749,12.057777040322769,0.0));
#7817=CARTESIAN_POINT('',(-14.092546424138758,11.876067990332528,0.0));
#7818=CARTESIAN_POINT('',(-14.092546424138749,11.629640648564951,0.0));
#7819=CARTESIAN_POINT('',(-14.092546424138749,11.323473345156748,0.0));
#7820=CARTESIAN_POINT('',(-14.092546424138757,10.962544410244636,0.0));
#7821=CARTESIAN_POINT('',(-14.092546424138753,10.551832173965341,0.0));
#7822=CARTESIAN_POINT('',(-14.092546424138760,9.919031098809088,0.0));
#7823=CARTESIAN_POINT('',(-14.092546424138753,9.040908977471199,0.0));
#7824=CARTESIAN_POINT('',(-14.092546424138760,7.483244792471204,0.0));
#7825=CARTESIAN_POINT('',(-14.092546424138742,5.436597958486824,0.0));
#7826=CARTESIAN_POINT('',(-14.092546424138774,3.389951124502451,0.0));
#7827=CARTESIAN_POINT('',(-14.092546424138741,1.832286939502449,0.0));
#7828=CARTESIAN_POINT('',(-14.092546424138760,0.954164818164557,0.0));
#7829=CARTESIAN_POINT('',(-14.092546424138742,0.321363743008307,0.0));
#7830=CARTESIAN_POINT('',(-14.092546424138758,-0.089348493270990,0.0));
#7831=CARTESIAN_POINT('',(-14.092546424138758,-0.450277428183100,0.0));
#7832=CARTESIAN_POINT('',(-14.092546424138748,-0.756444731591302,0.0));
#7833=CARTESIAN_POINT('',(-14.092546424138765,-1.002872073358880,0.0));
#7834=CARTESIAN_POINT('',(-14.092546424138748,-1.184581123349114,0.0));
#7835=CARTESIAN_POINT('',(-14.092546424138758,-1.296593551425288,0.0));
#7836=CARTESIAN_POINT('',(-14.092546424138749,-1.347483148378413,0.0));
#7837=CARTESIAN_POINT('',(-14.092546424138748,-1.360482121513181,0.0));
#7838=CARTESIAN_POINT('',(-14.092546424138748,12.233678038486822,1.140000000000000));
#7839=CARTESIAN_POINT('',(-14.092546424138749,12.220679065352059,1.140000000000000));
#7840=CARTESIAN_POINT('',(-14.092546424138757,12.169789468398935,1.140000000000000));
#7841=CARTESIAN_POINT('',(-14.092546424138749,12.057777040322769,1.140000000000000));
#7842=CARTESIAN_POINT('',(-14.092546424138758,11.876067990332528,1.140000000000000));
#7843=CARTESIAN_POINT('',(-14.092546424138749,11.629640648564951,1.140000000000000));
#7844=CARTESIAN_POINT('',(-14.092546424138749,11.323473345156748,1.140000000000000));
#7845=CARTESIAN_POINT('',(-14.092546424138757,10.962544410244636,1.140000000000000));
#7846=CARTESIAN_POINT('',(-14.092546424138753,10.551832173965341,1.140000000000000));
#7847=CARTESIAN_POINT('',(-14.092546424138760,9.919031098809088,1.140000000000000));
#7848=CARTESIAN_POINT('',(-14.092546424138753,9.040908977471199,1.140000000000000));
#7849=CARTESIAN_POINT('',(-14.092546424138760,7.483244792471204,1.140000000000000));
#7850=CARTESIAN_POINT('',(-14.092546424138742,5.436597958486824,1.140000000000000));
#7851=CARTESIAN_POINT('',(-14.092546424138774,3.389951124502451,1.140000000000000));
#7852=CARTESIAN_POINT('',(-14.092546424138741,1.832286939502449,1.140000000000000));
#7853=CARTESIAN_POINT('',(-14.092546424138760,0.954164818164557,1.140000000000000));
#7854=CARTESIAN_POINT('',(-14.092546424138742,0.321363743008307,1.140000000000000));
#7855=CARTESIAN_POINT('',(-14.092546424138758,-0.089348493270990,1.140000000000000));
#7856=CARTESIAN_POINT('',(-14.092546424138758,-0.450277428183100,1.140000000000000));
#7857=CARTESIAN_POINT('',(-14.092546424138748,-0.756444731591302,1.140000000000000));
#7858=CARTESIAN_POINT('',(-14.092546424138765,-1.002872073358880,1.140000000000000));
#7859=CARTESIAN_POINT('',(-14.092546424138748,-1.184581123349114,1.140000000000000));
#7860=CARTESIAN_POINT('',(-14.092546424138758,-1.296593551425288,1.140000000000000));
#7861=CARTESIAN_POINT('',(-14.092546424138749,-1.347483148378413,1.140000000000000));
#7862=CARTESIAN_POINT('',(-14.092546424138748,-1.360482121513181,1.140000000000000));
#7863=B_SPLINE_SURFACE_WITH_KNOTS('',3,1,((#7813,#7838),(#7814,#7839),(#7815,#7840),(#7816,#7841),(#7817,#7842),(#7818,#7843),(#7819,#7844),(#7820,#7845),(#7821,#7846),(#7822,#7847),(#7823,#7848),(#7824,#7849),(#7825,#7850),(#7826,#7851),(#7827,#7852),(#7828,#7853),(#7829,#7854),(#7830,#7855),(#7831,#7856),(#7832,#7857),(#7833,#7858),(#7834,#7859),(#7835,#7860),(#7836,#7861),(#7837,#7862)),.UNSPECIFIED.,.F.,.F.,.U.,(4,1,1,1,1,1,1,1,1,1,1,1,1,1,1,1,1,1,1,1,1,1,4),(2,2),(0.0,0.003899691940429,0.015266879085937,0.033603728422851,0.058412406937500,0.089195081616211,0.125453919445312,0.166691087411132,0.212408752500000,0.315294241992187,0.430127723812499,0.679708008000000,0.929288292187500,1.044121774007812,1.147007263500000,1.192724928588867,1.233962096554687,1.270220934383789,1.301003609062500,1.325812287577148,1.344149136914062,1.355516324059570,1.359416016000000),(0.0,0.114000000000000),.UNSPECIFIED.);
#7864=CARTESIAN_POINT('',(-14.092546424138748,-1.360482121513181,1.140000000000000));
#7865=VERTEX_POINT('',#7864);
#7866=CARTESIAN_POINT('',(-14.092546424138748,12.233678038486822,1.140000000000000));
#7867=VERTEX_POINT('',#7866);
#7868=CARTESIAN_POINT('',(-14.092546424138748,-1.360482121513181,1.140000000000000));
#7869=CARTESIAN_POINT('',(-14.092546424138749,-1.347483148378413,1.140000000000000));
#7870=CARTESIAN_POINT('',(-14.092546424138758,-1.296593551425288,1.140000000000000));
#7871=CARTESIAN_POINT('',(-14.092546424138748,-1.184581123349114,1.140000000000000));
#7872=CARTESIAN_POINT('',(-14.092546424138765,-1.002872073358880,1.140000000000000));
#7873=CARTESIAN_POINT('',(-14.092546424138748,-0.756444731591302,1.140000000000000));
#7874=CARTESIAN_POINT('',(-14.092546424138758,-0.450277428183100,1.140000000000000));
#7875=CARTESIAN_POINT('',(-14.092546424138758,-0.089348493270990,1.140000000000000));
#7876=CARTESIAN_POINT('',(-14.092546424138742,0.321363743008307,1.140000000000000));
#7877=CARTESIAN_POINT('',(-14.092546424138760,0.954164818164557,1.140000000000000));
#7878=CARTESIAN_POINT('',(-14.092546424138741,1.832286939502449,1.140000000000000));
#7879=CARTESIAN_POINT('',(-14.092546424138774,3.389951124502451,1.140000000000000));
#7880=CARTESIAN_POINT('',(-14.092546424138742,5.436597958486824,1.140000000000000));
#7881=CARTESIAN_POINT('',(-14.092546424138760,7.483244792471204,1.140000000000000));
#7882=CARTESIAN_POINT('',(-14.092546424138753,9.040908977471199,1.140000000000000));
#7883=CARTESIAN_POINT('',(-14.092546424138760,9.919031098809088,1.140000000000000));
#7884=CARTESIAN_POINT('',(-14.092546424138753,10.551832173965341,1.140000000000000));
#7885=CARTESIAN_POINT('',(-14.092546424138757,10.962544410244636,1.140000000000000));
#7886=CARTESIAN_POINT('',(-14.092546424138749,11.323473345156748,1.140000000000000));
#7887=CARTESIAN_POINT('',(-14.092546424138749,11.629640648564951,1.140000000000000));
#7888=CARTESIAN_POINT('',(-14.092546424138758,11.876067990332528,1.140000000000000));
#7889=CARTESIAN_POINT('',(-14.092546424138749,12.057777040322769,1.140000000000000));
#7890=CARTESIAN_POINT('',(-14.092546424138757,12.169789468398935,1.140000000000000));
#7891=CARTESIAN_POINT('',(-14.092546424138749,12.220679065352059,1.140000000000000));
#7892=CARTESIAN_POINT('',(-14.092546424138748,12.233678038486822,1.140000000000000));
#7893=B_SPLINE_CURVE_WITH_KNOTS('',3,(#7868,#7869,#7870,#7871,#7872,#7873,#7874,#7875,#7876,#7877,#7878,#7879,#7880,#7881,#7882,#7883,#7884,#7885,#7886,#7887,#7888,#7889,#7890,#7891,#7892),.UNSPECIFIED.,.F.,.U.,(4,1,1,1,1,1,1,1,1,1,1,1,1,1,1,1,1,1,1,1,1,1,4),(0.0,0.003899691940430,0.015266879085938,0.033603728422852,0.058412406937500,0.089195081616211,0.125453919445313,0.166691087411133,0.212408752500000,0.315294241992188,0.430127723812501,0.679708008000001,0.929288292187501,1.044121774007814,1.147007263500000,1.192724928588868,1.233962096554688,1.270220934383790,1.301003609062501,1.325812287577149,1.344149136914064,1.355516324059571,1.359416016000000),.UNSPECIFIED.);
#7894=EDGE_CURVE('',#7865,#7867,#7893,.T.);
#7895=ORIENTED_EDGE('',*,*,#7894,.T.);
#7896=CARTESIAN_POINT('',(-14.092546424138748,12.233678038486822,0.0));
#7897=VERTEX_POINT('',#7896);
#7898=CARTESIAN_POINT('',(-14.092546424138748,12.233678038486822,0.0));
#7899=DIRECTION('',(0.0,0.0,1.0));
#7900=VECTOR('',#7899,1.140000000000000);
#7901=LINE('',#7898,#7900);
#7902=EDGE_CURVE('',#7897,#7867,#7901,.T.);
#7903=ORIENTED_EDGE('',*,*,#7902,.F.);
#7904=CARTESIAN_POINT('',(-14.092546424138748,-1.360482121513181,0.0));
#7905=VERTEX_POINT('',#7904);
#7906=CARTESIAN_POINT('',(-14.092546424138748,12.233678038486822,0.0));
#7907=CARTESIAN_POINT('',(-14.092546424138749,12.220679065352059,0.0));
#7908=CARTESIAN_POINT('',(-14.092546424138757,12.169789468398935,0.0));
#7909=CARTESIAN_POINT('',(-14.092546424138749,12.057777040322769,0.0));
#7910=CARTESIAN_POINT('',(-14.092546424138758,11.876067990332528,0.0));
#7911=CARTESIAN_POINT('',(-14.092546424138749,11.629640648564951,0.0));
#7912=CARTESIAN_POINT('',(-14.092546424138749,11.323473345156748,0.0));
#7913=CARTESIAN_POINT('',(-14.092546424138757,10.962544410244636,0.0));
#7914=CARTESIAN_POINT('',(-14.092546424138753,10.551832173965341,0.0));
#7915=CARTESIAN_POINT('',(-14.092546424138760,9.919031098809088,0.0));
#7916=CARTESIAN_POINT('',(-14.092546424138753,9.040908977471199,0.0));
#7917=CARTESIAN_POINT('',(-14.092546424138760,7.483244792471204,0.0));
#7918=CARTESIAN_POINT('',(-14.092546424138742,5.436597958486824,0.0));
#7919=CARTESIAN_POINT('',(-14.092546424138774,3.389951124502451,0.0));
#7920=CARTESIAN_POINT('',(-14.092546424138741,1.832286939502449,0.0));
#7921=CARTESIAN_POINT('',(-14.092546424138760,0.954164818164557,0.0));
#7922=CARTESIAN_POINT('',(-14.092546424138742,0.321363743008307,0.0));
#7923=CARTESIAN_POINT('',(-14.092546424138758,-0.089348493270990,0.0));
#7924=CARTESIAN_POINT('',(-14.092546424138758,-0.450277428183100,0.0));
#7925=CARTESIAN_POINT('',(-14.092546424138748,-0.756444731591302,0.0));
#7926=CARTESIAN_POINT('',(-14.092546424138765,-1.002872073358880,0.0));
#7927=CARTESIAN_POINT('',(-14.092546424138748,-1.184581123349114,0.0));
#7928=CARTESIAN_POINT('',(-14.092546424138758,-1.296593551425288,0.0));
#7929=CARTESIAN_POINT('',(-14.092546424138749,-1.347483148378413,0.0));
#7930=CARTESIAN_POINT('',(-14.092546424138748,-1.360482121513181,0.0));
#7931=B_SPLINE_CURVE_WITH_KNOTS('',3,(#7906,#7907,#7908,#7909,#7910,#7911,#7912,#7913,#7914,#7915,#7916,#7917,#7918,#7919,#7920,#7921,#7922,#7923,#7924,#7925,#7926,#7927,#7928,#7929,#7930),.UNSPECIFIED.,.F.,.U.,(4,1,1,1,1,1,1,1,1,1,1,1,1,1,1,1,1,1,1,1,1,1,4),(0.0,0.003899691940429,0.015266879085937,0.033603728422851,0.058412406937500,0.089195081616211,0.125453919445312,0.166691087411132,0.212408752500000,0.315294241992187,0.430127723812499,0.679708008000000,0.929288292187500,1.044121774007812,1.147007263500000,1.192724928588867,1.233962096554687,1.270220934383789,1.301003609062500,1.325812287577148,1.344149136914062,1.355516324059570,1.359416016000000),.UNSPECIFIED.);
#7932=EDGE_CURVE('',#7897,#7905,#7931,.T.);
#7933=ORIENTED_EDGE('',*,*,#7932,.T.);
#7934=CARTESIAN_POINT('',(-14.092546424138748,-1.360482121513181,0.0));
#7935=DIRECTION('',(0.0,0.0,1.0));
#7936=VECTOR('',#7935,1.140000000000000);
#7937=LINE('',#7934,#7936);
#7938=EDGE_CURVE('',#7905,#7865,#7937,.T.);
#7939=ORIENTED_EDGE('',*,*,#7938,.T.);
#7940=EDGE_LOOP('',(#7895,#7903,#7933,#7939));
#7941=FACE_OUTER_BOUND('',#7940,.T.);
#7942=ADVANCED_FACE('',(#7941),#7863,.T.);
#7943=CARTESIAN_POINT('',(-12.950003624138747,-1.360482121513181,0.0));
#7944=CARTESIAN_POINT('',(-12.950003624138747,-1.347483148378414,0.0));
#7945=CARTESIAN_POINT('',(-12.950003624138747,-1.296593551425290,0.0));
#7946=CARTESIAN_POINT('',(-12.950003624138748,-1.184581123349117,0.0));
#7947=CARTESIAN_POINT('',(-12.950003624138745,-1.002872073358885,0.0));
#7948=CARTESIAN_POINT('',(-12.950003624138738,-0.756444731591305,0.0));
#7949=CARTESIAN_POINT('',(-12.950003624138741,-0.450277428183104,0.0));
#7950=CARTESIAN_POINT('',(-12.950003624138750,-0.089348493270994,0.0));
#7951=CARTESIAN_POINT('',(-12.950003624138748,0.321363743008304,0.0));
#7952=CARTESIAN_POINT('',(-12.950003624138747,0.954164818164551,0.0));
#7953=CARTESIAN_POINT('',(-12.950003624138741,1.832286939502443,0.0));
#7954=CARTESIAN_POINT('',(-12.950003624138734,3.389951124502442,0.0));
#7955=CARTESIAN_POINT('',(-12.950003624138748,5.436597958486815,0.0));
#7956=CARTESIAN_POINT('',(-12.950003624138745,7.483244792471188,0.0));
#7957=CARTESIAN_POINT('',(-12.950003624138732,9.040908977471190,0.0));
#7958=CARTESIAN_POINT('',(-12.950003624138748,9.919031098809079,0.0));
#7959=CARTESIAN_POINT('',(-12.950003624138738,10.551832173965337,0.0));
#7960=CARTESIAN_POINT('',(-12.950003624138745,10.962544410244632,0.0));
#7961=CARTESIAN_POINT('',(-12.950003624138745,11.323473345156740,0.0));
#7962=CARTESIAN_POINT('',(-12.950003624138745,11.629640648564944,0.0));
#7963=CARTESIAN_POINT('',(-12.950003624138750,11.876067990332523,0.0));
#7964=CARTESIAN_POINT('',(-12.950003624138738,12.057777040322755,0.0));
#7965=CARTESIAN_POINT('',(-12.950003624138747,12.169789468398928,0.0));
#7966=CARTESIAN_POINT('',(-12.950003624138745,12.220679065352053,0.0));
#7967=CARTESIAN_POINT('',(-12.950003624138747,12.233678038486822,0.0));
#7968=CARTESIAN_POINT('',(-12.950003624138747,-1.360482121513181,1.140000000000000));
#7969=CARTESIAN_POINT('',(-12.950003624138747,-1.347483148378414,1.140000000000000));
#7970=CARTESIAN_POINT('',(-12.950003624138747,-1.296593551425290,1.140000000000000));
#7971=CARTESIAN_POINT('',(-12.950003624138748,-1.184581123349117,1.140000000000000));
#7972=CARTESIAN_POINT('',(-12.950003624138745,-1.002872073358885,1.140000000000000));
#7973=CARTESIAN_POINT('',(-12.950003624138738,-0.756444731591305,1.140000000000000));
#7974=CARTESIAN_POINT('',(-12.950003624138741,-0.450277428183104,1.140000000000000));
#7975=CARTESIAN_POINT('',(-12.950003624138750,-0.089348493270994,1.140000000000000));
#7976=CARTESIAN_POINT('',(-12.950003624138748,0.321363743008304,1.140000000000000));
#7977=CARTESIAN_POINT('',(-12.950003624138747,0.954164818164551,1.140000000000000));
#7978=CARTESIAN_POINT('',(-12.950003624138741,1.832286939502443,1.140000000000000));
#7979=CARTESIAN_POINT('',(-12.950003624138734,3.389951124502442,1.140000000000000));
#7980=CARTESIAN_POINT('',(-12.950003624138748,5.436597958486815,1.140000000000000));
#7981=CARTESIAN_POINT('',(-12.950003624138745,7.483244792471188,1.140000000000000));
#7982=CARTESIAN_POINT('',(-12.950003624138732,9.040908977471190,1.140000000000000));
#7983=CARTESIAN_POINT('',(-12.950003624138748,9.919031098809079,1.140000000000000));
#7984=CARTESIAN_POINT('',(-12.950003624138738,10.551832173965337,1.140000000000000));
#7985=CARTESIAN_POINT('',(-12.950003624138745,10.962544410244632,1.140000000000000));
#7986=CARTESIAN_POINT('',(-12.950003624138745,11.323473345156740,1.140000000000000));
#7987=CARTESIAN_POINT('',(-12.950003624138745,11.629640648564944,1.140000000000000));
#7988=CARTESIAN_POINT('',(-12.950003624138750,11.876067990332523,1.140000000000000));
#7989=CARTESIAN_POINT('',(-12.950003624138738,12.057777040322755,1.140000000000000));
#7990=CARTESIAN_POINT('',(-12.950003624138747,12.169789468398928,1.140000000000000));
#7991=CARTESIAN_POINT('',(-12.950003624138745,12.220679065352053,1.140000000000000));
#7992=CARTESIAN_POINT('',(-12.950003624138747,12.233678038486822,1.140000000000000));
#7993=B_SPLINE_SURFACE_WITH_KNOTS('',3,1,((#7943,#7968),(#7944,#7969),(#7945,#7970),(#7946,#7971),(#7947,#7972),(#7948,#7973),(#7949,#7974),(#7950,#7975),(#7951,#7976),(#7952,#7977),(#7953,#7978),(#7954,#7979),(#7955,#7980),(#7956,#7981),(#7957,#7982),(#7958,#7983),(#7959,#7984),(#7960,#7985),(#7961,#7986),(#7962,#7987),(#7963,#7988),(#7964,#7989),(#7965,#7990),(#7966,#7991),(#7967,#7992)),.UNSPECIFIED.,.F.,.F.,.U.,(4,1,1,1,1,1,1,1,1,1,1,1,1,1,1,1,1,1,1,1,1,1,4),(2,2),(0.0,0.003899691940430,0.015266879085938,0.033603728422852,0.058412406937500,0.089195081616211,0.125453919445313,0.166691087411133,0.212408752500000,0.315294241992188,0.430127723812500,0.679708008000000,0.929288292187500,1.044121774007812,1.147007263500000,1.192724928588867,1.233962096554688,1.270220934383789,1.301003609062500,1.325812287577148,1.344149136914063,1.355516324059571,1.359416016000000),(0.0,0.114000000000000),.UNSPECIFIED.);
#7994=CARTESIAN_POINT('',(-12.950003624138747,12.233678038486822,1.140000000000000));
#7995=VERTEX_POINT('',#7994);
#7996=CARTESIAN_POINT('',(-12.950003624138747,-1.360482121513181,1.140000000000000));
#7997=VERTEX_POINT('',#7996);
#7998=CARTESIAN_POINT('',(-12.950003624138747,12.233678038486822,1.140000000000000));
#7999=CARTESIAN_POINT('',(-12.950003624138745,12.220679065352053,1.140000000000000));
#8000=CARTESIAN_POINT('',(-12.950003624138747,12.169789468398928,1.140000000000000));
#8001=CARTESIAN_POINT('',(-12.950003624138738,12.057777040322755,1.140000000000000));
#8002=CARTESIAN_POINT('',(-12.950003624138750,11.876067990332523,1.140000000000000));
#8003=CARTESIAN_POINT('',(-12.950003624138745,11.629640648564944,1.140000000000000));
#8004=CARTESIAN_POINT('',(-12.950003624138745,11.323473345156740,1.140000000000000));
#8005=CARTESIAN_POINT('',(-12.950003624138745,10.962544410244632,1.140000000000000));
#8006=CARTESIAN_POINT('',(-12.950003624138738,10.551832173965337,1.140000000000000));
#8007=CARTESIAN_POINT('',(-12.950003624138748,9.919031098809079,1.140000000000000));
#8008=CARTESIAN_POINT('',(-12.950003624138732,9.040908977471190,1.140000000000000));
#8009=CARTESIAN_POINT('',(-12.950003624138745,7.483244792471188,1.140000000000000));
#8010=CARTESIAN_POINT('',(-12.950003624138748,5.436597958486815,1.140000000000000));
#8011=CARTESIAN_POINT('',(-12.950003624138734,3.389951124502442,1.140000000000000));
#8012=CARTESIAN_POINT('',(-12.950003624138741,1.832286939502443,1.140000000000000));
#8013=CARTESIAN_POINT('',(-12.950003624138747,0.954164818164551,1.140000000000000));
#8014=CARTESIAN_POINT('',(-12.950003624138748,0.321363743008304,1.140000000000000));
#8015=CARTESIAN_POINT('',(-12.950003624138750,-0.089348493270994,1.140000000000000));
#8016=CARTESIAN_POINT('',(-12.950003624138741,-0.450277428183104,1.140000000000000));
#8017=CARTESIAN_POINT('',(-12.950003624138738,-0.756444731591305,1.140000000000000));
#8018=CARTESIAN_POINT('',(-12.950003624138745,-1.002872073358885,1.140000000000000));
#8019=CARTESIAN_POINT('',(-12.950003624138748,-1.184581123349117,1.140000000000000));
#8020=CARTESIAN_POINT('',(-12.950003624138747,-1.296593551425290,1.140000000000000));
#8021=CARTESIAN_POINT('',(-12.950003624138747,-1.347483148378414,1.140000000000000));
#8022=CARTESIAN_POINT('',(-12.950003624138747,-1.360482121513181,1.140000000000000));
#8023=B_SPLINE_CURVE_WITH_KNOTS('',3,(#7998,#7999,#8000,#8001,#8002,#8003,#8004,#8005,#8006,#8007,#8008,#8009,#8010,#8011,#8012,#8013,#8014,#8015,#8016,#8017,#8018,#8019,#8020,#8021,#8022),.UNSPECIFIED.,.F.,.U.,(4,1,1,1,1,1,1,1,1,1,1,1,1,1,1,1,1,1,1,1,1,1,4),(0.0,0.003899691940430,0.015266879085938,0.033603728422852,0.058412406937500,0.089195081616211,0.125453919445312,0.166691087411133,0.212408752500000,0.315294241992188,0.430127723812501,0.679708008000001,0.929288292187501,1.044121774007813,1.147007263500000,1.192724928588868,1.233962096554688,1.270220934383789,1.301003609062500,1.325812287577149,1.344149136914063,1.355516324059570,1.359416016000000),.UNSPECIFIED.);
#8024=EDGE_CURVE('',#7995,#7997,#8023,.T.);
#8025=ORIENTED_EDGE('',*,*,#8024,.T.);
#8026=CARTESIAN_POINT('',(-12.950003624138747,-1.360482121513181,0.0));
#8027=VERTEX_POINT('',#8026);
#8028=CARTESIAN_POINT('',(-12.950003624138747,-1.360482121513181,0.0));
#8029=DIRECTION('',(0.0,0.0,1.0));
#8030=VECTOR('',#8029,1.140000000000000);
#8031=LINE('',#8028,#8030);
#8032=EDGE_CURVE('',#8027,#7997,#8031,.T.);
#8033=ORIENTED_EDGE('',*,*,#8032,.F.);
#8034=CARTESIAN_POINT('',(-12.950003624138747,12.233678038486822,0.0));
#8035=VERTEX_POINT('',#8034);
#8036=CARTESIAN_POINT('',(-12.950003624138747,-1.360482121513181,0.0));
#8037=CARTESIAN_POINT('',(-12.950003624138747,-1.347483148378414,0.0));
#8038=CARTESIAN_POINT('',(-12.950003624138747,-1.296593551425290,0.0));
#8039=CARTESIAN_POINT('',(-12.950003624138748,-1.184581123349117,0.0));
#8040=CARTESIAN_POINT('',(-12.950003624138745,-1.002872073358885,0.0));
#8041=CARTESIAN_POINT('',(-12.950003624138738,-0.756444731591305,0.0));
#8042=CARTESIAN_POINT('',(-12.950003624138741,-0.450277428183104,0.0));
#8043=CARTESIAN_POINT('',(-12.950003624138750,-0.089348493270994,0.0));
#8044=CARTESIAN_POINT('',(-12.950003624138748,0.321363743008304,0.0));
#8045=CARTESIAN_POINT('',(-12.950003624138747,0.954164818164551,0.0));
#8046=CARTESIAN_POINT('',(-12.950003624138741,1.832286939502443,0.0));
#8047=CARTESIAN_POINT('',(-12.950003624138734,3.389951124502442,0.0));
#8048=CARTESIAN_POINT('',(-12.950003624138748,5.436597958486815,0.0));
#8049=CARTESIAN_POINT('',(-12.950003624138745,7.483244792471188,0.0));
#8050=CARTESIAN_POINT('',(-12.950003624138732,9.040908977471190,0.0));
#8051=CARTESIAN_POINT('',(-12.950003624138748,9.919031098809079,0.0));
#8052=CARTESIAN_POINT('',(-12.950003624138738,10.551832173965337,0.0));
#8053=CARTESIAN_POINT('',(-12.950003624138745,10.962544410244632,0.0));
#8054=CARTESIAN_POINT('',(-12.950003624138745,11.323473345156740,0.0));
#8055=CARTESIAN_POINT('',(-12.950003624138745,11.629640648564944,0.0));
#8056=CARTESIAN_POINT('',(-12.950003624138750,11.876067990332523,0.0));
#8057=CARTESIAN_POINT('',(-12.950003624138738,12.057777040322755,0.0));
#8058=CARTESIAN_POINT('',(-12.950003624138747,12.169789468398928,0.0));
#8059=CARTESIAN_POINT('',(-12.950003624138745,12.220679065352053,0.0));
#8060=CARTESIAN_POINT('',(-12.950003624138747,12.233678038486822,0.0));
#8061=B_SPLINE_CURVE_WITH_KNOTS('',3,(#8036,#8037,#8038,#8039,#8040,#8041,#8042,#8043,#8044,#8045,#8046,#8047,#8048,#8049,#8050,#8051,#8052,#8053,#8054,#8055,#8056,#8057,#8058,#8059,#8060),.UNSPECIFIED.,.F.,.U.,(4,1,1,1,1,1,1,1,1,1,1,1,1,1,1,1,1,1,1,1,1,1,4),(0.0,0.003899691940430,0.015266879085938,0.033603728422852,0.058412406937500,0.089195081616211,0.125453919445313,0.166691087411133,0.212408752500000,0.315294241992188,0.430127723812500,0.679708008000000,0.929288292187500,1.044121774007812,1.147007263500000,1.192724928588867,1.233962096554688,1.270220934383789,1.301003609062500,1.325812287577148,1.344149136914063,1.355516324059571,1.359416016000000),.UNSPECIFIED.);
#8062=EDGE_CURVE('',#8027,#8035,#8061,.T.);
#8063=ORIENTED_EDGE('',*,*,#8062,.T.);
#8064=CARTESIAN_POINT('',(-12.950003624138747,12.233678038486822,0.0));
#8065=DIRECTION('',(0.0,0.0,1.0));
#8066=VECTOR('',#8065,1.140000000000000);
#8067=LINE('',#8064,#8066);
#8068=EDGE_CURVE('',#8035,#7995,#8067,.T.);
#8069=ORIENTED_EDGE('',*,*,#8068,.T.);
#8070=EDGE_LOOP('',(#8025,#8033,#8063,#8069));
#8071=FACE_OUTER_BOUND('',#8070,.T.);
#8072=ADVANCED_FACE('',(#8071),#7993,.T.);
#8073=CARTESIAN_POINT('',(-13.198629134138748,12.730879078486820,0.0));
#8074=CARTESIAN_POINT('',(-13.199991479035793,12.730879078488069,0.0));
#8075=CARTESIAN_POINT('',(-13.205265072185643,12.730879078492910,0.0));
#8076=CARTESIAN_POINT('',(-13.216735137259917,12.730879078381070,0.0));
#8077=CARTESIAN_POINT('',(-13.235060873633353,12.730879079213002,0.0));
#8078=CARTESIAN_POINT('',(-13.259451240921663,12.730879074511257,0.0));
#8079=CARTESIAN_POINT('',(-13.289115207472296,12.730879097855095,0.0));
#8080=CARTESIAN_POINT('',(-13.336929086028647,12.730878948030826,0.0));
#8081=CARTESIAN_POINT('',(-13.433831802886536,12.730880979125951,0.0));
#8082=CARTESIAN_POINT('',(-13.547738227308033,12.730866356146542,0.0));
#8083=CARTESIAN_POINT('',(-13.660248645302753,12.730898915640827,0.0));
#8084=CARTESIAN_POINT('',(-13.724175841419433,12.730829549396621,0.0));
#8085=CARTESIAN_POINT('',(-13.768499391469838,12.730945922452639,0.0));
#8086=CARTESIAN_POINT('',(-13.794679136837678,12.730687278493765,0.0));
#8087=CARTESIAN_POINT('',(-13.815259791541052,12.731354669084986,0.0));
#8088=CARTESIAN_POINT('',(-13.828798984809310,12.729960130425441,0.0));
#8089=CARTESIAN_POINT('',(-13.836406130385551,12.731870601785854,0.0));
#8090=CARTESIAN_POINT('',(-13.840376939909785,12.729702470763815,0.0));
#8091=CARTESIAN_POINT('',(-13.841770620420736,12.722736481601801,0.0));
#8092=CARTESIAN_POINT('',(-13.848332283091471,12.712964127750277,0.0));
#8093=CARTESIAN_POINT('',(-13.855926929972062,12.696619136122431,0.0));
#8094=CARTESIAN_POINT('',(-13.866533374059687,12.676419593437952,0.0));
#8095=CARTESIAN_POINT('',(-13.884017372820388,12.641924458552968,0.0));
#8096=CARTESIAN_POINT('',(-13.909436804033223,12.592299468069598,0.0));
#8097=CARTESIAN_POINT('',(-13.954042399725452,12.504877925451893,0.0));
#8098=CARTESIAN_POINT('',(-13.999242080079327,12.416397117152197,0.0));
#8099=CARTESIAN_POINT('',(-14.037682093823207,12.341116797473568,0.0));
#8100=CARTESIAN_POINT('',(-14.056650204484363,12.303972489318992,0.0));
#8101=CARTESIAN_POINT('',(-14.068418014789518,12.280927914794413,0.0));
#8102=CARTESIAN_POINT('',(-14.078093788264045,12.261980170341440,0.0));
#8103=CARTESIAN_POINT('',(-14.085363690390622,12.247743753868916,0.0));
#8104=CARTESIAN_POINT('',(-14.089913917386824,12.238833191486098,0.0));
#8105=CARTESIAN_POINT('',(-14.092005975732725,12.234736381155546,0.0));
#8106=CARTESIAN_POINT('',(-14.092546424138748,12.233678038486822,0.0));
#8107=CARTESIAN_POINT('',(-13.198629134138748,12.730879078486820,1.140000000000000));
#8108=CARTESIAN_POINT('',(-13.199991479035793,12.730879078488069,1.140000000000000));
#8109=CARTESIAN_POINT('',(-13.205265072185643,12.730879078492910,1.140000000000000));
#8110=CARTESIAN_POINT('',(-13.216735137259917,12.730879078381070,1.140000000000000));
#8111=CARTESIAN_POINT('',(-13.235060873633353,12.730879079213002,1.140000000000000));
#8112=CARTESIAN_POINT('',(-13.259451240921663,12.730879074511257,1.140000000000000));
#8113=CARTESIAN_POINT('',(-13.289115207472296,12.730879097855095,1.140000000000000));
#8114=CARTESIAN_POINT('',(-13.336929086028647,12.730878948030826,1.140000000000000));
#8115=CARTESIAN_POINT('',(-13.433831802886536,12.730880979125951,1.140000000000000));
#8116=CARTESIAN_POINT('',(-13.547738227308033,12.730866356146542,1.140000000000000));
#8117=CARTESIAN_POINT('',(-13.660248645302753,12.730898915640827,1.140000000000000));
#8118=CARTESIAN_POINT('',(-13.724175841419433,12.730829549396621,1.140000000000000));
#8119=CARTESIAN_POINT('',(-13.768499391469838,12.730945922452639,1.140000000000000));
#8120=CARTESIAN_POINT('',(-13.794679136837678,12.730687278493765,1.140000000000000));
#8121=CARTESIAN_POINT('',(-13.815259791541052,12.731354669084986,1.140000000000000));
#8122=CARTESIAN_POINT('',(-13.828798984809310,12.729960130425441,1.140000000000000));
#8123=CARTESIAN_POINT('',(-13.836406130385551,12.731870601785854,1.140000000000000));
#8124=CARTESIAN_POINT('',(-13.840376939909785,12.729702470763815,1.140000000000000));
#8125=CARTESIAN_POINT('',(-13.841770620420736,12.722736481601801,1.140000000000000));
#8126=CARTESIAN_POINT('',(-13.848332283091471,12.712964127750277,1.140000000000000));
#8127=CARTESIAN_POINT('',(-13.855926929972062,12.696619136122431,1.140000000000000));
#8128=CARTESIAN_POINT('',(-13.866533374059687,12.676419593437952,1.140000000000000));
#8129=CARTESIAN_POINT('',(-13.884017372820388,12.641924458552968,1.140000000000000));
#8130=CARTESIAN_POINT('',(-13.909436804033223,12.592299468069598,1.140000000000000));
#8131=CARTESIAN_POINT('',(-13.954042399725452,12.504877925451893,1.140000000000000));
#8132=CARTESIAN_POINT('',(-13.999242080079327,12.416397117152197,1.140000000000000));
#8133=CARTESIAN_POINT('',(-14.037682093823207,12.341116797473568,1.140000000000000));
#8134=CARTESIAN_POINT('',(-14.056650204484363,12.303972489318992,1.140000000000000));
#8135=CARTESIAN_POINT('',(-14.068418014789518,12.280927914794413,1.140000000000000));
#8136=CARTESIAN_POINT('',(-14.078093788264045,12.261980170341440,1.140000000000000));
#8137=CARTESIAN_POINT('',(-14.085363690390622,12.247743753868916,1.140000000000000));
#8138=CARTESIAN_POINT('',(-14.089913917386824,12.238833191486098,1.140000000000000));
#8139=CARTESIAN_POINT('',(-14.092005975732725,12.234736381155546,1.140000000000000));
#8140=CARTESIAN_POINT('',(-14.092546424138748,12.233678038486822,1.140000000000000));
#8141=B_SPLINE_SURFACE_WITH_KNOTS('',3,1,((#8073,#8107),(#8074,#8108),(#8075,#8109),(#8076,#8110),(#8077,#8111),(#8078,#8112),(#8079,#8113),(#8080,#8114),(#8081,#8115),(#8082,#8116),(#8083,#8117),(#8084,#8118),(#8085,#8119),(#8086,#8120),(#8087,#8121),(#8088,#8122),(#8089,#8123),(#8090,#8124),(#8091,#8125),(#8092,#8126),(#8093,#8127),(#8094,#8128),(#8095,#8129),(#8096,#8130),(#8097,#8131),(#8098,#8132),(#8099,#8133),(#8100,#8134),(#8101,#8135),(#8102,#8136),(#8103,#8137),(#8104,#8138),(#8105,#8139),(#8106,#8140)),.UNSPECIFIED.,.F.,.F.,.U.,(4,1,1,1,1,1,1,1,1,1,1,1,1,1,1,1,1,1,1,1,1,1,1,1,1,1,1,1,1,1,1,4),(2,2),(0.0,0.000408703469031,0.001582077944640,0.003441019529593,0.005906424326659,0.008899188438606,0.012340207968200,0.020250597691406,0.037969870671385,0.046513091572448,0.054001593843749,0.057152565750159,0.059802546307433,0.061872431618339,0.063283117785643,0.063955500912115,0.064029638963689,0.064616146766010,0.065846663135587,0.067652187154500,0.069963717904826,0.072712254468647,0.079244341365093,0.086696440500474,0.102152646114599,0.109052737906619,0.112054277836147,0.114664812564129,0.116815341172642,0.118436862743766,0.119460376359583,0.119816881102170),(0.0,0.114000000000000),.UNSPECIFIED.);
#8142=CARTESIAN_POINT('',(-13.198629134138748,12.730879078486820,1.140000000000000));
#8143=VERTEX_POINT('',#8142);
#8144=CARTESIAN_POINT('',(-14.092546424138748,12.233678038486822,1.140000000000000));
#8145=CARTESIAN_POINT('',(-14.092005975732725,12.234736381155546,1.140000000000000));
#8146=CARTESIAN_POINT('',(-14.089913917386824,12.238833191486098,1.140000000000000));
#8147=CARTESIAN_POINT('',(-14.085363690390622,12.247743753868916,1.140000000000000));
#8148=CARTESIAN_POINT('',(-14.078093788264045,12.261980170341440,1.140000000000000));
#8149=CARTESIAN_POINT('',(-14.068418014789518,12.280927914794413,1.140000000000000));
#8150=CARTESIAN_POINT('',(-14.056650204484363,12.303972489318992,1.140000000000000));
#8151=CARTESIAN_POINT('',(-14.037682093823207,12.341116797473568,1.140000000000000));
#8152=CARTESIAN_POINT('',(-13.999242080079327,12.416397117152197,1.140000000000000));
#8153=CARTESIAN_POINT('',(-13.954042399725452,12.504877925451893,1.140000000000000));
#8154=CARTESIAN_POINT('',(-13.909436804033223,12.592299468069598,1.140000000000000));
#8155=CARTESIAN_POINT('',(-13.884017372820388,12.641924458552968,1.140000000000000));
#8156=CARTESIAN_POINT('',(-13.866533374059687,12.676419593437952,1.140000000000000));
#8157=CARTESIAN_POINT('',(-13.855926929972062,12.696619136122431,1.140000000000000));
#8158=CARTESIAN_POINT('',(-13.848332283091471,12.712964127750277,1.140000000000000));
#8159=CARTESIAN_POINT('',(-13.841770620420736,12.722736481601801,1.140000000000000));
#8160=CARTESIAN_POINT('',(-13.840376939909785,12.729702470763815,1.140000000000000));
#8161=CARTESIAN_POINT('',(-13.836406130385551,12.731870601785854,1.140000000000000));
#8162=CARTESIAN_POINT('',(-13.828798984809310,12.729960130425441,1.140000000000000));
#8163=CARTESIAN_POINT('',(-13.815259791541052,12.731354669084986,1.140000000000000));
#8164=CARTESIAN_POINT('',(-13.794679136837678,12.730687278493765,1.140000000000000));
#8165=CARTESIAN_POINT('',(-13.768499391469838,12.730945922452639,1.140000000000000));
#8166=CARTESIAN_POINT('',(-13.724175841419433,12.730829549396621,1.140000000000000));
#8167=CARTESIAN_POINT('',(-13.660248645302753,12.730898915640827,1.140000000000000));
#8168=CARTESIAN_POINT('',(-13.547738227308033,12.730866356146542,1.140000000000000));
#8169=CARTESIAN_POINT('',(-13.433831802886536,12.730880979125951,1.140000000000000));
#8170=CARTESIAN_POINT('',(-13.336929086028647,12.730878948030826,1.140000000000000));
#8171=CARTESIAN_POINT('',(-13.289115207472296,12.730879097855095,1.140000000000000));
#8172=CARTESIAN_POINT('',(-13.259451240921663,12.730879074511257,1.140000000000000));
#8173=CARTESIAN_POINT('',(-13.235060873633353,12.730879079213002,1.140000000000000));
#8174=CARTESIAN_POINT('',(-13.216735137259917,12.730879078381070,1.140000000000000));
#8175=CARTESIAN_POINT('',(-13.205265072185643,12.730879078492910,1.140000000000000));
#8176=CARTESIAN_POINT('',(-13.199991479035793,12.730879078488069,1.140000000000000));
#8177=CARTESIAN_POINT('',(-13.198629134138748,12.730879078486820,1.140000000000000));
#8178=B_SPLINE_CURVE_WITH_KNOTS('',3,(#8144,#8145,#8146,#8147,#8148,#8149,#8150,#8151,#8152,#8153,#8154,#8155,#8156,#8157,#8158,#8159,#8160,#8161,#8162,#8163,#8164,#8165,#8166,#8167,#8168,#8169,#8170,#8171,#8172,#8173,#8174,#8175,#8176,#8177),.UNSPECIFIED.,.F.,.U.,(4,1,1,1,1,1,1,1,1,1,1,1,1,1,1,1,1,1,1,1,1,1,1,1,1,1,1,1,1,1,1,4),(0.0,0.000356504742587,0.001380018358404,0.003001539929528,0.005152068538041,0.007762603266023,0.010764143195551,0.017664234987571,0.033120440601696,0.040572539737077,0.047104626633523,0.049853163197344,0.052164693947670,0.053970217966583,0.055200734336159,0.055787242138481,0.055861380190054,0.056533763316527,0.057944449483831,0.060014334794737,0.062664315352011,0.065815287258420,0.073303789529722,0.081847010430784,0.099566283410764,0.107476673133970,0.110917692663564,0.113910456775510,0.116375861572577,0.118234803157530,0.119408177633138,0.119816881102170),.UNSPECIFIED.);
#8179=EDGE_CURVE('',#7867,#8143,#8178,.T.);
#8180=ORIENTED_EDGE('',*,*,#8179,.T.);
#8181=CARTESIAN_POINT('',(-13.198629134138748,12.730879078486820,0.0));
#8182=VERTEX_POINT('',#8181);
#8183=CARTESIAN_POINT('',(-13.198629134138748,12.730879078486820,0.0));
#8184=DIRECTION('',(0.0,0.0,1.0));
#8185=VECTOR('',#8184,1.140000000000000);
#8186=LINE('',#8183,#8185);
#8187=EDGE_CURVE('',#8182,#8143,#8186,.T.);
#8188=ORIENTED_EDGE('',*,*,#8187,.F.);
#8189=CARTESIAN_POINT('',(-13.198629134138748,12.730879078486820,0.0));
#8190=CARTESIAN_POINT('',(-13.199991479035793,12.730879078488069,0.0));
#8191=CARTESIAN_POINT('',(-13.205265072185643,12.730879078492910,0.0));
#8192=CARTESIAN_POINT('',(-13.216735137259917,12.730879078381070,0.0));
#8193=CARTESIAN_POINT('',(-13.235060873633353,12.730879079213002,0.0));
#8194=CARTESIAN_POINT('',(-13.259451240921663,12.730879074511257,0.0));
#8195=CARTESIAN_POINT('',(-13.289115207472296,12.730879097855095,0.0));
#8196=CARTESIAN_POINT('',(-13.336929086028647,12.730878948030826,0.0));
#8197=CARTESIAN_POINT('',(-13.433831802886536,12.730880979125951,0.0));
#8198=CARTESIAN_POINT('',(-13.547738227308033,12.730866356146542,0.0));
#8199=CARTESIAN_POINT('',(-13.660248645302753,12.730898915640827,0.0));
#8200=CARTESIAN_POINT('',(-13.724175841419433,12.730829549396621,0.0));
#8201=CARTESIAN_POINT('',(-13.768499391469838,12.730945922452639,0.0));
#8202=CARTESIAN_POINT('',(-13.794679136837678,12.730687278493765,0.0));
#8203=CARTESIAN_POINT('',(-13.815259791541052,12.731354669084986,0.0));
#8204=CARTESIAN_POINT('',(-13.828798984809310,12.729960130425441,0.0));
#8205=CARTESIAN_POINT('',(-13.836406130385551,12.731870601785854,0.0));
#8206=CARTESIAN_POINT('',(-13.840376939909785,12.729702470763815,0.0));
#8207=CARTESIAN_POINT('',(-13.841770620420736,12.722736481601801,0.0));
#8208=CARTESIAN_POINT('',(-13.848332283091471,12.712964127750277,0.0));
#8209=CARTESIAN_POINT('',(-13.855926929972062,12.696619136122431,0.0));
#8210=CARTESIAN_POINT('',(-13.866533374059687,12.676419593437952,0.0));
#8211=CARTESIAN_POINT('',(-13.884017372820388,12.641924458552968,0.0));
#8212=CARTESIAN_POINT('',(-13.909436804033223,12.592299468069598,0.0));
#8213=CARTESIAN_POINT('',(-13.954042399725452,12.504877925451893,0.0));
#8214=CARTESIAN_POINT('',(-13.999242080079327,12.416397117152197,0.0));
#8215=CARTESIAN_POINT('',(-14.037682093823207,12.341116797473568,0.0));
#8216=CARTESIAN_POINT('',(-14.056650204484363,12.303972489318992,0.0));
#8217=CARTESIAN_POINT('',(-14.068418014789518,12.280927914794413,0.0));
#8218=CARTESIAN_POINT('',(-14.078093788264045,12.261980170341440,0.0));
#8219=CARTESIAN_POINT('',(-14.085363690390622,12.247743753868916,0.0));
#8220=CARTESIAN_POINT('',(-14.089913917386824,12.238833191486098,0.0));
#8221=CARTESIAN_POINT('',(-14.092005975732725,12.234736381155546,0.0));
#8222=CARTESIAN_POINT('',(-14.092546424138748,12.233678038486822,0.0));
#8223=B_SPLINE_CURVE_WITH_KNOTS('',3,(#8189,#8190,#8191,#8192,#8193,#8194,#8195,#8196,#8197,#8198,#8199,#8200,#8201,#8202,#8203,#8204,#8205,#8206,#8207,#8208,#8209,#8210,#8211,#8212,#8213,#8214,#8215,#8216,#8217,#8218,#8219,#8220,#8221,#8222),.UNSPECIFIED.,.F.,.U.,(4,1,1,1,1,1,1,1,1,1,1,1,1,1,1,1,1,1,1,1,1,1,1,1,1,1,1,1,1,1,1,4),(0.0,0.000408703469031,0.001582077944640,0.003441019529593,0.005906424326659,0.008899188438606,0.012340207968200,0.020250597691406,0.037969870671385,0.046513091572448,0.054001593843749,0.057152565750159,0.059802546307433,0.061872431618339,0.063283117785643,0.063955500912115,0.064029638963689,0.064616146766010,0.065846663135587,0.067652187154500,0.069963717904826,0.072712254468647,0.079244341365093,0.086696440500474,0.102152646114599,0.109052737906619,0.112054277836147,0.114664812564129,0.116815341172642,0.118436862743766,0.119460376359583,0.119816881102170),.UNSPECIFIED.);
#8224=EDGE_CURVE('',#8182,#7897,#8223,.T.);
#8225=ORIENTED_EDGE('',*,*,#8224,.T.);
#8226=ORIENTED_EDGE('',*,*,#7902,.T.);
#8227=EDGE_LOOP('',(#8180,#8188,#8225,#8226));
#8228=FACE_OUTER_BOUND('',#8227,.T.);
#8229=ADVANCED_FACE('',(#8228),#8141,.T.);
#8230=CARTESIAN_POINT('',(-12.950003624138747,12.233678038486822,0.0));
#8231=CARTESIAN_POINT('',(-12.950241364189402,12.234153470796389,0.0));
#8232=CARTESIAN_POINT('',(-12.951172091196245,12.236014737710457,0.0));
#8233=CARTESIAN_POINT('',(-12.953220702271064,12.240111548037607,0.0));
#8234=CARTESIAN_POINT('',(-12.956544004681355,12.246757484790528,0.0));
#8235=CARTESIAN_POINT('',(-12.961050949045969,12.255770467510258,0.0));
#8236=CARTESIAN_POINT('',(-12.966650485983845,12.266968415737802,0.0));
#8237=CARTESIAN_POINT('',(-12.973251566113845,12.280169249014163,0.0));
#8238=CARTESIAN_POINT('',(-12.980763140054886,12.295190886880381,0.0));
#8239=CARTESIAN_POINT('',(-12.992336528052931,12.318335336333499,0.0));
#8240=CARTESIAN_POINT('',(-13.008396627219813,12.350452306182135,0.0));
#8241=CARTESIAN_POINT('',(-13.036884966907296,12.407423258682137,0.0));
#8242=CARTESIAN_POINT('',(-13.074316379138743,12.482278558486826,0.0));
#8243=CARTESIAN_POINT('',(-13.111747791370183,12.557133858291509,0.0));
#8244=CARTESIAN_POINT('',(-13.140236131057696,12.614104810791510,0.0));
#8245=CARTESIAN_POINT('',(-13.156296230224561,12.646221780640145,0.0));
#8246=CARTESIAN_POINT('',(-13.167869618222607,12.669366230093262,0.0));
#8247=CARTESIAN_POINT('',(-13.175381192163655,12.684387867959474,0.0));
#8248=CARTESIAN_POINT('',(-13.181982272293652,12.697588701235844,0.0));
#8249=CARTESIAN_POINT('',(-13.187581809231519,12.708786649463386,0.0));
#8250=CARTESIAN_POINT('',(-13.192088753596149,12.717799632183109,0.0));
#8251=CARTESIAN_POINT('',(-13.195412056006418,12.724445568936048,0.0));
#8252=CARTESIAN_POINT('',(-13.197460667081257,12.728542379263192,0.0));
#8253=CARTESIAN_POINT('',(-13.198391394088089,12.730403646177251,0.0));
#8254=CARTESIAN_POINT('',(-13.198629134138748,12.730879078486820,0.0));
#8255=CARTESIAN_POINT('',(-12.950003624138747,12.233678038486822,1.140000000000000));
#8256=CARTESIAN_POINT('',(-12.950241364189402,12.234153470796389,1.140000000000000));
#8257=CARTESIAN_POINT('',(-12.951172091196245,12.236014737710457,1.140000000000000));
#8258=CARTESIAN_POINT('',(-12.953220702271064,12.240111548037607,1.140000000000000));
#8259=CARTESIAN_POINT('',(-12.956544004681355,12.246757484790528,1.140000000000000));
#8260=CARTESIAN_POINT('',(-12.961050949045969,12.255770467510258,1.140000000000000));
#8261=CARTESIAN_POINT('',(-12.966650485983845,12.266968415737802,1.140000000000000));
#8262=CARTESIAN_POINT('',(-12.973251566113845,12.280169249014163,1.140000000000000));
#8263=CARTESIAN_POINT('',(-12.980763140054886,12.295190886880381,1.140000000000000));
#8264=CARTESIAN_POINT('',(-12.992336528052931,12.318335336333499,1.140000000000000));
#8265=CARTESIAN_POINT('',(-13.008396627219813,12.350452306182135,1.140000000000000));
#8266=CARTESIAN_POINT('',(-13.036884966907296,12.407423258682137,1.140000000000000));
#8267=CARTESIAN_POINT('',(-13.074316379138743,12.482278558486826,1.140000000000000));
#8268=CARTESIAN_POINT('',(-13.111747791370183,12.557133858291509,1.140000000000000));
#8269=CARTESIAN_POINT('',(-13.140236131057696,12.614104810791510,1.140000000000000));
#8270=CARTESIAN_POINT('',(-13.156296230224561,12.646221780640145,1.140000000000000));
#8271=CARTESIAN_POINT('',(-13.167869618222607,12.669366230093262,1.140000000000000));
#8272=CARTESIAN_POINT('',(-13.175381192163655,12.684387867959474,1.140000000000000));
#8273=CARTESIAN_POINT('',(-13.181982272293652,12.697588701235844,1.140000000000000));
#8274=CARTESIAN_POINT('',(-13.187581809231519,12.708786649463386,1.140000000000000));
#8275=CARTESIAN_POINT('',(-13.192088753596149,12.717799632183109,1.140000000000000));
#8276=CARTESIAN_POINT('',(-13.195412056006418,12.724445568936048,1.140000000000000));
#8277=CARTESIAN_POINT('',(-13.197460667081257,12.728542379263192,1.140000000000000));
#8278=CARTESIAN_POINT('',(-13.198391394088089,12.730403646177251,1.140000000000000));
#8279=CARTESIAN_POINT('',(-13.198629134138748,12.730879078486820,1.140000000000000));
#8280=B_SPLINE_SURFACE_WITH_KNOTS('',3,1,((#8230,#8255),(#8231,#8256),(#8232,#8257),(#8233,#8258),(#8234,#8259),(#8235,#8260),(#8236,#8261),(#8237,#8262),(#8238,#8263),(#8239,#8264),(#8240,#8265),(#8241,#8266),(#8242,#8267),(#8243,#8268),(#8244,#8269),(#8245,#8270),(#8246,#8271),(#8247,#8272),(#8248,#8273),(#8249,#8274),(#8250,#8275),(#8251,#8276),(#8252,#8277),(#8253,#8278),(#8254,#8279)),.UNSPECIFIED.,.F.,.F.,.U.,(4,1,1,1,1,1,1,1,1,1,1,1,1,1,1,1,1,1,1,1,1,1,4),(2,2),(0.0,0.000159468050532,0.000624300453146,0.001374139584368,0.002388627820730,0.003647407538757,0.005130121114977,0.006816410925917,0.008685919348108,0.012893161532348,0.017588986679919,0.027794941913945,0.038000897147972,0.042696722295543,0.046903964479784,0.048773472901973,0.050459762712915,0.051942476289135,0.053201256007161,0.054215744243522,0.054965583374747,0.055430415777360,0.055589883827891),(0.0,0.114000000000000),.UNSPECIFIED.);
#8281=CARTESIAN_POINT('',(-13.198629134138748,12.730879078486820,1.140000000000000));
#8282=CARTESIAN_POINT('',(-13.198391394088089,12.730403646177251,1.140000000000000));
#8283=CARTESIAN_POINT('',(-13.197460667081257,12.728542379263192,1.140000000000000));
#8284=CARTESIAN_POINT('',(-13.195412056006418,12.724445568936048,1.140000000000000));
#8285=CARTESIAN_POINT('',(-13.192088753596149,12.717799632183109,1.140000000000000));
#8286=CARTESIAN_POINT('',(-13.187581809231519,12.708786649463386,1.140000000000000));
#8287=CARTESIAN_POINT('',(-13.181982272293652,12.697588701235844,1.140000000000000));
#8288=CARTESIAN_POINT('',(-13.175381192163655,12.684387867959474,1.140000000000000));
#8289=CARTESIAN_POINT('',(-13.167869618222607,12.669366230093262,1.140000000000000));
#8290=CARTESIAN_POINT('',(-13.156296230224561,12.646221780640145,1.140000000000000));
#8291=CARTESIAN_POINT('',(-13.140236131057696,12.614104810791510,1.140000000000000));
#8292=CARTESIAN_POINT('',(-13.111747791370183,12.557133858291509,1.140000000000000));
#8293=CARTESIAN_POINT('',(-13.074316379138743,12.482278558486826,1.140000000000000));
#8294=CARTESIAN_POINT('',(-13.036884966907296,12.407423258682137,1.140000000000000));
#8295=CARTESIAN_POINT('',(-13.008396627219813,12.350452306182135,1.140000000000000));
#8296=CARTESIAN_POINT('',(-12.992336528052931,12.318335336333499,1.140000000000000));
#8297=CARTESIAN_POINT('',(-12.980763140054886,12.295190886880381,1.140000000000000));
#8298=CARTESIAN_POINT('',(-12.973251566113845,12.280169249014163,1.140000000000000));
#8299=CARTESIAN_POINT('',(-12.966650485983845,12.266968415737802,1.140000000000000));
#8300=CARTESIAN_POINT('',(-12.961050949045969,12.255770467510258,1.140000000000000));
#8301=CARTESIAN_POINT('',(-12.956544004681355,12.246757484790528,1.140000000000000));
#8302=CARTESIAN_POINT('',(-12.953220702271064,12.240111548037607,1.140000000000000));
#8303=CARTESIAN_POINT('',(-12.951172091196245,12.236014737710457,1.140000000000000));
#8304=CARTESIAN_POINT('',(-12.950241364189402,12.234153470796389,1.140000000000000));
#8305=CARTESIAN_POINT('',(-12.950003624138747,12.233678038486822,1.140000000000000));
#8306=B_SPLINE_CURVE_WITH_KNOTS('',3,(#8281,#8282,#8283,#8284,#8285,#8286,#8287,#8288,#8289,#8290,#8291,#8292,#8293,#8294,#8295,#8296,#8297,#8298,#8299,#8300,#8301,#8302,#8303,#8304,#8305),.UNSPECIFIED.,.F.,.U.,(4,1,1,1,1,1,1,1,1,1,1,1,1,1,1,1,1,1,1,1,1,1,4),(0.0,0.000159468050531,0.000624300453144,0.001374139584369,0.002388627820730,0.003647407538756,0.005130121114976,0.006816410925918,0.008685919348107,0.012893161532348,0.017588986679919,0.027794941913946,0.038000897147972,0.042696722295543,0.046903964479783,0.048773472901974,0.050459762712914,0.051942476289134,0.053201256007161,0.054215744243523,0.054965583374746,0.055430415777359,0.055589883827891),.UNSPECIFIED.);
#8307=EDGE_CURVE('',#8143,#7995,#8306,.T.);
#8308=ORIENTED_EDGE('',*,*,#8307,.T.);
#8309=ORIENTED_EDGE('',*,*,#8068,.F.);
#8310=CARTESIAN_POINT('',(-12.950003624138747,12.233678038486822,0.0));
#8311=CARTESIAN_POINT('',(-12.950241364189402,12.234153470796389,0.0));
#8312=CARTESIAN_POINT('',(-12.951172091196245,12.236014737710457,0.0));
#8313=CARTESIAN_POINT('',(-12.953220702271064,12.240111548037607,0.0));
#8314=CARTESIAN_POINT('',(-12.956544004681355,12.246757484790528,0.0));
#8315=CARTESIAN_POINT('',(-12.961050949045969,12.255770467510258,0.0));
#8316=CARTESIAN_POINT('',(-12.966650485983845,12.266968415737802,0.0));
#8317=CARTESIAN_POINT('',(-12.973251566113845,12.280169249014163,0.0));
#8318=CARTESIAN_POINT('',(-12.980763140054886,12.295190886880381,0.0));
#8319=CARTESIAN_POINT('',(-12.992336528052931,12.318335336333499,0.0));
#8320=CARTESIAN_POINT('',(-13.008396627219813,12.350452306182135,0.0));
#8321=CARTESIAN_POINT('',(-13.036884966907296,12.407423258682137,0.0));
#8322=CARTESIAN_POINT('',(-13.074316379138743,12.482278558486826,0.0));
#8323=CARTESIAN_POINT('',(-13.111747791370183,12.557133858291509,0.0));
#8324=CARTESIAN_POINT('',(-13.140236131057696,12.614104810791510,0.0));
#8325=CARTESIAN_POINT('',(-13.156296230224561,12.646221780640145,0.0));
#8326=CARTESIAN_POINT('',(-13.167869618222607,12.669366230093262,0.0));
#8327=CARTESIAN_POINT('',(-13.175381192163655,12.684387867959474,0.0));
#8328=CARTESIAN_POINT('',(-13.181982272293652,12.697588701235844,0.0));
#8329=CARTESIAN_POINT('',(-13.187581809231519,12.708786649463386,0.0));
#8330=CARTESIAN_POINT('',(-13.192088753596149,12.717799632183109,0.0));
#8331=CARTESIAN_POINT('',(-13.195412056006418,12.724445568936048,0.0));
#8332=CARTESIAN_POINT('',(-13.197460667081257,12.728542379263192,0.0));
#8333=CARTESIAN_POINT('',(-13.198391394088089,12.730403646177251,0.0));
#8334=CARTESIAN_POINT('',(-13.198629134138748,12.730879078486820,0.0));
#8335=B_SPLINE_CURVE_WITH_KNOTS('',3,(#8310,#8311,#8312,#8313,#8314,#8315,#8316,#8317,#8318,#8319,#8320,#8321,#8322,#8323,#8324,#8325,#8326,#8327,#8328,#8329,#8330,#8331,#8332,#8333,#8334),.UNSPECIFIED.,.F.,.U.,(4,1,1,1,1,1,1,1,1,1,1,1,1,1,1,1,1,1,1,1,1,1,4),(0.0,0.000159468050532,0.000624300453146,0.001374139584368,0.002388627820730,0.003647407538757,0.005130121114977,0.006816410925917,0.008685919348108,0.012893161532348,0.017588986679919,0.027794941913945,0.038000897147972,0.042696722295543,0.046903964479784,0.048773472901973,0.050459762712915,0.051942476289135,0.053201256007161,0.054215744243522,0.054965583374747,0.055430415777360,0.055589883827891),.UNSPECIFIED.);
#8336=EDGE_CURVE('',#8035,#8182,#8335,.T.);
#8337=ORIENTED_EDGE('',*,*,#8336,.T.);
#8338=ORIENTED_EDGE('',*,*,#8187,.T.);
#8339=EDGE_LOOP('',(#8308,#8309,#8337,#8338));
#8340=FACE_OUTER_BOUND('',#8339,.T.);
#8341=ADVANCED_FACE('',(#8340),#8280,.T.);
#8342=CARTESIAN_POINT('',(-14.092546424138748,-1.360482121513181,0.0));
#8343=CARTESIAN_POINT('',(-14.092303642058667,-1.360962619748044,0.0));
#8344=CARTESIAN_POINT('',(-14.091353176043027,-1.362843719220694,0.0));
#8345=CARTESIAN_POINT('',(-14.089261117693441,-1.366984182733889,0.0));
#8346=CARTESIAN_POINT('',(-14.085867334148499,-1.373700934655267,0.0));
#8347=CARTESIAN_POINT('',(-14.081264805779373,-1.382809954384275,0.0));
#8348=CARTESIAN_POINT('',(-14.075546512957100,-1.394127221320312,0.0));
#8349=CARTESIAN_POINT('',(-14.068805436052795,-1.407468714862785,0.0));
#8350=CARTESIAN_POINT('',(-14.061134555437572,-1.422650414411133,0.0));
#8351=CARTESIAN_POINT('',(-14.049315717156315,-1.446041477418938,0.0));
#8352=CARTESIAN_POINT('',(-14.032915012810619,-1.478500666688965,0.0));
#8353=CARTESIAN_POINT('',(-14.003822487810620,-1.536078667938959,0.0));
#8354=CARTESIAN_POINT('',(-13.965597224138735,-1.611731581513179,0.0));
#8355=CARTESIAN_POINT('',(-13.927371960466861,-1.687384495087399,0.0));
#8356=CARTESIAN_POINT('',(-13.898279435466868,-1.744962496337398,0.0));
#8357=CARTESIAN_POINT('',(-13.881878731121160,-1.777421685607416,0.0));
#8358=CARTESIAN_POINT('',(-13.870059892839919,-1.800812748615233,0.0));
#8359=CARTESIAN_POINT('',(-13.862389012224680,-1.815994448163569,0.0));
#8360=CARTESIAN_POINT('',(-13.855647935320384,-1.829335941706051,0.0));
#8361=CARTESIAN_POINT('',(-13.849929642498122,-1.840653208642087,0.0));
#8362=CARTESIAN_POINT('',(-13.845327114128983,-1.849762228371090,0.0));
#8363=CARTESIAN_POINT('',(-13.841933330584052,-1.856478980292473,0.0));
#8364=CARTESIAN_POINT('',(-13.839841272234450,-1.860619443805660,0.0));
#8365=CARTESIAN_POINT('',(-13.838890806218828,-1.862500543278316,0.0));
#8366=CARTESIAN_POINT('',(-13.838648024138749,-1.862981041513180,0.0));
#8367=CARTESIAN_POINT('',(-14.092546424138748,-1.360482121513181,1.140000000000000));
#8368=CARTESIAN_POINT('',(-14.092303642058667,-1.360962619748044,1.140000000000000));
#8369=CARTESIAN_POINT('',(-14.091353176043027,-1.362843719220694,1.140000000000000));
#8370=CARTESIAN_POINT('',(-14.089261117693441,-1.366984182733889,1.140000000000000));
#8371=CARTESIAN_POINT('',(-14.085867334148499,-1.373700934655267,1.140000000000000));
#8372=CARTESIAN_POINT('',(-14.081264805779373,-1.382809954384275,1.140000000000000));
#8373=CARTESIAN_POINT('',(-14.075546512957100,-1.394127221320312,1.140000000000000));
#8374=CARTESIAN_POINT('',(-14.068805436052795,-1.407468714862785,1.140000000000000));
#8375=CARTESIAN_POINT('',(-14.061134555437572,-1.422650414411133,1.140000000000000));
#8376=CARTESIAN_POINT('',(-14.049315717156315,-1.446041477418938,1.140000000000000));
#8377=CARTESIAN_POINT('',(-14.032915012810619,-1.478500666688965,1.140000000000000));
#8378=CARTESIAN_POINT('',(-14.003822487810620,-1.536078667938959,1.140000000000000));
#8379=CARTESIAN_POINT('',(-13.965597224138735,-1.611731581513179,1.140000000000000));
#8380=CARTESIAN_POINT('',(-13.927371960466861,-1.687384495087399,1.140000000000000));
#8381=CARTESIAN_POINT('',(-13.898279435466868,-1.744962496337398,1.140000000000000));
#8382=CARTESIAN_POINT('',(-13.881878731121160,-1.777421685607416,1.140000000000000));
#8383=CARTESIAN_POINT('',(-13.870059892839919,-1.800812748615233,1.140000000000000));
#8384=CARTESIAN_POINT('',(-13.862389012224680,-1.815994448163569,1.140000000000000));
#8385=CARTESIAN_POINT('',(-13.855647935320384,-1.829335941706051,1.140000000000000));
#8386=CARTESIAN_POINT('',(-13.849929642498122,-1.840653208642087,1.140000000000000));
#8387=CARTESIAN_POINT('',(-13.845327114128983,-1.849762228371090,1.140000000000000));
#8388=CARTESIAN_POINT('',(-13.841933330584052,-1.856478980292473,1.140000000000000));
#8389=CARTESIAN_POINT('',(-13.839841272234450,-1.860619443805660,1.140000000000000));
#8390=CARTESIAN_POINT('',(-13.838890806218828,-1.862500543278316,1.140000000000000));
#8391=CARTESIAN_POINT('',(-13.838648024138749,-1.862981041513180,1.140000000000000));
#8392=B_SPLINE_SURFACE_WITH_KNOTS('',3,1,((#8342,#8367),(#8343,#8368),(#8344,#8369),(#8345,#8370),(#8346,#8371),(#8347,#8372),(#8348,#8373),(#8349,#8374),(#8350,#8375),(#8351,#8376),(#8352,#8377),(#8353,#8378),(#8354,#8379),(#8355,#8380),(#8356,#8381),(#8357,#8382),(#8358,#8383),(#8359,#8384),(#8360,#8385),(#8361,#8386),(#8362,#8387),(#8363,#8388),(#8364,#8389),(#8365,#8390),(#8366,#8391)),.UNSPECIFIED.,.F.,.F.,.U.,(4,1,1,1,1,1,1,1,1,1,1,1,1,1,1,1,1,1,1,1,1,1,4),(2,2),(0.0,0.000161505270163,0.000632275951274,0.001391694349272,0.002419142770093,0.003694003519673,0.005195658903949,0.006903491228858,0.008796882800337,0.013057872906750,0.017813687670683,0.028150024961078,0.038486362251474,0.043242177015406,0.047503167121819,0.049396558693298,0.051104391018207,0.052606046402483,0.053880907152063,0.054908355572884,0.055667773970882,0.056138544651993,0.056300049922156),(0.0,0.114000000000000),.UNSPECIFIED.);
#8393=CARTESIAN_POINT('',(-13.838648024138749,-1.862981041513180,1.140000000000000));
#8394=VERTEX_POINT('',#8393);
#8395=CARTESIAN_POINT('',(-13.838648024138749,-1.862981041513180,1.140000000000000));
#8396=CARTESIAN_POINT('',(-13.838890806218828,-1.862500543278316,1.140000000000000));
#8397=CARTESIAN_POINT('',(-13.839841272234450,-1.860619443805660,1.140000000000000));
#8398=CARTESIAN_POINT('',(-13.841933330584052,-1.856478980292473,1.140000000000000));
#8399=CARTESIAN_POINT('',(-13.845327114128983,-1.849762228371090,1.140000000000000));
#8400=CARTESIAN_POINT('',(-13.849929642498122,-1.840653208642087,1.140000000000000));
#8401=CARTESIAN_POINT('',(-13.855647935320384,-1.829335941706051,1.140000000000000));
#8402=CARTESIAN_POINT('',(-13.862389012224680,-1.815994448163569,1.140000000000000));
#8403=CARTESIAN_POINT('',(-13.870059892839919,-1.800812748615233,1.140000000000000));
#8404=CARTESIAN_POINT('',(-13.881878731121160,-1.777421685607416,1.140000000000000));
#8405=CARTESIAN_POINT('',(-13.898279435466868,-1.744962496337398,1.140000000000000));
#8406=CARTESIAN_POINT('',(-13.927371960466861,-1.687384495087399,1.140000000000000));
#8407=CARTESIAN_POINT('',(-13.965597224138735,-1.611731581513179,1.140000000000000));
#8408=CARTESIAN_POINT('',(-14.003822487810620,-1.536078667938959,1.140000000000000));
#8409=CARTESIAN_POINT('',(-14.032915012810619,-1.478500666688965,1.140000000000000));
#8410=CARTESIAN_POINT('',(-14.049315717156315,-1.446041477418938,1.140000000000000));
#8411=CARTESIAN_POINT('',(-14.061134555437572,-1.422650414411133,1.140000000000000));
#8412=CARTESIAN_POINT('',(-14.068805436052795,-1.407468714862785,1.140000000000000));
#8413=CARTESIAN_POINT('',(-14.075546512957100,-1.394127221320312,1.140000000000000));
#8414=CARTESIAN_POINT('',(-14.081264805779373,-1.382809954384275,1.140000000000000));
#8415=CARTESIAN_POINT('',(-14.085867334148499,-1.373700934655267,1.140000000000000));
#8416=CARTESIAN_POINT('',(-14.089261117693441,-1.366984182733889,1.140000000000000));
#8417=CARTESIAN_POINT('',(-14.091353176043027,-1.362843719220694,1.140000000000000));
#8418=CARTESIAN_POINT('',(-14.092303642058667,-1.360962619748044,1.140000000000000));
#8419=CARTESIAN_POINT('',(-14.092546424138748,-1.360482121513181,1.140000000000000));
#8420=B_SPLINE_CURVE_WITH_KNOTS('',3,(#8395,#8396,#8397,#8398,#8399,#8400,#8401,#8402,#8403,#8404,#8405,#8406,#8407,#8408,#8409,#8410,#8411,#8412,#8413,#8414,#8415,#8416,#8417,#8418,#8419),.UNSPECIFIED.,.F.,.U.,(4,1,1,1,1,1,1,1,1,1,1,1,1,1,1,1,1,1,1,1,1,1,4),(0.0,0.000161505270162,0.000632275951274,0.001391694349272,0.002419142770093,0.003694003519673,0.005195658903949,0.006903491228858,0.008796882800337,0.013057872906750,0.017813687670682,0.028150024961077,0.038486362251473,0.043242177015406,0.047503167121819,0.049396558693298,0.051104391018206,0.052606046402483,0.053880907152063,0.054908355572884,0.055667773970882,0.056138544651993,0.056300049922156),.UNSPECIFIED.);
#8421=EDGE_CURVE('',#8394,#7865,#8420,.T.);
#8422=ORIENTED_EDGE('',*,*,#8421,.T.);
#8423=ORIENTED_EDGE('',*,*,#7938,.F.);
#8424=CARTESIAN_POINT('',(-13.838648024138749,-1.862981041513180,0.0));
#8425=VERTEX_POINT('',#8424);
#8426=CARTESIAN_POINT('',(-14.092546424138748,-1.360482121513181,0.0));
#8427=CARTESIAN_POINT('',(-14.092303642058667,-1.360962619748044,0.0));
#8428=CARTESIAN_POINT('',(-14.091353176043027,-1.362843719220694,0.0));
#8429=CARTESIAN_POINT('',(-14.089261117693441,-1.366984182733889,0.0));
#8430=CARTESIAN_POINT('',(-14.085867334148499,-1.373700934655267,0.0));
#8431=CARTESIAN_POINT('',(-14.081264805779373,-1.382809954384275,0.0));
#8432=CARTESIAN_POINT('',(-14.075546512957100,-1.394127221320312,0.0));
#8433=CARTESIAN_POINT('',(-14.068805436052795,-1.407468714862785,0.0));
#8434=CARTESIAN_POINT('',(-14.061134555437572,-1.422650414411133,0.0));
#8435=CARTESIAN_POINT('',(-14.049315717156315,-1.446041477418938,0.0));
#8436=CARTESIAN_POINT('',(-14.032915012810619,-1.478500666688965,0.0));
#8437=CARTESIAN_POINT('',(-14.003822487810620,-1.536078667938959,0.0));
#8438=CARTESIAN_POINT('',(-13.965597224138735,-1.611731581513179,0.0));
#8439=CARTESIAN_POINT('',(-13.927371960466861,-1.687384495087399,0.0));
#8440=CARTESIAN_POINT('',(-13.898279435466868,-1.744962496337398,0.0));
#8441=CARTESIAN_POINT('',(-13.881878731121160,-1.777421685607416,0.0));
#8442=CARTESIAN_POINT('',(-13.870059892839919,-1.800812748615233,0.0));
#8443=CARTESIAN_POINT('',(-13.862389012224680,-1.815994448163569,0.0));
#8444=CARTESIAN_POINT('',(-13.855647935320384,-1.829335941706051,0.0));
#8445=CARTESIAN_POINT('',(-13.849929642498122,-1.840653208642087,0.0));
#8446=CARTESIAN_POINT('',(-13.845327114128983,-1.849762228371090,0.0));
#8447=CARTESIAN_POINT('',(-13.841933330584052,-1.856478980292473,0.0));
#8448=CARTESIAN_POINT('',(-13.839841272234450,-1.860619443805660,0.0));
#8449=CARTESIAN_POINT('',(-13.838890806218828,-1.862500543278316,0.0));
#8450=CARTESIAN_POINT('',(-13.838648024138749,-1.862981041513180,0.0));
#8451=B_SPLINE_CURVE_WITH_KNOTS('',3,(#8426,#8427,#8428,#8429,#8430,#8431,#8432,#8433,#8434,#8435,#8436,#8437,#8438,#8439,#8440,#8441,#8442,#8443,#8444,#8445,#8446,#8447,#8448,#8449,#8450),.UNSPECIFIED.,.F.,.U.,(4,1,1,1,1,1,1,1,1,1,1,1,1,1,1,1,1,1,1,1,1,1,4),(0.0,0.000161505270163,0.000632275951274,0.001391694349272,0.002419142770093,0.003694003519673,0.005195658903949,0.006903491228858,0.008796882800337,0.013057872906750,0.017813687670683,0.028150024961078,0.038486362251474,0.043242177015406,0.047503167121819,0.049396558693298,0.051104391018207,0.052606046402483,0.053880907152063,0.054908355572884,0.055667773970882,0.056138544651993,0.056300049922156),.UNSPECIFIED.);
#8452=EDGE_CURVE('',#7905,#8425,#8451,.T.);
#8453=ORIENTED_EDGE('',*,*,#8452,.T.);
#8454=CARTESIAN_POINT('',(-13.838648024138749,-1.862981041513180,0.0));
#8455=DIRECTION('',(0.0,0.0,1.0));
#8456=VECTOR('',#8455,1.140000000000000);
#8457=LINE('',#8454,#8456);
#8458=EDGE_CURVE('',#8425,#8394,#8457,.T.);
#8459=ORIENTED_EDGE('',*,*,#8458,.T.);
#8460=EDGE_LOOP('',(#8422,#8423,#8453,#8459));
#8461=FACE_OUTER_BOUND('',#8460,.T.);
#8462=ADVANCED_FACE('',(#8461),#8392,.T.);
#8463=CARTESIAN_POINT('',(-13.838648024138749,-1.862981041513180,0.0));
#8464=CARTESIAN_POINT('',(-13.837285679241692,-1.862981041514449,0.0));
#8465=CARTESIAN_POINT('',(-13.832012086091796,-1.862981041519361,0.0));
#8466=CARTESIAN_POINT('',(-13.820542021018284,-1.862981041405966,0.0));
#8467=CARTESIAN_POINT('',(-13.802216284639199,-1.862981042249430,0.0));
#8468=CARTESIAN_POINT('',(-13.777825917382760,-1.862981037482530,0.0));
#8469=CARTESIAN_POINT('',(-13.748161950673909,-1.862981061149827,0.0));
#8470=CARTESIAN_POINT('',(-13.700348073133057,-1.862980909249581,0.0));
#8471=CARTESIAN_POINT('',(-13.603445342508515,-1.862982968487648,0.0));
#8472=CARTESIAN_POINT('',(-13.489539017200807,-1.862968142891758,0.0));
#8473=CARTESIAN_POINT('',(-13.377028378519530,-1.863001153531407,0.0));
#8474=CARTESIAN_POINT('',(-13.313101652563619,-1.862930826146384,0.0));
#8475=CARTESIAN_POINT('',(-13.268777313742756,-1.863048811671056,0.0));
#8476=CARTESIAN_POINT('',(-13.242599321450076,-1.862786583933502,0.0));
#8477=CARTESIAN_POINT('',(-13.222014143208348,-1.863463221909347,0.0));
#8478=CARTESIAN_POINT('',(-13.208484402049818,-1.862049360479114,0.0));
#8479=CARTESIAN_POINT('',(-13.200864821381799,-1.863986172740979,0.0));
#8480=CARTESIAN_POINT('',(-13.196901617704622,-1.861784805311569,0.0));
#8481=CARTESIAN_POINT('',(-13.195602771945511,-1.854756629427335,0.0));
#8482=CARTESIAN_POINT('',(-13.189129752253425,-1.844872639149557,0.0));
#8483=CARTESIAN_POINT('',(-13.181715622281743,-1.828357078105898,0.0));
#8484=CARTESIAN_POINT('',(-13.171320616334039,-1.807940908546115,0.0));
#8485=CARTESIAN_POINT('',(-13.154203694800231,-1.773078840457508,0.0));
#8486=CARTESIAN_POINT('',(-13.129309798059355,-1.722924701988990,0.0));
#8487=CARTESIAN_POINT('',(-13.085631670740923,-1.634571822451940,0.0));
#8488=CARTESIAN_POINT('',(-13.041370185116568,-1.545148136300667,0.0));
#8489=CARTESIAN_POINT('',(-13.003728552049827,-1.469065685027446,0.0));
#8490=CARTESIAN_POINT('',(-12.985154360617159,-1.431525588303427,0.0));
#8491=CARTESIAN_POINT('',(-12.973630941657932,-1.408235464557960,0.0));
#8492=CARTESIAN_POINT('',(-12.964156111743597,-1.389085824129542,0.0));
#8493=CARTESIAN_POINT('',(-12.957037188912054,-1.374697712833770,0.0));
#8494=CARTESIAN_POINT('',(-12.952581459736439,-1.365692204771580,0.0));
#8495=CARTESIAN_POINT('',(-12.950532848665425,-1.361551741254971,0.0));
#8496=CARTESIAN_POINT('',(-12.950003624138747,-1.360482121513181,0.0));
#8497=CARTESIAN_POINT('',(-13.838648024138749,-1.862981041513180,1.140000000000000));
#8498=CARTESIAN_POINT('',(-13.837285679241692,-1.862981041514449,1.140000000000000));
#8499=CARTESIAN_POINT('',(-13.832012086091796,-1.862981041519361,1.140000000000000));
#8500=CARTESIAN_POINT('',(-13.820542021018284,-1.862981041405966,1.140000000000000));
#8501=CARTESIAN_POINT('',(-13.802216284639199,-1.862981042249430,1.140000000000000));
#8502=CARTESIAN_POINT('',(-13.777825917382760,-1.862981037482530,1.140000000000000));
#8503=CARTESIAN_POINT('',(-13.748161950673909,-1.862981061149827,1.140000000000000));
#8504=CARTESIAN_POINT('',(-13.700348073133057,-1.862980909249581,1.140000000000000));
#8505=CARTESIAN_POINT('',(-13.603445342508515,-1.862982968487648,1.140000000000000));
#8506=CARTESIAN_POINT('',(-13.489539017200807,-1.862968142891758,1.140000000000000));
#8507=CARTESIAN_POINT('',(-13.377028378519530,-1.863001153531407,1.140000000000000));
#8508=CARTESIAN_POINT('',(-13.313101652563619,-1.862930826146384,1.140000000000000));
#8509=CARTESIAN_POINT('',(-13.268777313742756,-1.863048811671056,1.140000000000000));
#8510=CARTESIAN_POINT('',(-13.242599321450076,-1.862786583933502,1.140000000000000));
#8511=CARTESIAN_POINT('',(-13.222014143208348,-1.863463221909347,1.140000000000000));
#8512=CARTESIAN_POINT('',(-13.208484402049818,-1.862049360479114,1.140000000000000));
#8513=CARTESIAN_POINT('',(-13.200864821381799,-1.863986172740979,1.140000000000000));
#8514=CARTESIAN_POINT('',(-13.196901617704622,-1.861784805311569,1.140000000000000));
#8515=CARTESIAN_POINT('',(-13.195602771945511,-1.854756629427335,1.140000000000000));
#8516=CARTESIAN_POINT('',(-13.189129752253425,-1.844872639149557,1.140000000000000));
#8517=CARTESIAN_POINT('',(-13.181715622281743,-1.828357078105898,1.140000000000000));
#8518=CARTESIAN_POINT('',(-13.171320616334039,-1.807940908546115,1.140000000000000));
#8519=CARTESIAN_POINT('',(-13.154203694800231,-1.773078840457508,1.140000000000000));
#8520=CARTESIAN_POINT('',(-13.129309798059355,-1.722924701988990,1.140000000000000));
#8521=CARTESIAN_POINT('',(-13.085631670740923,-1.634571822451940,1.140000000000000));
#8522=CARTESIAN_POINT('',(-13.041370185116568,-1.545148136300667,1.140000000000000));
#8523=CARTESIAN_POINT('',(-13.003728552049827,-1.469065685027446,1.140000000000000));
#8524=CARTESIAN_POINT('',(-12.985154360617159,-1.431525588303427,1.140000000000000));
#8525=CARTESIAN_POINT('',(-12.973630941657932,-1.408235464557960,1.140000000000000));
#8526=CARTESIAN_POINT('',(-12.964156111743597,-1.389085824129542,1.140000000000000));
#8527=CARTESIAN_POINT('',(-12.957037188912054,-1.374697712833770,1.140000000000000));
#8528=CARTESIAN_POINT('',(-12.952581459736439,-1.365692204771580,1.140000000000000));
#8529=CARTESIAN_POINT('',(-12.950532848665425,-1.361551741254971,1.140000000000000));
#8530=CARTESIAN_POINT('',(-12.950003624138747,-1.360482121513181,1.140000000000000));
#8531=B_SPLINE_SURFACE_WITH_KNOTS('',3,1,((#8463,#8497),(#8464,#8498),(#8465,#8499),(#8466,#8500),(#8467,#8501),(#8468,#8502),(#8469,#8503),(#8470,#8504),(#8471,#8505),(#8472,#8506),(#8473,#8507),(#8474,#8508),(#8475,#8509),(#8476,#8510),(#8477,#8511),(#8478,#8512),(#8479,#8513),(#8480,#8514),(#8481,#8515),(#8482,#8516),(#8483,#8517),(#8484,#8518),(#8485,#8519),(#8486,#8520),(#8487,#8521),(#8488,#8522),(#8489,#8523),(#8490,#8524),(#8491,#8525),(#8492,#8526),(#8493,#8527),(#8494,#8528),(#8495,#8529),(#8496,#8530)),.UNSPECIFIED.,.F.,.F.,.U.,(4,1,1,1,1,1,1,1,1,1,1,1,1,1,1,1,1,1,1,1,1,1,1,1,1,1,1,1,1,1,1,4),(2,2),(0.0,0.000408703469033,0.001582077944642,0.003441019529595,0.005906424326662,0.008899188438607,0.012340207968201,0.020250597691407,0.037969870671388,0.046513091572449,0.054001593843751,0.057152565750161,0.059802546307435,0.061872431618341,0.063283117785646,0.063955500912118,0.064029493457991,0.064618486127668,0.065854215846401,0.067667389358935,0.069988713410012,0.072748894744379,0.079308656241953,0.086792327809607,0.102314016986964,0.109243342512570,0.112257599116209,0.114879193940063,0.117038833728877,0.118667225227394,0.119695075180359,0.120053090332515),(0.0,0.114000000000000),.UNSPECIFIED.);
#8532=CARTESIAN_POINT('',(-12.950003624138747,-1.360482121513181,1.140000000000000));
#8533=CARTESIAN_POINT('',(-12.950532848665425,-1.361551741254971,1.140000000000000));
#8534=CARTESIAN_POINT('',(-12.952581459736439,-1.365692204771580,1.140000000000000));
#8535=CARTESIAN_POINT('',(-12.957037188912054,-1.374697712833770,1.140000000000000));
#8536=CARTESIAN_POINT('',(-12.964156111743597,-1.389085824129542,1.140000000000000));
#8537=CARTESIAN_POINT('',(-12.973630941657932,-1.408235464557960,1.140000000000000));
#8538=CARTESIAN_POINT('',(-12.985154360617159,-1.431525588303427,1.140000000000000));
#8539=CARTESIAN_POINT('',(-13.003728552049827,-1.469065685027446,1.140000000000000));
#8540=CARTESIAN_POINT('',(-13.041370185116568,-1.545148136300667,1.140000000000000));
#8541=CARTESIAN_POINT('',(-13.085631670740923,-1.634571822451940,1.140000000000000));
#8542=CARTESIAN_POINT('',(-13.129309798059355,-1.722924701988990,1.140000000000000));
#8543=CARTESIAN_POINT('',(-13.154203694800231,-1.773078840457508,1.140000000000000));
#8544=CARTESIAN_POINT('',(-13.171320616334039,-1.807940908546115,1.140000000000000));
#8545=CARTESIAN_POINT('',(-13.181715622281743,-1.828357078105898,1.140000000000000));
#8546=CARTESIAN_POINT('',(-13.189129752253425,-1.844872639149557,1.140000000000000));
#8547=CARTESIAN_POINT('',(-13.195602771945511,-1.854756629427335,1.140000000000000));
#8548=CARTESIAN_POINT('',(-13.196901617704622,-1.861784805311569,1.140000000000000));
#8549=CARTESIAN_POINT('',(-13.200864821381799,-1.863986172740979,1.140000000000000));
#8550=CARTESIAN_POINT('',(-13.208484402049818,-1.862049360479114,1.140000000000000));
#8551=CARTESIAN_POINT('',(-13.222014143208348,-1.863463221909347,1.140000000000000));
#8552=CARTESIAN_POINT('',(-13.242599321450076,-1.862786583933502,1.140000000000000));
#8553=CARTESIAN_POINT('',(-13.268777313742756,-1.863048811671056,1.140000000000000));
#8554=CARTESIAN_POINT('',(-13.313101652563619,-1.862930826146384,1.140000000000000));
#8555=CARTESIAN_POINT('',(-13.377028378519530,-1.863001153531407,1.140000000000000));
#8556=CARTESIAN_POINT('',(-13.489539017200807,-1.862968142891758,1.140000000000000));
#8557=CARTESIAN_POINT('',(-13.603445342508515,-1.862982968487648,1.140000000000000));
#8558=CARTESIAN_POINT('',(-13.700348073133057,-1.862980909249581,1.140000000000000));
#8559=CARTESIAN_POINT('',(-13.748161950673909,-1.862981061149827,1.140000000000000));
#8560=CARTESIAN_POINT('',(-13.777825917382760,-1.862981037482530,1.140000000000000));
#8561=CARTESIAN_POINT('',(-13.802216284639199,-1.862981042249430,1.140000000000000));
#8562=CARTESIAN_POINT('',(-13.820542021018284,-1.862981041405966,1.140000000000000));
#8563=CARTESIAN_POINT('',(-13.832012086091796,-1.862981041519361,1.140000000000000));
#8564=CARTESIAN_POINT('',(-13.837285679241692,-1.862981041514449,1.140000000000000));
#8565=CARTESIAN_POINT('',(-13.838648024138749,-1.862981041513180,1.140000000000000));
#8566=B_SPLINE_CURVE_WITH_KNOTS('',3,(#8532,#8533,#8534,#8535,#8536,#8537,#8538,#8539,#8540,#8541,#8542,#8543,#8544,#8545,#8546,#8547,#8548,#8549,#8550,#8551,#8552,#8553,#8554,#8555,#8556,#8557,#8558,#8559,#8560,#8561,#8562,#8563,#8564,#8565),.UNSPECIFIED.,.F.,.U.,(4,1,1,1,1,1,1,1,1,1,1,1,1,1,1,1,1,1,1,1,1,1,1,1,1,1,1,1,1,1,1,4),(0.0,0.000358015152156,0.001385865105121,0.003014256603638,0.005173896392452,0.007795491216306,0.010809747819945,0.017739073345551,0.033260762522908,0.040744434090562,0.047304195588136,0.050064376922503,0.052385700973580,0.054198874486114,0.055434604204847,0.056023596874524,0.056097589420397,0.056769972546869,0.058180658714174,0.060250544025080,0.062900524582354,0.066051496488764,0.073539998760066,0.082083219661127,0.099802492641108,0.107712882364314,0.111153901893908,0.114146666005853,0.116612070802920,0.118471012387873,0.119644386863482,0.120053090332515),.UNSPECIFIED.);
#8567=EDGE_CURVE('',#7997,#8394,#8566,.T.);
#8568=ORIENTED_EDGE('',*,*,#8567,.T.);
#8569=ORIENTED_EDGE('',*,*,#8458,.F.);
#8570=CARTESIAN_POINT('',(-13.838648024138749,-1.862981041513180,0.0));
#8571=CARTESIAN_POINT('',(-13.837285679241692,-1.862981041514449,0.0));
#8572=CARTESIAN_POINT('',(-13.832012086091796,-1.862981041519361,0.0));
#8573=CARTESIAN_POINT('',(-13.820542021018284,-1.862981041405966,0.0));
#8574=CARTESIAN_POINT('',(-13.802216284639199,-1.862981042249430,0.0));
#8575=CARTESIAN_POINT('',(-13.777825917382760,-1.862981037482530,0.0));
#8576=CARTESIAN_POINT('',(-13.748161950673909,-1.862981061149827,0.0));
#8577=CARTESIAN_POINT('',(-13.700348073133057,-1.862980909249581,0.0));
#8578=CARTESIAN_POINT('',(-13.603445342508515,-1.862982968487648,0.0));
#8579=CARTESIAN_POINT('',(-13.489539017200807,-1.862968142891758,0.0));
#8580=CARTESIAN_POINT('',(-13.377028378519530,-1.863001153531407,0.0));
#8581=CARTESIAN_POINT('',(-13.313101652563619,-1.862930826146384,0.0));
#8582=CARTESIAN_POINT('',(-13.268777313742756,-1.863048811671056,0.0));
#8583=CARTESIAN_POINT('',(-13.242599321450076,-1.862786583933502,0.0));
#8584=CARTESIAN_POINT('',(-13.222014143208348,-1.863463221909347,0.0));
#8585=CARTESIAN_POINT('',(-13.208484402049818,-1.862049360479114,0.0));
#8586=CARTESIAN_POINT('',(-13.200864821381799,-1.863986172740979,0.0));
#8587=CARTESIAN_POINT('',(-13.196901617704622,-1.861784805311569,0.0));
#8588=CARTESIAN_POINT('',(-13.195602771945511,-1.854756629427335,0.0));
#8589=CARTESIAN_POINT('',(-13.189129752253425,-1.844872639149557,0.0));
#8590=CARTESIAN_POINT('',(-13.181715622281743,-1.828357078105898,0.0));
#8591=CARTESIAN_POINT('',(-13.171320616334039,-1.807940908546115,0.0));
#8592=CARTESIAN_POINT('',(-13.154203694800231,-1.773078840457508,0.0));
#8593=CARTESIAN_POINT('',(-13.129309798059355,-1.722924701988990,0.0));
#8594=CARTESIAN_POINT('',(-13.085631670740923,-1.634571822451940,0.0));
#8595=CARTESIAN_POINT('',(-13.041370185116568,-1.545148136300667,0.0));
#8596=CARTESIAN_POINT('',(-13.003728552049827,-1.469065685027446,0.0));
#8597=CARTESIAN_POINT('',(-12.985154360617159,-1.431525588303427,0.0));
#8598=CARTESIAN_POINT('',(-12.973630941657932,-1.408235464557960,0.0));
#8599=CARTESIAN_POINT('',(-12.964156111743597,-1.389085824129542,0.0));
#8600=CARTESIAN_POINT('',(-12.957037188912054,-1.374697712833770,0.0));
#8601=CARTESIAN_POINT('',(-12.952581459736439,-1.365692204771580,0.0));
#8602=CARTESIAN_POINT('',(-12.950532848665425,-1.361551741254971,0.0));
#8603=CARTESIAN_POINT('',(-12.950003624138747,-1.360482121513181,0.0));
#8604=B_SPLINE_CURVE_WITH_KNOTS('',3,(#8570,#8571,#8572,#8573,#8574,#8575,#8576,#8577,#8578,#8579,#8580,#8581,#8582,#8583,#8584,#8585,#8586,#8587,#8588,#8589,#8590,#8591,#8592,#8593,#8594,#8595,#8596,#8597,#8598,#8599,#8600,#8601,#8602,#8603),.UNSPECIFIED.,.F.,.U.,(4,1,1,1,1,1,1,1,1,1,1,1,1,1,1,1,1,1,1,1,1,1,1,1,1,1,1,1,1,1,1,4),(0.0,0.000408703469033,0.001582077944642,0.003441019529595,0.005906424326662,0.008899188438607,0.012340207968201,0.020250597691407,0.037969870671388,0.046513091572449,0.054001593843751,0.057152565750161,0.059802546307435,0.061872431618341,0.063283117785646,0.063955500912118,0.064029493457991,0.064618486127668,0.065854215846401,0.067667389358935,0.069988713410012,0.072748894744379,0.079308656241953,0.086792327809607,0.102314016986964,0.109243342512570,0.112257599116209,0.114879193940063,0.117038833728877,0.118667225227394,0.119695075180359,0.120053090332515),.UNSPECIFIED.);
#8605=EDGE_CURVE('',#8425,#8027,#8604,.T.);
#8606=ORIENTED_EDGE('',*,*,#8605,.T.);
#8607=ORIENTED_EDGE('',*,*,#8032,.T.);
#8608=EDGE_LOOP('',(#8568,#8569,#8606,#8607));
#8609=FACE_OUTER_BOUND('',#8608,.T.);
#8610=ADVANCED_FACE('',(#8609),#8531,.T.);
#8611=CARTESIAN_POINT('',(-13.523940576691157,-1.562815961246594,0.0));
#8612=DIRECTION('',(0.0,0.0,1.0));
#8613=DIRECTION('',(1.0,0.0,0.0));
#8614=AXIS2_PLACEMENT_3D('',#8611,#8612,#8613);
#8615=PLANE('',#8614);
#8616=ORIENTED_EDGE('',*,*,#8605,.F.);
#8617=ORIENTED_EDGE('',*,*,#8452,.F.);
#8618=ORIENTED_EDGE('',*,*,#7932,.F.);
#8619=ORIENTED_EDGE('',*,*,#8224,.F.);
#8620=ORIENTED_EDGE('',*,*,#8336,.F.);
#8621=ORIENTED_EDGE('',*,*,#8062,.F.);
#8622=EDGE_LOOP('',(#8616,#8617,#8618,#8619,#8620,#8621));
#8623=FACE_OUTER_BOUND('',#8622,.T.);
#8624=ADVANCED_FACE('',(#8623),#8615,.F.);
#8625=CARTESIAN_POINT('',(-13.523940576691153,-1.562815961246594,1.140000000000000));
#8626=DIRECTION('',(0.0,0.0,1.0));
#8627=DIRECTION('',(1.0,0.0,0.0));
#8628=AXIS2_PLACEMENT_3D('',#8625,#8626,#8627);
#8629=PLANE('',#8628);
#8630=ORIENTED_EDGE('',*,*,#8421,.F.);
#8631=ORIENTED_EDGE('',*,*,#8567,.F.);
#8632=ORIENTED_EDGE('',*,*,#8024,.F.);
#8633=ORIENTED_EDGE('',*,*,#8307,.F.);
#8634=ORIENTED_EDGE('',*,*,#8179,.F.);
#8635=ORIENTED_EDGE('',*,*,#7894,.F.);
#8636=EDGE_LOOP('',(#8630,#8631,#8632,#8633,#8634,#8635));
#8637=FACE_OUTER_BOUND('',#8636,.T.);
#8638=ADVANCED_FACE('',(#8637),#8629,.T.);
#8639=CLOSED_SHELL('',(#7942,#8072,#8229,#8341,#8462,#8610,#8624,#8638));
#8640=MANIFOLD_SOLID_BREP('\X2\5BE69AD4\X0\1',#8639);
#8641=STYLED_ITEM('',(#6828),#8640);
#8642=ADVANCED_BREP_SHAPE_REPRESENTATION('ABSR',(#8640),#7781);
#8643=SHAPE_REPRESENTATION_RELATIONSHIP('SRR','None',#8642,#7786);
#8644=AXIS2_PLACEMENT_3D('',#8645,#8646,#8647);
#8645=CARTESIAN_POINT('',(18.363074734931388,-1.095015136069743,-10.433545455160409));
#8646=DIRECTION('',(4.326911E-019,-1.171977E-019,1.0));
#8647=DIRECTION('',(1.0,1.144917E-016,-1.444447E-034));
#8648=NEXT_ASSEMBLY_USAGE_OCCURRENCE('PIN_CPY_CPY:1','PIN_CPY_CPY:1','PIN_CPY_CPY:1',#5708,#7757,'PIN_CPY_CPY:1');
#8649=PRODUCT_DEFINITION_SHAPE('PIN_CPY_CPY:1','PIN_CPY_CPY:1',#8648);
#8650=ITEM_DEFINED_TRANSFORMATION('PIN_CPY_CPY:1','PIN_CPY_CPY:1',#7782,#8644);
#8654=(REPRESENTATION_RELATIONSHIP('PIN_CPY_CPY:1','PIN_CPY_CPY:1',#7786,#5737)REPRESENTATION_RELATIONSHIP_WITH_TRANSFORMATION(#8650)SHAPE_REPRESENTATION_RELATIONSHIP());
#8655=CONTEXT_DEPENDENT_SHAPE_REPRESENTATION(#8654,#8649);
#8656=AXIS2_PLACEMENT_3D('',#8657,#8658,#8659);
#8657=CARTESIAN_POINT('',(-7.532862013190048,27.387195591309258,1.631058869405598));
#8658=DIRECTION('',(2.959370E-016,0.999999999999996,1.224647E-016));
#8659=DIRECTION('',(-0.999999999999997,2.959370E-016,-1.094764E-047));
#8660=NEXT_ASSEMBLY_USAGE_OCCURRENCE('JS1120-03N2:1','JS1120-03N2:1','JS1120-03N2:1',#12,#5708,'JS1120-03N2:1');
#8661=PRODUCT_DEFINITION_SHAPE('JS1120-03N2:1','JS1120-03N2:1',#8660);
#8662=ITEM_DEFINED_TRANSFORMATION('JS1120-03N2:1','JS1120-03N2:1',#5733,#8656);
#8666=(REPRESENTATION_RELATIONSHIP('JS1120-03N2:1','JS1120-03N2:1',#5737,#41)REPRESENTATION_RELATIONSHIP_WITH_TRANSFORMATION(#8662)SHAPE_REPRESENTATION_RELATIONSHIP());
#8667=CONTEXT_DEPENDENT_SHAPE_REPRESENTATION(#8666,#8661);
#8668=APPLICATION_CONTEXT('automotive design');
#8669=APPLICATION_PROTOCOL_DEFINITION('International Standard','automotive_design',2001,#8668);
#8670=PRODUCT_CONTEXT('',#8668,'mechanical');
#8671=PRODUCT('JS-1120-04','JS-1120-04',$,(#8670));
#8672=PRODUCT_RELATED_PRODUCT_CATEGORY('part',$,(#8671));
#8673=PRODUCT_DEFINITION_FORMATION('',$,#8671);
#8674=PRODUCT_DEFINITION_CONTEXT('part definition',#8668,'design');
#8675=PRODUCT_DEFINITION('',$,#8673,#8674);
#8681=(NAMED_UNIT(*)PLANE_ANGLE_UNIT()SI_UNIT($,.RADIAN.));
#8682=DIMENSIONAL_EXPONENTS(0.0,0.0,0.0,0.0,0.0,0.0,0.0);
#8683=PLANE_ANGLE_MEASURE_WITH_UNIT(PLANE_ANGLE_MEASURE(0.017453292500000),#8681);
#8687=(CONVERSION_BASED_UNIT('DEGREE',#8683)NAMED_UNIT(#8682)PLANE_ANGLE_UNIT());
#8691=(NAMED_UNIT(*)SI_UNIT($,.STERADIAN.)SOLID_ANGLE_UNIT());
#8695=(LENGTH_UNIT()NAMED_UNIT(*)SI_UNIT(.MILLI.,.METRE.));
#8697=UNCERTAINTY_MEASURE_WITH_UNIT(LENGTH_MEASURE(0.010000000000000),#8695,'DISTANCE_ACCURACY_VALUE','');
#8699=(GEOMETRIC_REPRESENTATION_CONTEXT(3)GLOBAL_UNCERTAINTY_ASSIGNED_CONTEXT((#8697))GLOBAL_UNIT_ASSIGNED_CONTEXT((#8687,#8691,#8695))REPRESENTATION_CONTEXT('None','None'));
#8700=AXIS2_PLACEMENT_3D('',#8701,#8702,#8703);
#8701=CARTESIAN_POINT('',(0.0,0.0,0.0));
#8702=DIRECTION('',(0.0,0.0,1.0));
#8703=DIRECTION('',(1.0,0.0,0.0));
#8704=SHAPE_REPRESENTATION('',(#8700),#8699);
#8705=PRODUCT_DEFINITION_SHAPE('','',#8675);
#8706=SHAPE_DEFINITION_REPRESENTATION(#8705,#8704);
#8712=(NAMED_UNIT(*)PLANE_ANGLE_UNIT()SI_UNIT($,.RADIAN.));
#8713=DIMENSIONAL_EXPONENTS(0.0,0.0,0.0,0.0,0.0,0.0,0.0);
#8714=PLANE_ANGLE_MEASURE_WITH_UNIT(PLANE_ANGLE_MEASURE(0.017453292500000),#8712);
#8718=(CONVERSION_BASED_UNIT('DEGREE',#8714)NAMED_UNIT(#8713)PLANE_ANGLE_UNIT());
#8722=(NAMED_UNIT(*)SI_UNIT($,.STERADIAN.)SOLID_ANGLE_UNIT());
#8726=(LENGTH_UNIT()NAMED_UNIT(*)SI_UNIT(.MILLI.,.METRE.));
#8728=UNCERTAINTY_MEASURE_WITH_UNIT(LENGTH_MEASURE(0.000001000000000),#8726,'DISTANCE_ACCURACY_VALUE','');
#8730=(GEOMETRIC_REPRESENTATION_CONTEXT(3)GLOBAL_UNCERTAINTY_ASSIGNED_CONTEXT((#8728))GLOBAL_UNIT_ASSIGNED_CONTEXT((#8718,#8722,#8726))REPRESENTATION_CONTEXT('','3D'));
#8731=CARTESIAN_POINT('',(0.762110421620702,4.666188666764725,15.189563498671870));
#8732=DIRECTION('',(0.0,1.0,0.0));
#8733=DIRECTION('',(-0.707106781186546,0.0,0.707106781186549));
#8734=AXIS2_PLACEMENT_3D('',#8731,#8732,#8733);
#8735=CYLINDRICAL_SURFACE('',#8734,0.700000000000000);
#8736=CARTESIAN_POINT('',(0.762110421620702,3.167401906158773,15.889563498671871));
#8737=VERTEX_POINT('',#8736);
#8738=CARTESIAN_POINT('',(0.062110421620702,3.167401906158773,15.189563498671870));
#8739=VERTEX_POINT('',#8738);
#8740=CARTESIAN_POINT('',(0.762110421620702,3.167401906158773,15.189563498671870));
#8741=DIRECTION('',(0.0,-1.0,0.0));
#8742=DIRECTION('',(-0.707106781186546,0.0,0.707106781186549));
#8743=AXIS2_PLACEMENT_3D('',#8740,#8741,#8742);
#8744=CIRCLE('',#8743,0.700000000000000);
#8745=EDGE_CURVE('',#8737,#8739,#8744,.T.);
#8746=ORIENTED_EDGE('',*,*,#8745,.T.);
#8747=CARTESIAN_POINT('',(0.062110421620702,-0.031058869405598,15.189563498671870));
#8748=VERTEX_POINT('',#8747);
#8749=CARTESIAN_POINT('',(0.062110421620702,3.167401906158773,15.189563498671870));
#8750=DIRECTION('',(0.0,-1.0,0.0));
#8751=VECTOR('',#8750,3.198460775564371);
#8752=LINE('',#8749,#8751);
#8753=EDGE_CURVE('',#8739,#8748,#8752,.T.);
#8754=ORIENTED_EDGE('',*,*,#8753,.T.);
#8755=CARTESIAN_POINT('',(0.762110421620702,-0.031058869405598,15.889563498671871));
#8756=VERTEX_POINT('',#8755);
#8757=CARTESIAN_POINT('',(0.762110421620702,-0.031058869405598,15.189563498671870));
#8758=DIRECTION('',(0.0,1.0,0.0));
#8759=DIRECTION('',(-0.707106781186546,0.0,0.707106781186549));
#8760=AXIS2_PLACEMENT_3D('',#8757,#8758,#8759);
#8761=CIRCLE('',#8760,0.700000000000000);
#8762=EDGE_CURVE('',#8748,#8756,#8761,.T.);
#8763=ORIENTED_EDGE('',*,*,#8762,.T.);
#8764=CARTESIAN_POINT('',(0.762110421620702,-0.031058869405598,15.889563498671871));
#8765=DIRECTION('',(0.0,1.0,0.0));
#8766=VECTOR('',#8765,3.198460775564371);
#8767=LINE('',#8764,#8766);
#8768=EDGE_CURVE('',#8756,#8737,#8767,.T.);
#8769=ORIENTED_EDGE('',*,*,#8768,.T.);
#8770=EDGE_LOOP('',(#8746,#8754,#8763,#8769));
#8771=FACE_OUTER_BOUND('',#8770,.T.);
#8772=ADVANCED_FACE('',(#8771),#8735,.T.);
#8773=CARTESIAN_POINT('',(0.062110421620702,3.167401906158773,0.0));
#8774=DIRECTION('',(0.0,1.0,0.0));
#8775=DIRECTION('',(0.0,0.0,1.0));
#8776=AXIS2_PLACEMENT_3D('',#8773,#8774,#8775);
#8777=PLANE('',#8776);
#8778=ORIENTED_EDGE('',*,*,#8745,.F.);
#8779=CARTESIAN_POINT('',(6.155561383429404,3.167401906158773,15.889563498671871));
#8780=VERTEX_POINT('',#8779);
#8781=CARTESIAN_POINT('',(0.762110421620702,3.167401906158773,15.889563498671871));
#8782=DIRECTION('',(1.0,0.0,0.0));
#8783=VECTOR('',#8782,5.393450961808703);
#8784=LINE('',#8781,#8783);
#8785=EDGE_CURVE('',#8737,#8780,#8784,.T.);
#8786=ORIENTED_EDGE('',*,*,#8785,.T.);
#8787=CARTESIAN_POINT('',(6.855561383429404,3.167401906158773,15.189563498671870));
#8788=VERTEX_POINT('',#8787);
#8789=CARTESIAN_POINT('',(6.155561383429404,3.167401906158773,15.189563498671870));
#8790=DIRECTION('',(0.0,-1.000000000000000,0.0));
#8791=DIRECTION('',(0.707106781186545,0.0,0.707106781186550));
#8792=AXIS2_PLACEMENT_3D('',#8789,#8790,#8791);
#8793=CIRCLE('',#8792,0.700000000000000);
#8794=EDGE_CURVE('',#8788,#8780,#8793,.T.);
#8795=ORIENTED_EDGE('',*,*,#8794,.F.);
#8796=CARTESIAN_POINT('',(6.855561383429404,3.167401906158773,14.389563498671869));
#8797=VERTEX_POINT('',#8796);
#8798=CARTESIAN_POINT('',(6.855561383429404,3.167401906158773,14.389563498671869));
#8799=DIRECTION('',(0.0,0.0,1.0));
#8800=VECTOR('',#8799,0.800000000000001);
#8801=LINE('',#8798,#8800);
#8802=EDGE_CURVE('',#8797,#8788,#8801,.T.);
#8803=ORIENTED_EDGE('',*,*,#8802,.F.);
#8804=CARTESIAN_POINT('',(6.855561383429404,3.167401906158773,1.500000000000000));
#8805=VERTEX_POINT('',#8804);
#8806=CARTESIAN_POINT('',(6.855561383429404,3.167401906158773,1.500000000000000));
#8807=DIRECTION('',(0.0,0.0,1.0));
#8808=VECTOR('',#8807,12.889563498671869);
#8809=LINE('',#8806,#8808);
#8810=EDGE_CURVE('',#8805,#8797,#8809,.T.);
#8811=ORIENTED_EDGE('',*,*,#8810,.F.);
#8812=CARTESIAN_POINT('',(6.855561383429404,3.167401906158773,0.700000000000000));
#8813=VERTEX_POINT('',#8812);
#8814=CARTESIAN_POINT('',(6.855561383429404,3.167401906158773,0.700000000000000));
#8815=DIRECTION('',(0.0,0.0,1.0));
#8816=VECTOR('',#8815,0.800000000000000);
#8817=LINE('',#8814,#8816);
#8818=EDGE_CURVE('',#8813,#8805,#8817,.T.);
#8819=ORIENTED_EDGE('',*,*,#8818,.F.);
#8820=CARTESIAN_POINT('',(6.155561383429404,3.167401906158773,0.0));
#8821=VERTEX_POINT('',#8820);
#8822=CARTESIAN_POINT('',(6.155561383429404,3.167401906158773,0.700000000000000));
#8823=DIRECTION('',(0.0,-1.0,0.0));
#8824=DIRECTION('',(0.707106781186547,0.0,-0.707106781186548));
#8825=AXIS2_PLACEMENT_3D('',#8822,#8823,#8824);
#8826=CIRCLE('',#8825,0.700000000000000);
#8827=EDGE_CURVE('',#8821,#8813,#8826,.T.);
#8828=ORIENTED_EDGE('',*,*,#8827,.F.);
#8829=CARTESIAN_POINT('',(0.762110421620702,3.167401906158773,0.0));
#8830=VERTEX_POINT('',#8829);
#8831=CARTESIAN_POINT('',(6.155561383429404,3.167401906158773,0.0));
#8832=DIRECTION('',(-1.0,0.0,0.0));
#8833=VECTOR('',#8832,5.393450961808703);
#8834=LINE('',#8831,#8833);
#8835=EDGE_CURVE('',#8821,#8830,#8834,.T.);
#8836=ORIENTED_EDGE('',*,*,#8835,.T.);
#8837=CARTESIAN_POINT('',(0.062110421620702,3.167401906158773,0.700000000000000));
#8838=VERTEX_POINT('',#8837);
#8839=CARTESIAN_POINT('',(0.762110421620702,3.167401906158773,0.700000000000000));
#8840=DIRECTION('',(0.0,-1.0,0.0));
#8841=DIRECTION('',(-0.707106781186548,0.0,-0.707106781186547));
#8842=AXIS2_PLACEMENT_3D('',#8839,#8840,#8841);
#8843=CIRCLE('',#8842,0.700000000000000);
#8844=EDGE_CURVE('',#8838,#8830,#8843,.T.);
#8845=ORIENTED_EDGE('',*,*,#8844,.F.);
#8846=CARTESIAN_POINT('',(0.062110421620702,3.167401906158773,0.700000000000000));
#8847=DIRECTION('',(0.0,0.0,1.0));
#8848=VECTOR('',#8847,14.489563498671870);
#8849=LINE('',#8846,#8848);
#8850=EDGE_CURVE('',#8838,#8739,#8849,.T.);
#8851=ORIENTED_EDGE('',*,*,#8850,.T.);
#8852=EDGE_LOOP('',(#8778,#8786,#8795,#8803,#8811,#8819,#8828,#8836,#8845,#8851));
#8853=FACE_OUTER_BOUND('',#8852,.T.);
#8854=CARTESIAN_POINT('',(4.292240158749703,3.167401906158773,13.246356358215445));
#8855=VERTEX_POINT('',#8854);
#8856=CARTESIAN_POINT('',(5.428877877395813,3.167401906158773,13.246356358215440));
#8857=VERTEX_POINT('',#8856);
#8858=CARTESIAN_POINT('',(4.292240158749703,3.167401906158773,13.246356358215445));
#8859=DIRECTION('',(1.0,0.0,0.0));
#8860=VECTOR('',#8859,1.136637718646110);
#8861=LINE('',#8858,#8860);
#8862=EDGE_CURVE('',#8855,#8857,#8861,.T.);
#8863=ORIENTED_EDGE('',*,*,#8862,.T.);
#8864=CARTESIAN_POINT('',(5.428877877395808,3.167401906158773,14.388289128200961));
#8865=VERTEX_POINT('',#8864);
#8866=CARTESIAN_POINT('',(5.428877877395813,3.167401906158773,13.246356358215440));
#8867=DIRECTION('',(0.0,0.0,1.0));
#8868=VECTOR('',#8867,1.141932769985521);
#8869=LINE('',#8866,#8868);
#8870=EDGE_CURVE('',#8857,#8865,#8869,.T.);
#8871=ORIENTED_EDGE('',*,*,#8870,.T.);
#8872=CARTESIAN_POINT('',(4.292240158749712,3.167401906158773,14.388289128200926));
#8873=VERTEX_POINT('',#8872);
#8874=CARTESIAN_POINT('',(5.428877877395808,3.167401906158773,14.388289128200961));
#8875=DIRECTION('',(-1.0,0.0,0.0));
#8876=VECTOR('',#8875,1.136637718646097);
#8877=LINE('',#8874,#8876);
#8878=EDGE_CURVE('',#8865,#8873,#8877,.T.);
#8879=ORIENTED_EDGE('',*,*,#8878,.T.);
#8880=CARTESIAN_POINT('',(4.292240158749712,3.167401906158773,14.388289128200926));
#8881=DIRECTION('',(0.0,0.0,-1.0));
#8882=VECTOR('',#8881,1.141932769985480);
#8883=LINE('',#8880,#8882);
#8884=EDGE_CURVE('',#8873,#8855,#8883,.T.);
#8885=ORIENTED_EDGE('',*,*,#8884,.T.);
#8886=EDGE_LOOP('',(#8863,#8871,#8879,#8885));
#8887=FACE_BOUND('',#8886,.T.);
#8888=CARTESIAN_POINT('',(4.292240158749703,3.167401906158773,5.337648640915679));
#8889=VERTEX_POINT('',#8888);
#8890=CARTESIAN_POINT('',(5.428877877395813,3.167401906158773,5.337648640915674));
#8891=VERTEX_POINT('',#8890);
#8892=CARTESIAN_POINT('',(4.292240158749703,3.167401906158773,5.337648640915679));
#8893=DIRECTION('',(1.0,0.0,0.0));
#8894=VECTOR('',#8893,1.136637718646110);
#8895=LINE('',#8892,#8894);
#8896=EDGE_CURVE('',#8889,#8891,#8895,.T.);
#8897=ORIENTED_EDGE('',*,*,#8896,.T.);
#8898=CARTESIAN_POINT('',(5.428877877395808,3.167401906158773,6.479581410901196));
#8899=VERTEX_POINT('',#8898);
#8900=CARTESIAN_POINT('',(5.428877877395814,3.167401906158773,5.337648640915674));
#8901=DIRECTION('',(0.0,0.0,1.0));
#8902=VECTOR('',#8901,1.141932769985522);
#8903=LINE('',#8900,#8902);
#8904=EDGE_CURVE('',#8891,#8899,#8903,.T.);
#8905=ORIENTED_EDGE('',*,*,#8904,.T.);
#8906=CARTESIAN_POINT('',(4.292240158749712,3.167401906158773,6.479581410901161));
#8907=VERTEX_POINT('',#8906);
#8908=CARTESIAN_POINT('',(5.428877877395808,3.167401906158773,6.479581410901195));
#8909=DIRECTION('',(-1.0,0.0,0.0));
#8910=VECTOR('',#8909,1.136637718646097);
#8911=LINE('',#8908,#8910);
#8912=EDGE_CURVE('',#8899,#8907,#8911,.T.);
#8913=ORIENTED_EDGE('',*,*,#8912,.T.);
#8914=CARTESIAN_POINT('',(4.292240158749711,3.167401906158773,6.479581410901161));
#8915=DIRECTION('',(0.0,0.0,-1.0));
#8916=VECTOR('',#8915,1.141932769985481);
#8917=LINE('',#8914,#8916);
#8918=EDGE_CURVE('',#8907,#8889,#8917,.T.);
#8919=ORIENTED_EDGE('',*,*,#8918,.T.);
#8920=EDGE_LOOP('',(#8897,#8905,#8913,#8919));
#8921=FACE_BOUND('',#8920,.T.);
#8922=CARTESIAN_POINT('',(4.292240158749728,3.167401906158773,1.388690212503896));
#8923=VERTEX_POINT('',#8922);
#8924=CARTESIAN_POINT('',(5.428877877395816,3.167401906158773,1.388690212503916));
#8925=VERTEX_POINT('',#8924);
#8926=CARTESIAN_POINT('',(4.292240158749728,3.167401906158773,1.388690212503896));
#8927=DIRECTION('',(1.0,0.0,0.0));
#8928=VECTOR('',#8927,1.136637718646089);
#8929=LINE('',#8926,#8928);
#8930=EDGE_CURVE('',#8923,#8925,#8929,.T.);
#8931=ORIENTED_EDGE('',*,*,#8930,.T.);
#8932=CARTESIAN_POINT('',(5.428877877395824,3.167401906158773,2.525352907807281));
#8933=VERTEX_POINT('',#8932);
#8934=CARTESIAN_POINT('',(5.428877877395817,3.167401906158773,1.388690212503916));
#8935=DIRECTION('',(0.0,0.0,1.0));
#8936=VECTOR('',#8935,1.136662695303365);
#8937=LINE('',#8934,#8936);
#8938=EDGE_CURVE('',#8925,#8933,#8937,.T.);
#8939=ORIENTED_EDGE('',*,*,#8938,.T.);
#8940=CARTESIAN_POINT('',(4.292240158749703,3.167401906158773,2.525352907807281));
#8941=VERTEX_POINT('',#8940);
#8942=CARTESIAN_POINT('',(5.428877877395824,3.167401906158773,2.525352907807281));
#8943=DIRECTION('',(-1.0,0.0,0.0));
#8944=VECTOR('',#8943,1.136637718646121);
#8945=LINE('',#8942,#8944);
#8946=EDGE_CURVE('',#8933,#8941,#8945,.T.);
#8947=ORIENTED_EDGE('',*,*,#8946,.T.);
#8948=CARTESIAN_POINT('',(4.292240158749703,3.167401906158773,2.525352907807281));
#8949=DIRECTION('',(0.0,0.0,-1.0));
#8950=VECTOR('',#8949,1.136662695303385);
#8951=LINE('',#8948,#8950);
#8952=EDGE_CURVE('',#8941,#8923,#8951,.T.);
#8953=ORIENTED_EDGE('',*,*,#8952,.T.);
#8954=EDGE_LOOP('',(#8931,#8939,#8947,#8953));
#8955=FACE_BOUND('',#8954,.T.);
#8956=CARTESIAN_POINT('',(4.292240158749703,3.167401906158773,9.297397929803690));
#8957=VERTEX_POINT('',#8956);
#8958=CARTESIAN_POINT('',(5.428877877395792,3.167401906158773,9.297397929803681));
#8959=VERTEX_POINT('',#8958);
#8960=CARTESIAN_POINT('',(4.292240158749703,3.167401906158773,9.297397929803690));
#8961=DIRECTION('',(1.0,0.0,0.0));
#8962=VECTOR('',#8961,1.136637718646090);
#8963=LINE('',#8960,#8962);
#8964=EDGE_CURVE('',#8957,#8959,#8963,.T.);
#8965=ORIENTED_EDGE('',*,*,#8964,.T.);
#8966=CARTESIAN_POINT('',(5.428877877395806,3.167401906158773,10.434035648449804));
#8967=VERTEX_POINT('',#8966);
#8968=CARTESIAN_POINT('',(5.428877877395792,3.167401906158773,9.297397929803681));
#8969=DIRECTION('',(0.0,0.0,1.0));
#8970=VECTOR('',#8969,1.136637718646123);
#8971=LINE('',#8968,#8970);
#8972=EDGE_CURVE('',#8959,#8967,#8971,.T.);
#8973=ORIENTED_EDGE('',*,*,#8972,.T.);
#8974=CARTESIAN_POINT('',(4.292240158749701,3.167401906158773,10.434035648449797));
#8975=VERTEX_POINT('',#8974);
#8976=CARTESIAN_POINT('',(5.428877877395806,3.167401906158773,10.434035648449804));
#8977=DIRECTION('',(-1.0,0.0,0.0));
#8978=VECTOR('',#8977,1.136637718646106);
#8979=LINE('',#8976,#8978);
#8980=EDGE_CURVE('',#8967,#8975,#8979,.T.);
#8981=ORIENTED_EDGE('',*,*,#8980,.T.);
#8982=CARTESIAN_POINT('',(4.292240158749700,3.167401906158773,10.434035648449797));
#8983=DIRECTION('',(0.0,0.0,-1.0));
#8984=VECTOR('',#8983,1.136637718646107);
#8985=LINE('',#8982,#8984);
#8986=EDGE_CURVE('',#8975,#8957,#8985,.T.);
#8987=ORIENTED_EDGE('',*,*,#8986,.T.);
#8988=EDGE_LOOP('',(#8965,#8973,#8981,#8987));
#8989=FACE_BOUND('',#8988,.T.);
#8990=ADVANCED_FACE('',(#8853,#8887,#8921,#8955,#8989),#8777,.T.);
#8991=CARTESIAN_POINT('',(8.753487615399166,9.363436202935048,15.889563498671871));
#8992=DIRECTION('',(0.0,0.0,-1.0));
#8993=DIRECTION('',(-1.0,0.0,0.0));
#8994=AXIS2_PLACEMENT_3D('',#8991,#8992,#8993);
#8995=PLANE('',#8994);
#8996=ORIENTED_EDGE('',*,*,#8768,.F.);
#8997=CARTESIAN_POINT('',(6.155561383429404,-0.031058869405598,15.889563498671871));
#8998=VERTEX_POINT('',#8997);
#8999=CARTESIAN_POINT('',(6.155561383429404,-0.031058869405598,15.889563498671871));
#9000=DIRECTION('',(-1.0,0.0,0.0));
#9001=VECTOR('',#9000,5.393450961808702);
#9002=LINE('',#8999,#9001);
#9003=EDGE_CURVE('',#8998,#8756,#9002,.T.);
#9004=ORIENTED_EDGE('',*,*,#9003,.F.);
#9005=CARTESIAN_POINT('',(6.155561383429404,3.167401906158773,15.889563498671871));
#9006=DIRECTION('',(0.0,-1.0,0.0));
#9007=VECTOR('',#9006,3.198460775564371);
#9008=LINE('',#9005,#9007);
#9009=EDGE_CURVE('',#8780,#8998,#9008,.T.);
#9010=ORIENTED_EDGE('',*,*,#9009,.F.);
#9011=ORIENTED_EDGE('',*,*,#8785,.F.);
#9012=EDGE_LOOP('',(#8996,#9004,#9010,#9011));
#9013=FACE_OUTER_BOUND('',#9012,.T.);
#9014=ADVANCED_FACE('',(#9013),#8995,.F.);
#9015=CARTESIAN_POINT('',(6.155561383429404,9.363436202935048,15.189563498671870));
#9016=DIRECTION('',(0.0,1.0,0.0));
#9017=DIRECTION('',(0.707106781186545,0.0,0.707106781186550));
#9018=AXIS2_PLACEMENT_3D('',#9015,#9016,#9017);
#9019=CYLINDRICAL_SURFACE('',#9018,0.700000000000000);
#9020=ORIENTED_EDGE('',*,*,#8794,.T.);
#9021=ORIENTED_EDGE('',*,*,#9009,.T.);
#9022=CARTESIAN_POINT('',(6.855561383429404,-0.031058869405598,15.189563498671870));
#9023=VERTEX_POINT('',#9022);
#9024=CARTESIAN_POINT('',(6.155561383429404,-0.031058869405598,15.189563498671870));
#9025=DIRECTION('',(0.0,1.000000000000000,0.0));
#9026=DIRECTION('',(0.707106781186545,0.0,0.707106781186550));
#9027=AXIS2_PLACEMENT_3D('',#9024,#9025,#9026);
#9028=CIRCLE('',#9027,0.700000000000000);
#9029=EDGE_CURVE('',#8998,#9023,#9028,.T.);
#9030=ORIENTED_EDGE('',*,*,#9029,.T.);
#9031=CARTESIAN_POINT('',(6.855561383429404,-0.031058869405598,15.189563498671870));
#9032=DIRECTION('',(0.0,1.0,0.0));
#9033=VECTOR('',#9032,3.198460775564371);
#9034=LINE('',#9031,#9033);
#9035=EDGE_CURVE('',#9023,#8788,#9034,.T.);
#9036=ORIENTED_EDGE('',*,*,#9035,.T.);
#9037=EDGE_LOOP('',(#9020,#9021,#9030,#9036));
#9038=FACE_OUTER_BOUND('',#9037,.T.);
#9039=ADVANCED_FACE('',(#9038),#9019,.T.);
#9040=CARTESIAN_POINT('',(5.144718447734289,-1.331058869405598,5.837648640915676));
#9041=DIRECTION('',(-1.0,0.0,3.907043E-015));
#9042=DIRECTION('',(-3.140185E-015,-0.707106781186548,-0.707106781186548));
#9043=AXIS2_PLACEMENT_3D('',#9040,#9041,#9042);
#9044=CYLINDRICAL_SURFACE('',#9043,0.500000000000000);
#9045=CARTESIAN_POINT('',(4.292240158749706,-1.831058869405598,5.837648640915679));
#9046=VERTEX_POINT('',#9045);
#9047=CARTESIAN_POINT('',(4.292240158749703,-1.331058869405598,5.337648640915679));
#9048=VERTEX_POINT('',#9047);
#9049=CARTESIAN_POINT('',(4.292240158749705,-1.331058869405598,5.837648640915679));
#9050=DIRECTION('',(1.000000000000000,-2.220446E-015,-2.220446E-015));
#9051=DIRECTION('',(-3.140185E-015,-0.707106781186548,-0.707106781186548));
#9052=AXIS2_PLACEMENT_3D('',#9049,#9050,#9051);
#9053=CIRCLE('',#9052,0.500000000000000);
#9054=EDGE_CURVE('',#9046,#9048,#9053,.T.);
#9055=ORIENTED_EDGE('',*,*,#9054,.T.);
#9056=CARTESIAN_POINT('',(5.428877877395813,-1.331058869405598,5.337648640915674));
#9057=VERTEX_POINT('',#9056);
#9058=CARTESIAN_POINT('',(4.292240158749703,-1.331058869405598,5.337648640915679));
#9059=DIRECTION('',(1.0,0.0,0.0));
#9060=VECTOR('',#9059,1.136637718646109);
#9061=LINE('',#9058,#9060);
#9062=EDGE_CURVE('',#9048,#9057,#9061,.T.);
#9063=ORIENTED_EDGE('',*,*,#9062,.T.);
#9064=CARTESIAN_POINT('',(5.428877877395810,-1.831058869405598,5.837648640915675));
#9065=VERTEX_POINT('',#9064);
#9066=CARTESIAN_POINT('',(5.428877877395806,-1.331058869405598,5.837648640915675));
#9067=DIRECTION('',(-1.000000000000000,2.220446E-015,2.220446E-015));
#9068=DIRECTION('',(-3.140185E-015,-0.707106781186548,-0.707106781186548));
#9069=AXIS2_PLACEMENT_3D('',#9066,#9067,#9068);
#9070=CIRCLE('',#9069,0.500000000000000);
#9071=EDGE_CURVE('',#9057,#9065,#9070,.T.);
#9072=ORIENTED_EDGE('',*,*,#9071,.T.);
#9073=CARTESIAN_POINT('',(5.428877877395810,-1.831058869405598,5.837648640915675));
#9074=DIRECTION('',(-1.0,0.0,0.0));
#9075=VECTOR('',#9074,1.136637718646104);
#9076=LINE('',#9073,#9075);
#9077=EDGE_CURVE('',#9065,#9046,#9076,.T.);
#9078=ORIENTED_EDGE('',*,*,#9077,.T.);
#9079=EDGE_LOOP('',(#9055,#9063,#9072,#9078));
#9080=FACE_OUTER_BOUND('',#9079,.T.);
#9081=ADVANCED_FACE('',(#9080),#9044,.T.);
#9082=CARTESIAN_POINT('',(4.292240158749703,-0.031058869405598,5.337648640915679));
#9083=DIRECTION('',(-1.0,0.0,0.0));
#9084=DIRECTION('',(0.0,0.0,1.0));
#9085=AXIS2_PLACEMENT_3D('',#9082,#9083,#9084);
#9086=PLANE('',#9085);
#9087=ORIENTED_EDGE('',*,*,#9054,.F.);
#9088=CARTESIAN_POINT('',(4.292240158749708,-1.831058869405598,5.979581410901160));
#9089=VERTEX_POINT('',#9088);
#9090=CARTESIAN_POINT('',(4.292240158749706,-1.831058869405598,5.837648640915679));
#9091=DIRECTION('',(0.0,0.0,1.0));
#9092=VECTOR('',#9091,0.141932769985480);
#9093=LINE('',#9090,#9092);
#9094=EDGE_CURVE('',#9046,#9089,#9093,.T.);
#9095=ORIENTED_EDGE('',*,*,#9094,.T.);
#9096=CARTESIAN_POINT('',(4.292240158749712,-1.331058869405598,6.479581410901161));
#9097=VERTEX_POINT('',#9096);
#9098=CARTESIAN_POINT('',(4.292240158749683,-1.331058869405598,5.979581410901160));
#9099=DIRECTION('',(1.000000000000000,-1.554312E-014,1.554312E-014));
#9100=DIRECTION('',(-2.198129E-014,-0.707106781186548,0.707106781186548));
#9101=AXIS2_PLACEMENT_3D('',#9098,#9099,#9100);
#9102=CIRCLE('',#9101,0.500000000000000);
#9103=EDGE_CURVE('',#9097,#9089,#9102,.T.);
#9104=ORIENTED_EDGE('',*,*,#9103,.F.);
#9105=CARTESIAN_POINT('',(4.292240158749712,-0.031058869405598,6.479581410901161));
#9106=VERTEX_POINT('',#9105);
#9107=CARTESIAN_POINT('',(4.292240158749712,-0.031058869405598,6.479581410901161));
#9108=DIRECTION('',(0.0,-1.0,0.0));
#9109=VECTOR('',#9108,1.300000000000000);
#9110=LINE('',#9107,#9109);
#9111=EDGE_CURVE('',#9106,#9097,#9110,.T.);
#9112=ORIENTED_EDGE('',*,*,#9111,.F.);
#9113=CARTESIAN_POINT('',(4.292240158749703,-0.031058869405598,5.337648640915679));
#9114=VERTEX_POINT('',#9113);
#9115=CARTESIAN_POINT('',(4.292240158749702,-0.031058869405598,5.337648640915679));
#9116=DIRECTION('',(0.0,0.0,1.0));
#9117=VECTOR('',#9116,1.141932769985481);
#9118=LINE('',#9115,#9117);
#9119=EDGE_CURVE('',#9114,#9106,#9118,.T.);
#9120=ORIENTED_EDGE('',*,*,#9119,.F.);
#9121=CARTESIAN_POINT('',(4.292240158749703,-0.031058869405598,5.337648640915679));
#9122=DIRECTION('',(0.0,-1.0,0.0));
#9123=VECTOR('',#9122,1.300000000000000);
#9124=LINE('',#9121,#9123);
#9125=EDGE_CURVE('',#9114,#9048,#9124,.T.);
#9126=ORIENTED_EDGE('',*,*,#9125,.T.);
#9127=EDGE_LOOP('',(#9087,#9095,#9104,#9112,#9120,#9126));
#9128=FACE_OUTER_BOUND('',#9127,.T.);
#9129=ADVANCED_FACE('',(#9128),#9086,.T.);
#9130=CARTESIAN_POINT('',(4.860559018072764,-1.831058869405598,5.908615025908426));
#9131=DIRECTION('',(0.0,1.0,0.0));
#9132=DIRECTION('',(0.0,0.0,1.0));
#9133=AXIS2_PLACEMENT_3D('',#9130,#9131,#9132);
#9134=PLANE('',#9133);
#9135=ORIENTED_EDGE('',*,*,#9077,.F.);
#9136=CARTESIAN_POINT('',(5.428877877395810,-1.831058869405598,5.979581410901195));
#9137=VERTEX_POINT('',#9136);
#9138=CARTESIAN_POINT('',(5.428877877395809,-1.831058869405598,5.979581410901195));
#9139=DIRECTION('',(0.0,0.0,-1.0));
#9140=VECTOR('',#9139,0.141932769985520);
#9141=LINE('',#9138,#9140);
#9142=EDGE_CURVE('',#9137,#9065,#9141,.T.);
#9143=ORIENTED_EDGE('',*,*,#9142,.F.);
#9144=CARTESIAN_POINT('',(4.292240158749707,-1.831058869405598,5.979581410901160));
#9145=DIRECTION('',(1.0,0.0,0.0));
#9146=VECTOR('',#9145,1.136637718646102);
#9147=LINE('',#9144,#9146);
#9148=EDGE_CURVE('',#9089,#9137,#9147,.T.);
#9149=ORIENTED_EDGE('',*,*,#9148,.F.);
#9150=ORIENTED_EDGE('',*,*,#9094,.F.);
#9151=EDGE_LOOP('',(#9135,#9143,#9149,#9150));
#9152=FACE_OUTER_BOUND('',#9151,.T.);
#9153=ADVANCED_FACE('',(#9152),#9134,.F.);
#9154=CARTESIAN_POINT('',(4.576399588411244,-1.331058869405598,5.979581410901169));
#9155=DIRECTION('',(1.0,0.0,3.125634E-014));
#9156=DIRECTION('',(-2.198129E-014,-0.707106781186548,0.707106781186548));
#9157=AXIS2_PLACEMENT_3D('',#9154,#9155,#9156);
#9158=CYLINDRICAL_SURFACE('',#9157,0.500000000000000);
#9159=CARTESIAN_POINT('',(5.428877877395808,-1.331058869405598,6.479581410901196));
#9160=VERTEX_POINT('',#9159);
#9161=CARTESIAN_POINT('',(5.428877877395824,-1.331058869405598,5.979581410901195));
#9162=DIRECTION('',(-1.000000000000000,1.554312E-014,-1.554312E-014));
#9163=DIRECTION('',(-2.198129E-014,-0.707106781186548,0.707106781186548));
#9164=AXIS2_PLACEMENT_3D('',#9161,#9162,#9163);
#9165=CIRCLE('',#9164,0.500000000000000);
#9166=EDGE_CURVE('',#9137,#9160,#9165,.T.);
#9167=ORIENTED_EDGE('',*,*,#9166,.T.);
#9168=CARTESIAN_POINT('',(5.428877877395808,-1.331058869405598,6.479581410901196));
#9169=DIRECTION('',(-1.0,0.0,0.0));
#9170=VECTOR('',#9169,1.136637718646096);
#9171=LINE('',#9168,#9170);
#9172=EDGE_CURVE('',#9160,#9097,#9171,.T.);
#9173=ORIENTED_EDGE('',*,*,#9172,.T.);
#9174=ORIENTED_EDGE('',*,*,#9103,.T.);
#9175=ORIENTED_EDGE('',*,*,#9148,.T.);
#9176=EDGE_LOOP('',(#9167,#9173,#9174,#9175));
#9177=FACE_OUTER_BOUND('',#9176,.T.);
#9178=ADVANCED_FACE('',(#9177),#9158,.T.);
#9179=CARTESIAN_POINT('',(5.144718447734289,-1.331058869405598,13.746356358215444));
#9180=DIRECTION('',(-1.0,0.0,3.907043E-015));
#9181=DIRECTION('',(-3.140185E-015,-0.707106781186546,-0.707106781186549));
#9182=AXIS2_PLACEMENT_3D('',#9179,#9180,#9181);
#9183=CYLINDRICAL_SURFACE('',#9182,0.500000000000000);
#9184=CARTESIAN_POINT('',(4.292240158749706,-1.831058869405598,13.746356358215447));
#9185=VERTEX_POINT('',#9184);
#9186=CARTESIAN_POINT('',(4.292240158749703,-1.331058869405598,13.246356358215445));
#9187=VERTEX_POINT('',#9186);
#9188=CARTESIAN_POINT('',(4.292240158749705,-1.331058869405598,13.746356358215447));
#9189=DIRECTION('',(1.0,-2.220446E-015,-2.220446E-015));
#9190=DIRECTION('',(-3.140185E-015,-0.707106781186546,-0.707106781186549));
#9191=AXIS2_PLACEMENT_3D('',#9188,#9189,#9190);
#9192=CIRCLE('',#9191,0.500000000000000);
#9193=EDGE_CURVE('',#9185,#9187,#9192,.T.);
#9194=ORIENTED_EDGE('',*,*,#9193,.T.);
#9195=CARTESIAN_POINT('',(5.428877877395813,-1.331058869405598,13.246356358215440));
#9196=VERTEX_POINT('',#9195);
#9197=CARTESIAN_POINT('',(4.292240158749703,-1.331058869405598,13.246356358215444));
#9198=DIRECTION('',(1.0,0.0,0.0));
#9199=VECTOR('',#9198,1.136637718646109);
#9200=LINE('',#9197,#9199);
#9201=EDGE_CURVE('',#9187,#9196,#9200,.T.);
#9202=ORIENTED_EDGE('',*,*,#9201,.T.);
#9203=CARTESIAN_POINT('',(5.428877877395810,-1.831058869405598,13.746356358215444));
#9204=VERTEX_POINT('',#9203);
#9205=CARTESIAN_POINT('',(5.428877877395806,-1.331058869405598,13.746356358215444));
#9206=DIRECTION('',(-1.0,2.220446E-015,2.220446E-015));
#9207=DIRECTION('',(-3.140185E-015,-0.707106781186546,-0.707106781186549));
#9208=AXIS2_PLACEMENT_3D('',#9205,#9206,#9207);
#9209=CIRCLE('',#9208,0.500000000000000);
#9210=EDGE_CURVE('',#9196,#9204,#9209,.T.);
#9211=ORIENTED_EDGE('',*,*,#9210,.T.);
#9212=CARTESIAN_POINT('',(5.428877877395810,-1.831058869405598,13.746356358215442));
#9213=DIRECTION('',(-1.0,0.0,0.0));
#9214=VECTOR('',#9213,1.136637718646104);
#9215=LINE('',#9212,#9214);
#9216=EDGE_CURVE('',#9204,#9185,#9215,.T.);
#9217=ORIENTED_EDGE('',*,*,#9216,.T.);
#9218=EDGE_LOOP('',(#9194,#9202,#9211,#9217));
#9219=FACE_OUTER_BOUND('',#9218,.T.);
#9220=ADVANCED_FACE('',(#9219),#9183,.T.);
#9221=CARTESIAN_POINT('',(4.292240158749703,-0.031058869405598,13.246356358215445));
#9222=DIRECTION('',(-1.0,0.0,0.0));
#9223=DIRECTION('',(0.0,0.0,1.0));
#9224=AXIS2_PLACEMENT_3D('',#9221,#9222,#9223);
#9225=PLANE('',#9224);
#9226=ORIENTED_EDGE('',*,*,#9193,.F.);
#9227=CARTESIAN_POINT('',(4.292240158749708,-1.831058869405598,13.888289128200926));
#9228=VERTEX_POINT('',#9227);
#9229=CARTESIAN_POINT('',(4.292240158749706,-1.831058869405598,13.746356358215447));
#9230=DIRECTION('',(0.0,0.0,1.0));
#9231=VECTOR('',#9230,0.141932769985479);
#9232=LINE('',#9229,#9231);
#9233=EDGE_CURVE('',#9185,#9228,#9232,.T.);
#9234=ORIENTED_EDGE('',*,*,#9233,.T.);
#9235=CARTESIAN_POINT('',(4.292240158749712,-1.331058869405598,14.388289128200924));
#9236=VERTEX_POINT('',#9235);
#9237=CARTESIAN_POINT('',(4.292240158749683,-1.331058869405598,13.888289128200926));
#9238=DIRECTION('',(1.0,-1.554312E-014,1.554312E-014));
#9239=DIRECTION('',(-2.198129E-014,-0.707106781186549,0.707106781186546));
#9240=AXIS2_PLACEMENT_3D('',#9237,#9238,#9239);
#9241=CIRCLE('',#9240,0.500000000000000);
#9242=EDGE_CURVE('',#9236,#9228,#9241,.T.);
#9243=ORIENTED_EDGE('',*,*,#9242,.F.);
#9244=CARTESIAN_POINT('',(4.292240158749712,-0.031058869405598,14.388289128200926));
#9245=VERTEX_POINT('',#9244);
#9246=CARTESIAN_POINT('',(4.292240158749712,-0.031058869405598,14.388289128200924));
#9247=DIRECTION('',(0.0,-1.0,0.0));
#9248=VECTOR('',#9247,1.300000000000000);
#9249=LINE('',#9246,#9248);
#9250=EDGE_CURVE('',#9245,#9236,#9249,.T.);
#9251=ORIENTED_EDGE('',*,*,#9250,.F.);
#9252=CARTESIAN_POINT('',(4.292240158749703,-0.031058869405598,13.246356358215445));
#9253=VERTEX_POINT('',#9252);
#9254=CARTESIAN_POINT('',(4.292240158749702,-0.031058869405598,13.246356358215445));
#9255=DIRECTION('',(0.0,0.0,1.0));
#9256=VECTOR('',#9255,1.141932769985480);
#9257=LINE('',#9254,#9256);
#9258=EDGE_CURVE('',#9253,#9245,#9257,.T.);
#9259=ORIENTED_EDGE('',*,*,#9258,.F.);
#9260=CARTESIAN_POINT('',(4.292240158749703,-0.031058869405598,13.246356358215445));
#9261=DIRECTION('',(0.0,-1.0,0.0));
#9262=VECTOR('',#9261,1.300000000000000);
#9263=LINE('',#9260,#9262);
#9264=EDGE_CURVE('',#9253,#9187,#9263,.T.);
#9265=ORIENTED_EDGE('',*,*,#9264,.T.);
#9266=EDGE_LOOP('',(#9226,#9234,#9243,#9251,#9259,#9265));
#9267=FACE_OUTER_BOUND('',#9266,.T.);
#9268=ADVANCED_FACE('',(#9267),#9225,.T.);
#9269=CARTESIAN_POINT('',(4.860559018072764,-1.831058869405598,13.817322743208189));
#9270=DIRECTION('',(0.0,1.0,0.0));
#9271=DIRECTION('',(0.0,0.0,1.0));
#9272=AXIS2_PLACEMENT_3D('',#9269,#9270,#9271);
#9273=PLANE('',#9272);
#9274=ORIENTED_EDGE('',*,*,#9216,.F.);
#9275=CARTESIAN_POINT('',(5.428877877395810,-1.831058869405598,13.888289128200961));
#9276=VERTEX_POINT('',#9275);
#9277=CARTESIAN_POINT('',(5.428877877395809,-1.831058869405598,13.888289128200961));
#9278=DIRECTION('',(0.0,0.0,-1.0));
#9279=VECTOR('',#9278,0.141932769985518);
#9280=LINE('',#9277,#9279);
#9281=EDGE_CURVE('',#9276,#9204,#9280,.T.);
#9282=ORIENTED_EDGE('',*,*,#9281,.F.);
#9283=CARTESIAN_POINT('',(4.292240158749708,-1.831058869405598,13.888289128200926));
#9284=DIRECTION('',(1.0,0.0,0.0));
#9285=VECTOR('',#9284,1.136637718646102);
#9286=LINE('',#9283,#9285);
#9287=EDGE_CURVE('',#9228,#9276,#9286,.T.);
#9288=ORIENTED_EDGE('',*,*,#9287,.F.);
#9289=ORIENTED_EDGE('',*,*,#9233,.F.);
#9290=EDGE_LOOP('',(#9274,#9282,#9288,#9289));
#9291=FACE_OUTER_BOUND('',#9290,.T.);
#9292=ADVANCED_FACE('',(#9291),#9273,.F.);
#9293=CARTESIAN_POINT('',(4.576399588411245,-1.331058869405598,13.888289128200935));
#9294=DIRECTION('',(1.0,0.0,3.125634E-014));
#9295=DIRECTION('',(-2.198129E-014,-0.707106781186549,0.707106781186546));
#9296=AXIS2_PLACEMENT_3D('',#9293,#9294,#9295);
#9297=CYLINDRICAL_SURFACE('',#9296,0.500000000000000);
#9298=CARTESIAN_POINT('',(5.428877877395808,-1.331058869405598,14.388289128200960));
#9299=VERTEX_POINT('',#9298);
#9300=CARTESIAN_POINT('',(5.428877877395824,-1.331058869405598,13.888289128200961));
#9301=DIRECTION('',(-1.0,1.554312E-014,-1.554312E-014));
#9302=DIRECTION('',(-2.198129E-014,-0.707106781186549,0.707106781186546));
#9303=AXIS2_PLACEMENT_3D('',#9300,#9301,#9302);
#9304=CIRCLE('',#9303,0.500000000000000);
#9305=EDGE_CURVE('',#9276,#9299,#9304,.T.);
#9306=ORIENTED_EDGE('',*,*,#9305,.T.);
#9307=CARTESIAN_POINT('',(5.428877877395808,-1.331058869405598,14.388289128200960));
#9308=DIRECTION('',(-1.0,0.0,0.0));
#9309=VECTOR('',#9308,1.136637718646097);
#9310=LINE('',#9307,#9309);
#9311=EDGE_CURVE('',#9299,#9236,#9310,.T.);
#9312=ORIENTED_EDGE('',*,*,#9311,.T.);
#9313=ORIENTED_EDGE('',*,*,#9242,.T.);
#9314=ORIENTED_EDGE('',*,*,#9287,.T.);
#9315=EDGE_LOOP('',(#9306,#9312,#9313,#9314));
#9316=FACE_OUTER_BOUND('',#9315,.T.);
#9317=ADVANCED_FACE('',(#9316),#9297,.T.);
#9318=CARTESIAN_POINT('',(4.576399588411234,10.667401906158773,5.837648640915677));
#9319=DIRECTION('',(1.0,-5.695889E-030,-3.907043E-015));
#9320=DIRECTION('',(-3.140185E-015,0.707106781186549,-0.707106781186546));
#9321=AXIS2_PLACEMENT_3D('',#9318,#9319,#9320);
#9322=CYLINDRICAL_SURFACE('',#9321,0.500000000000000);
#9323=CARTESIAN_POINT('',(5.428877877395810,11.167401906158773,5.837648640915674));
#9324=VERTEX_POINT('',#9323);
#9325=CARTESIAN_POINT('',(5.428877877395813,10.667401906158773,5.337648640915673));
#9326=VERTEX_POINT('',#9325);
#9327=CARTESIAN_POINT('',(5.428877877395815,10.667401906158773,5.837648640915674));
#9328=DIRECTION('',(-1.0,-2.220446E-015,2.220446E-015));
#9329=DIRECTION('',(-3.140185E-015,0.707106781186549,-0.707106781186546));
#9330=AXIS2_PLACEMENT_3D('',#9327,#9328,#9329);
#9331=CIRCLE('',#9330,0.500000000000000);
#9332=EDGE_CURVE('',#9324,#9326,#9331,.T.);
#9333=ORIENTED_EDGE('',*,*,#9332,.T.);
#9334=CARTESIAN_POINT('',(4.292240158749703,10.667401906158773,5.337648640915678));
#9335=VERTEX_POINT('',#9334);
#9336=CARTESIAN_POINT('',(5.428877877395813,10.667401906158773,5.337648640915673));
#9337=DIRECTION('',(-1.0,0.0,0.0));
#9338=VECTOR('',#9337,1.136637718646110);
#9339=LINE('',#9336,#9338);
#9340=EDGE_CURVE('',#9326,#9335,#9339,.T.);
#9341=ORIENTED_EDGE('',*,*,#9340,.T.);
#9342=CARTESIAN_POINT('',(4.292240158749706,11.167401906158773,5.837648640915678));
#9343=VERTEX_POINT('',#9342);
#9344=CARTESIAN_POINT('',(4.292240158749710,10.667401906158773,5.837648640915678));
#9345=DIRECTION('',(1.0,2.220446E-015,-2.220446E-015));
#9346=DIRECTION('',(-3.140185E-015,0.707106781186549,-0.707106781186546));
#9347=AXIS2_PLACEMENT_3D('',#9344,#9345,#9346);
#9348=CIRCLE('',#9347,0.500000000000000);
#9349=EDGE_CURVE('',#9335,#9343,#9348,.T.);
#9350=ORIENTED_EDGE('',*,*,#9349,.T.);
#9351=CARTESIAN_POINT('',(4.292240158749706,11.167401906158773,5.837648640915678));
#9352=DIRECTION('',(1.0,0.0,0.0));
#9353=VECTOR('',#9352,1.136637718646104);
#9354=LINE('',#9351,#9353);
#9355=EDGE_CURVE('',#9343,#9324,#9354,.T.);
#9356=ORIENTED_EDGE('',*,*,#9355,.T.);
#9357=EDGE_LOOP('',(#9333,#9341,#9350,#9356));
#9358=FACE_OUTER_BOUND('',#9357,.T.);
#9359=ADVANCED_FACE('',(#9358),#9322,.T.);
#9360=CARTESIAN_POINT('',(5.428877877395813,3.167401906158773,5.337648640915673));
#9361=DIRECTION('',(1.0,0.0,0.0));
#9362=DIRECTION('',(0.0,0.0,-1.0));
#9363=AXIS2_PLACEMENT_3D('',#9360,#9361,#9362);
#9364=PLANE('',#9363);
#9365=ORIENTED_EDGE('',*,*,#9332,.F.);
#9366=CARTESIAN_POINT('',(5.428877877395810,11.167401906158773,5.979581410901195));
#9367=VERTEX_POINT('',#9366);
#9368=CARTESIAN_POINT('',(5.428877877395811,11.167401906158773,5.837648640915674));
#9369=DIRECTION('',(0.0,0.0,1.0));
#9370=VECTOR('',#9369,0.141932769985521);
#9371=LINE('',#9368,#9370);
#9372=EDGE_CURVE('',#9324,#9367,#9371,.T.);
#9373=ORIENTED_EDGE('',*,*,#9372,.T.);
#9374=CARTESIAN_POINT('',(5.428877877395808,10.667401906158773,6.479581410901196));
#9375=VERTEX_POINT('',#9374);
#9376=CARTESIAN_POINT('',(5.428877877395792,10.667401906158773,5.979581410901195));
#9377=DIRECTION('',(-1.0,-1.554312E-014,-1.554312E-014));
#9378=DIRECTION('',(-2.198129E-014,0.707106781186549,0.707106781186546));
#9379=AXIS2_PLACEMENT_3D('',#9376,#9377,#9378);
#9380=CIRCLE('',#9379,0.500000000000000);
#9381=EDGE_CURVE('',#9375,#9367,#9380,.T.);
#9382=ORIENTED_EDGE('',*,*,#9381,.F.);
#9383=CARTESIAN_POINT('',(5.428877877395808,3.167401906158773,6.479581410901196));
#9384=DIRECTION('',(0.0,1.0,0.0));
#9385=VECTOR('',#9384,7.500000000000000);
#9386=LINE('',#9383,#9385);
#9387=EDGE_CURVE('',#8899,#9375,#9386,.T.);
#9388=ORIENTED_EDGE('',*,*,#9387,.F.);
#9389=ORIENTED_EDGE('',*,*,#8904,.F.);
#9390=CARTESIAN_POINT('',(5.428877877395813,3.167401906158773,5.337648640915673));
#9391=DIRECTION('',(0.0,1.0,0.0));
#9392=VECTOR('',#9391,7.500000000000000);
#9393=LINE('',#9390,#9392);
#9394=EDGE_CURVE('',#8891,#9326,#9393,.T.);
#9395=ORIENTED_EDGE('',*,*,#9394,.T.);
#9396=EDGE_LOOP('',(#9365,#9373,#9382,#9388,#9389,#9395));
#9397=FACE_OUTER_BOUND('',#9396,.T.);
#9398=ADVANCED_FACE('',(#9397),#9364,.T.);
#9399=CARTESIAN_POINT('',(4.860559018072763,11.167401906158773,5.908615025908426));
#9400=DIRECTION('',(0.0,1.0,0.0));
#9401=DIRECTION('',(0.0,0.0,1.0));
#9402=AXIS2_PLACEMENT_3D('',#9399,#9400,#9401);
#9403=PLANE('',#9402);
#9404=ORIENTED_EDGE('',*,*,#9355,.F.);
#9405=CARTESIAN_POINT('',(4.292240158749708,11.167401906158773,5.979581410901160));
#9406=VERTEX_POINT('',#9405);
#9407=CARTESIAN_POINT('',(4.292240158749708,11.167401906158773,5.979581410901160));
#9408=DIRECTION('',(0.0,0.0,-1.0));
#9409=VECTOR('',#9408,0.141932769985482);
#9410=LINE('',#9407,#9409);
#9411=EDGE_CURVE('',#9406,#9343,#9410,.T.);
#9412=ORIENTED_EDGE('',*,*,#9411,.F.);
#9413=CARTESIAN_POINT('',(5.428877877395810,11.167401906158773,5.979581410901195));
#9414=DIRECTION('',(-1.0,0.0,0.0));
#9415=VECTOR('',#9414,1.136637718646102);
#9416=LINE('',#9413,#9415);
#9417=EDGE_CURVE('',#9367,#9406,#9416,.T.);
#9418=ORIENTED_EDGE('',*,*,#9417,.F.);
#9419=ORIENTED_EDGE('',*,*,#9372,.F.);
#9420=EDGE_LOOP('',(#9404,#9412,#9418,#9419));
#9421=FACE_OUTER_BOUND('',#9420,.T.);
#9422=ADVANCED_FACE('',(#9421),#9403,.T.);
#9423=CARTESIAN_POINT('',(5.144718447734292,10.667401906158773,5.979581410901186));
#9424=DIRECTION('',(-1.0,5.695889E-030,-3.125634E-014));
#9425=DIRECTION('',(-2.198129E-014,0.707106781186549,0.707106781186546));
#9426=AXIS2_PLACEMENT_3D('',#9423,#9424,#9425);
#9427=CYLINDRICAL_SURFACE('',#9426,0.500000000000000);
#9428=CARTESIAN_POINT('',(4.292240158749712,10.667401906158773,6.479581410901161));
#9429=VERTEX_POINT('',#9428);
#9430=CARTESIAN_POINT('',(4.292240158749728,10.667401906158773,5.979581410901160));
#9431=DIRECTION('',(1.0,1.554312E-014,1.554312E-014));
#9432=DIRECTION('',(-2.198129E-014,0.707106781186549,0.707106781186546));
#9433=AXIS2_PLACEMENT_3D('',#9430,#9431,#9432);
#9434=CIRCLE('',#9433,0.500000000000000);
#9435=EDGE_CURVE('',#9406,#9429,#9434,.T.);
#9436=ORIENTED_EDGE('',*,*,#9435,.T.);
#9437=CARTESIAN_POINT('',(4.292240158749712,10.667401906158773,6.479581410901161));
#9438=DIRECTION('',(1.0,0.0,0.0));
#9439=VECTOR('',#9438,1.136637718646096);
#9440=LINE('',#9437,#9439);
#9441=EDGE_CURVE('',#9429,#9375,#9440,.T.);
#9442=ORIENTED_EDGE('',*,*,#9441,.T.);
#9443=ORIENTED_EDGE('',*,*,#9381,.T.);
#9444=ORIENTED_EDGE('',*,*,#9417,.T.);
#9445=EDGE_LOOP('',(#9436,#9442,#9443,#9444));
#9446=FACE_OUTER_BOUND('',#9445,.T.);
#9447=ADVANCED_FACE('',(#9446),#9427,.T.);
#9448=CARTESIAN_POINT('',(4.576399588411234,10.667401906158773,13.746356358215444));
#9449=DIRECTION('',(1.0,-5.695889E-030,-3.907043E-015));
#9450=DIRECTION('',(-3.140185E-015,0.707106781186551,-0.707106781186544));
#9451=AXIS2_PLACEMENT_3D('',#9448,#9449,#9450);
#9452=CYLINDRICAL_SURFACE('',#9451,0.500000000000000);
#9453=CARTESIAN_POINT('',(5.428877877395810,11.167401906158773,13.746356358215440));
#9454=VERTEX_POINT('',#9453);
#9455=CARTESIAN_POINT('',(5.428877877395813,10.667401906158773,13.246356358215440));
#9456=VERTEX_POINT('',#9455);
#9457=CARTESIAN_POINT('',(5.428877877395815,10.667401906158773,13.746356358215442));
#9458=DIRECTION('',(-1.0,-2.220446E-015,2.220446E-015));
#9459=DIRECTION('',(-3.140185E-015,0.707106781186551,-0.707106781186544));
#9460=AXIS2_PLACEMENT_3D('',#9457,#9458,#9459);
#9461=CIRCLE('',#9460,0.500000000000000);
#9462=EDGE_CURVE('',#9454,#9456,#9461,.T.);
#9463=ORIENTED_EDGE('',*,*,#9462,.T.);
#9464=CARTESIAN_POINT('',(4.292240158749703,10.667401906158773,13.246356358215445));
#9465=VERTEX_POINT('',#9464);
#9466=CARTESIAN_POINT('',(5.428877877395813,10.667401906158773,13.246356358215442));
#9467=DIRECTION('',(-1.0,0.0,0.0));
#9468=VECTOR('',#9467,1.136637718646110);
#9469=LINE('',#9466,#9468);
#9470=EDGE_CURVE('',#9456,#9465,#9469,.T.);
#9471=ORIENTED_EDGE('',*,*,#9470,.T.);
#9472=CARTESIAN_POINT('',(4.292240158749706,11.167401906158773,13.746356358215444));
#9473=VERTEX_POINT('',#9472);
#9474=CARTESIAN_POINT('',(4.292240158749710,10.667401906158773,13.746356358215444));
#9475=DIRECTION('',(1.0,2.220446E-015,-2.220446E-015));
#9476=DIRECTION('',(-3.140185E-015,0.707106781186551,-0.707106781186544));
#9477=AXIS2_PLACEMENT_3D('',#9474,#9475,#9476);
#9478=CIRCLE('',#9477,0.500000000000000);
#9479=EDGE_CURVE('',#9465,#9473,#9478,.T.);
#9480=ORIENTED_EDGE('',*,*,#9479,.T.);
#9481=CARTESIAN_POINT('',(4.292240158749706,11.167401906158773,13.746356358215445));
#9482=DIRECTION('',(1.0,0.0,0.0));
#9483=VECTOR('',#9482,1.136637718646104);
#9484=LINE('',#9481,#9483);
#9485=EDGE_CURVE('',#9473,#9454,#9484,.T.);
#9486=ORIENTED_EDGE('',*,*,#9485,.T.);
#9487=EDGE_LOOP('',(#9463,#9471,#9480,#9486));
#9488=FACE_OUTER_BOUND('',#9487,.T.);
#9489=ADVANCED_FACE('',(#9488),#9452,.T.);
#9490=CARTESIAN_POINT('',(5.428877877395813,3.167401906158773,13.246356358215440));
#9491=DIRECTION('',(1.0,0.0,0.0));
#9492=DIRECTION('',(0.0,0.0,-1.0));
#9493=AXIS2_PLACEMENT_3D('',#9490,#9491,#9492);
#9494=PLANE('',#9493);
#9495=ORIENTED_EDGE('',*,*,#9462,.F.);
#9496=CARTESIAN_POINT('',(5.428877877395810,11.167401906158773,13.888289128200961));
#9497=VERTEX_POINT('',#9496);
#9498=CARTESIAN_POINT('',(5.428877877395811,11.167401906158773,13.746356358215438));
#9499=DIRECTION('',(0.0,0.0,1.0));
#9500=VECTOR('',#9499,0.141932769985521);
#9501=LINE('',#9498,#9500);
#9502=EDGE_CURVE('',#9454,#9497,#9501,.T.);
#9503=ORIENTED_EDGE('',*,*,#9502,.T.);
#9504=CARTESIAN_POINT('',(5.428877877395808,10.667401906158773,14.388289128200961));
#9505=VERTEX_POINT('',#9504);
#9506=CARTESIAN_POINT('',(5.428877877395792,10.667401906158773,13.888289128200961));
#9507=DIRECTION('',(-1.0,-1.554312E-014,-1.554312E-014));
#9508=DIRECTION('',(-2.198129E-014,0.707106781186551,0.707106781186544));
#9509=AXIS2_PLACEMENT_3D('',#9506,#9507,#9508);
#9510=CIRCLE('',#9509,0.500000000000000);
#9511=EDGE_CURVE('',#9505,#9497,#9510,.T.);
#9512=ORIENTED_EDGE('',*,*,#9511,.F.);
#9513=CARTESIAN_POINT('',(5.428877877395808,3.167401906158773,14.388289128200961));
#9514=DIRECTION('',(0.0,1.0,0.0));
#9515=VECTOR('',#9514,7.500000000000000);
#9516=LINE('',#9513,#9515);
#9517=EDGE_CURVE('',#8865,#9505,#9516,.T.);
#9518=ORIENTED_EDGE('',*,*,#9517,.F.);
#9519=ORIENTED_EDGE('',*,*,#8870,.F.);
#9520=CARTESIAN_POINT('',(5.428877877395813,3.167401906158773,13.246356358215440));
#9521=DIRECTION('',(0.0,1.0,0.0));
#9522=VECTOR('',#9521,7.500000000000000);
#9523=LINE('',#9520,#9522);
#9524=EDGE_CURVE('',#8857,#9456,#9523,.T.);
#9525=ORIENTED_EDGE('',*,*,#9524,.T.);
#9526=EDGE_LOOP('',(#9495,#9503,#9512,#9518,#9519,#9525));
#9527=FACE_OUTER_BOUND('',#9526,.T.);
#9528=ADVANCED_FACE('',(#9527),#9494,.T.);
#9529=CARTESIAN_POINT('',(4.860559018072764,11.167401906158773,13.817322743208191));
#9530=DIRECTION('',(0.0,1.0,0.0));
#9531=DIRECTION('',(0.0,0.0,1.0));
#9532=AXIS2_PLACEMENT_3D('',#9529,#9530,#9531);
#9533=PLANE('',#9532);
#9534=ORIENTED_EDGE('',*,*,#9485,.F.);
#9535=CARTESIAN_POINT('',(4.292240158749708,11.167401906158773,13.888289128200926));
#9536=VERTEX_POINT('',#9535);
#9537=CARTESIAN_POINT('',(4.292240158749708,11.167401906158773,13.888289128200926));
#9538=DIRECTION('',(0.0,0.0,-1.0));
#9539=VECTOR('',#9538,0.141932769985482);
#9540=LINE('',#9537,#9539);
#9541=EDGE_CURVE('',#9536,#9473,#9540,.T.);
#9542=ORIENTED_EDGE('',*,*,#9541,.F.);
#9543=CARTESIAN_POINT('',(5.428877877395810,11.167401906158773,13.888289128200961));
#9544=DIRECTION('',(-1.0,0.0,0.0));
#9545=VECTOR('',#9544,1.136637718646102);
#9546=LINE('',#9543,#9545);
#9547=EDGE_CURVE('',#9497,#9536,#9546,.T.);
#9548=ORIENTED_EDGE('',*,*,#9547,.F.);
#9549=ORIENTED_EDGE('',*,*,#9502,.F.);
#9550=EDGE_LOOP('',(#9534,#9542,#9548,#9549));
#9551=FACE_OUTER_BOUND('',#9550,.T.);
#9552=ADVANCED_FACE('',(#9551),#9533,.T.);
#9553=CARTESIAN_POINT('',(5.144718447734292,10.667401906158773,13.888289128200952));
#9554=DIRECTION('',(-1.0,5.695889E-030,-3.125634E-014));
#9555=DIRECTION('',(-2.198129E-014,0.707106781186551,0.707106781186544));
#9556=AXIS2_PLACEMENT_3D('',#9553,#9554,#9555);
#9557=CYLINDRICAL_SURFACE('',#9556,0.500000000000000);
#9558=CARTESIAN_POINT('',(4.292240158749712,10.667401906158773,14.388289128200926));
#9559=VERTEX_POINT('',#9558);
#9560=CARTESIAN_POINT('',(4.292240158749728,10.667401906158773,13.888289128200926));
#9561=DIRECTION('',(1.0,1.554312E-014,1.554312E-014));
#9562=DIRECTION('',(-2.198129E-014,0.707106781186551,0.707106781186544));
#9563=AXIS2_PLACEMENT_3D('',#9560,#9561,#9562);
#9564=CIRCLE('',#9563,0.500000000000000);
#9565=EDGE_CURVE('',#9536,#9559,#9564,.T.);
#9566=ORIENTED_EDGE('',*,*,#9565,.T.);
#9567=CARTESIAN_POINT('',(4.292240158749712,10.667401906158773,14.388289128200926));
#9568=DIRECTION('',(1.0,0.0,0.0));
#9569=VECTOR('',#9568,1.136637718646096);
#9570=LINE('',#9567,#9569);
#9571=EDGE_CURVE('',#9559,#9505,#9570,.T.);
#9572=ORIENTED_EDGE('',*,*,#9571,.T.);
#9573=ORIENTED_EDGE('',*,*,#9511,.T.);
#9574=ORIENTED_EDGE('',*,*,#9547,.T.);
#9575=EDGE_LOOP('',(#9566,#9572,#9573,#9574));
#9576=FACE_OUTER_BOUND('',#9575,.T.);
#9577=ADVANCED_FACE('',(#9576),#9557,.T.);
#9578=CARTESIAN_POINT('',(5.428877877395808,3.167401906158773,6.479581410901196));
#9579=DIRECTION('',(0.0,0.0,1.0));
#9580=DIRECTION('',(1.0,0.0,0.0));
#9581=AXIS2_PLACEMENT_3D('',#9578,#9579,#9580);
#9582=PLANE('',#9581);
#9583=ORIENTED_EDGE('',*,*,#9441,.F.);
#9584=CARTESIAN_POINT('',(4.292240158749712,3.167401906158773,6.479581410901161));
#9585=DIRECTION('',(0.0,1.0,0.0));
#9586=VECTOR('',#9585,7.500000000000000);
#9587=LINE('',#9584,#9586);
#9588=EDGE_CURVE('',#8907,#9429,#9587,.T.);
#9589=ORIENTED_EDGE('',*,*,#9588,.F.);
#9590=ORIENTED_EDGE('',*,*,#8912,.F.);
#9591=ORIENTED_EDGE('',*,*,#9387,.T.);
#9592=EDGE_LOOP('',(#9583,#9589,#9590,#9591));
#9593=FACE_OUTER_BOUND('',#9592,.T.);
#9594=ADVANCED_FACE('',(#9593),#9582,.T.);
#9595=CARTESIAN_POINT('',(4.292240158749712,3.167401906158773,6.479581410901161));
#9596=DIRECTION('',(-1.0,0.0,0.0));
#9597=DIRECTION('',(0.0,0.0,1.0));
#9598=AXIS2_PLACEMENT_3D('',#9595,#9596,#9597);
#9599=PLANE('',#9598);
#9600=ORIENTED_EDGE('',*,*,#9349,.F.);
#9601=CARTESIAN_POINT('',(4.292240158749703,3.167401906158773,5.337648640915678));
#9602=DIRECTION('',(0.0,1.0,0.0));
#9603=VECTOR('',#9602,7.500000000000000);
#9604=LINE('',#9601,#9603);
#9605=EDGE_CURVE('',#8889,#9335,#9604,.T.);
#9606=ORIENTED_EDGE('',*,*,#9605,.F.);
#9607=ORIENTED_EDGE('',*,*,#8918,.F.);
#9608=ORIENTED_EDGE('',*,*,#9588,.T.);
#9609=ORIENTED_EDGE('',*,*,#9435,.F.);
#9610=ORIENTED_EDGE('',*,*,#9411,.T.);
#9611=EDGE_LOOP('',(#9600,#9606,#9607,#9608,#9609,#9610));
#9612=FACE_OUTER_BOUND('',#9611,.T.);
#9613=ADVANCED_FACE('',(#9612),#9599,.T.);
#9614=CARTESIAN_POINT('',(4.292240158749703,3.167401906158773,5.337648640915678));
#9615=DIRECTION('',(0.0,0.0,-1.0));
#9616=DIRECTION('',(-1.0,0.0,0.0));
#9617=AXIS2_PLACEMENT_3D('',#9614,#9615,#9616);
#9618=PLANE('',#9617);
#9619=ORIENTED_EDGE('',*,*,#9340,.F.);
#9620=ORIENTED_EDGE('',*,*,#9394,.F.);
#9621=ORIENTED_EDGE('',*,*,#8896,.F.);
#9622=ORIENTED_EDGE('',*,*,#9605,.T.);
#9623=EDGE_LOOP('',(#9619,#9620,#9621,#9622));
#9624=FACE_OUTER_BOUND('',#9623,.T.);
#9625=ADVANCED_FACE('',(#9624),#9618,.T.);
#9626=CARTESIAN_POINT('',(4.860559018072763,3.167401906158773,5.908615025908426));
#9627=DIRECTION('',(0.0,1.0,0.0));
#9628=DIRECTION('',(0.0,0.0,1.0));
#9629=AXIS2_PLACEMENT_3D('',#9626,#9627,#9628);
#9630=PLANE('',#9629);
#9631=CARTESIAN_POINT('',(4.292240158749703,3.167401906158773,5.337648640915679));
#9632=DIRECTION('',(1.0,0.0,0.0));
#9633=VECTOR('',#9632,1.136637718646110);
#9634=LINE('',#9631,#9633);
#9635=EDGE_CURVE('',#8889,#8891,#9634,.T.);
#9636=ORIENTED_EDGE('',*,*,#9635,.T.);
#9637=CARTESIAN_POINT('',(5.428877877395814,3.167401906158773,5.337648640915674));
#9638=DIRECTION('',(0.0,0.0,1.0));
#9639=VECTOR('',#9638,1.141932769985522);
#9640=LINE('',#9637,#9639);
#9641=EDGE_CURVE('',#8891,#8899,#9640,.T.);
#9642=ORIENTED_EDGE('',*,*,#9641,.T.);
#9643=CARTESIAN_POINT('',(5.428877877395808,3.167401906158773,6.479581410901195));
#9644=DIRECTION('',(-1.0,0.0,0.0));
#9645=VECTOR('',#9644,1.136637718646097);
#9646=LINE('',#9643,#9645);
#9647=EDGE_CURVE('',#8899,#8907,#9646,.T.);
#9648=ORIENTED_EDGE('',*,*,#9647,.T.);
#9649=CARTESIAN_POINT('',(4.292240158749711,3.167401906158773,6.479581410901161));
#9650=DIRECTION('',(0.0,0.0,-1.0));
#9651=VECTOR('',#9650,1.141932769985481);
#9652=LINE('',#9649,#9651);
#9653=EDGE_CURVE('',#8907,#8889,#9652,.T.);
#9654=ORIENTED_EDGE('',*,*,#9653,.T.);
#9655=EDGE_LOOP('',(#9636,#9642,#9648,#9654));
#9656=FACE_OUTER_BOUND('',#9655,.T.);
#9657=ADVANCED_FACE('',(#9656),#9630,.F.);
#9658=CARTESIAN_POINT('',(5.428877877395808,3.167401906158773,14.388289128200961));
#9659=DIRECTION('',(0.0,0.0,1.0));
#9660=DIRECTION('',(1.0,0.0,0.0));
#9661=AXIS2_PLACEMENT_3D('',#9658,#9659,#9660);
#9662=PLANE('',#9661);
#9663=ORIENTED_EDGE('',*,*,#9571,.F.);
#9664=CARTESIAN_POINT('',(4.292240158749712,3.167401906158773,14.388289128200926));
#9665=DIRECTION('',(0.0,1.0,0.0));
#9666=VECTOR('',#9665,7.500000000000000);
#9667=LINE('',#9664,#9666);
#9668=EDGE_CURVE('',#8873,#9559,#9667,.T.);
#9669=ORIENTED_EDGE('',*,*,#9668,.F.);
#9670=ORIENTED_EDGE('',*,*,#8878,.F.);
#9671=ORIENTED_EDGE('',*,*,#9517,.T.);
#9672=EDGE_LOOP('',(#9663,#9669,#9670,#9671));
#9673=FACE_OUTER_BOUND('',#9672,.T.);
#9674=ADVANCED_FACE('',(#9673),#9662,.T.);
#9675=CARTESIAN_POINT('',(4.292240158749712,3.167401906158773,14.388289128200926));
#9676=DIRECTION('',(-1.0,0.0,0.0));
#9677=DIRECTION('',(0.0,0.0,1.0));
#9678=AXIS2_PLACEMENT_3D('',#9675,#9676,#9677);
#9679=PLANE('',#9678);
#9680=ORIENTED_EDGE('',*,*,#9479,.F.);
#9681=CARTESIAN_POINT('',(4.292240158749703,3.167401906158773,13.246356358215445));
#9682=DIRECTION('',(0.0,1.0,0.0));
#9683=VECTOR('',#9682,7.500000000000000);
#9684=LINE('',#9681,#9683);
#9685=EDGE_CURVE('',#8855,#9465,#9684,.T.);
#9686=ORIENTED_EDGE('',*,*,#9685,.F.);
#9687=ORIENTED_EDGE('',*,*,#8884,.F.);
#9688=ORIENTED_EDGE('',*,*,#9668,.T.);
#9689=ORIENTED_EDGE('',*,*,#9565,.F.);
#9690=ORIENTED_EDGE('',*,*,#9541,.T.);
#9691=EDGE_LOOP('',(#9680,#9686,#9687,#9688,#9689,#9690));
#9692=FACE_OUTER_BOUND('',#9691,.T.);
#9693=ADVANCED_FACE('',(#9692),#9679,.T.);
#9694=CARTESIAN_POINT('',(4.292240158749703,3.167401906158773,13.246356358215445));
#9695=DIRECTION('',(0.0,0.0,-1.0));
#9696=DIRECTION('',(-1.0,0.0,0.0));
#9697=AXIS2_PLACEMENT_3D('',#9694,#9695,#9696);
#9698=PLANE('',#9697);
#9699=ORIENTED_EDGE('',*,*,#9470,.F.);
#9700=ORIENTED_EDGE('',*,*,#9524,.F.);
#9701=ORIENTED_EDGE('',*,*,#8862,.F.);
#9702=ORIENTED_EDGE('',*,*,#9685,.T.);
#9703=EDGE_LOOP('',(#9699,#9700,#9701,#9702));
#9704=FACE_OUTER_BOUND('',#9703,.T.);
#9705=ADVANCED_FACE('',(#9704),#9698,.T.);
#9706=CARTESIAN_POINT('',(4.860559018072763,3.167401906158773,13.817322743208191));
#9707=DIRECTION('',(0.0,1.0,0.0));
#9708=DIRECTION('',(0.0,0.0,1.0));
#9709=AXIS2_PLACEMENT_3D('',#9706,#9707,#9708);
#9710=PLANE('',#9709);
#9711=CARTESIAN_POINT('',(4.292240158749703,3.167401906158773,13.246356358215445));
#9712=DIRECTION('',(1.0,0.0,0.0));
#9713=VECTOR('',#9712,1.136637718646110);
#9714=LINE('',#9711,#9713);
#9715=EDGE_CURVE('',#8855,#8857,#9714,.T.);
#9716=ORIENTED_EDGE('',*,*,#9715,.T.);
#9717=CARTESIAN_POINT('',(5.428877877395813,3.167401906158773,13.246356358215440));
#9718=DIRECTION('',(0.0,0.0,1.0));
#9719=VECTOR('',#9718,1.141932769985521);
#9720=LINE('',#9717,#9719);
#9721=EDGE_CURVE('',#8857,#8865,#9720,.T.);
#9722=ORIENTED_EDGE('',*,*,#9721,.T.);
#9723=CARTESIAN_POINT('',(5.428877877395808,3.167401906158773,14.388289128200961));
#9724=DIRECTION('',(-1.0,0.0,0.0));
#9725=VECTOR('',#9724,1.136637718646097);
#9726=LINE('',#9723,#9725);
#9727=EDGE_CURVE('',#8865,#8873,#9726,.T.);
#9728=ORIENTED_EDGE('',*,*,#9727,.T.);
#9729=CARTESIAN_POINT('',(4.292240158749712,3.167401906158773,14.388289128200926));
#9730=DIRECTION('',(0.0,0.0,-1.0));
#9731=VECTOR('',#9730,1.141932769985480);
#9732=LINE('',#9729,#9731);
#9733=EDGE_CURVE('',#8873,#8855,#9732,.T.);
#9734=ORIENTED_EDGE('',*,*,#9733,.T.);
#9735=EDGE_LOOP('',(#9716,#9722,#9728,#9734));
#9736=FACE_OUTER_BOUND('',#9735,.T.);
#9737=ADVANCED_FACE('',(#9736),#9710,.F.);
#9738=CARTESIAN_POINT('',(4.292240158749712,-0.031058869405598,6.479581410901161));
#9739=DIRECTION('',(0.0,0.0,1.0));
#9740=DIRECTION('',(1.0,0.0,0.0));
#9741=AXIS2_PLACEMENT_3D('',#9738,#9739,#9740);
#9742=PLANE('',#9741);
#9743=ORIENTED_EDGE('',*,*,#9172,.F.);
#9744=CARTESIAN_POINT('',(5.428877877395808,-0.031058869405598,6.479581410901196));
#9745=VERTEX_POINT('',#9744);
#9746=CARTESIAN_POINT('',(5.428877877395808,-0.031058869405598,6.479581410901196));
#9747=DIRECTION('',(0.0,-1.0,0.0));
#9748=VECTOR('',#9747,1.300000000000000);
#9749=LINE('',#9746,#9748);
#9750=EDGE_CURVE('',#9745,#9160,#9749,.T.);
#9751=ORIENTED_EDGE('',*,*,#9750,.F.);
#9752=CARTESIAN_POINT('',(4.292240158749712,-0.031058869405598,6.479581410901161));
#9753=DIRECTION('',(1.0,0.0,0.0));
#9754=VECTOR('',#9753,1.136637718646097);
#9755=LINE('',#9752,#9754);
#9756=EDGE_CURVE('',#9106,#9745,#9755,.T.);
#9757=ORIENTED_EDGE('',*,*,#9756,.F.);
#9758=ORIENTED_EDGE('',*,*,#9111,.T.);
#9759=EDGE_LOOP('',(#9743,#9751,#9757,#9758));
#9760=FACE_OUTER_BOUND('',#9759,.T.);
#9761=ADVANCED_FACE('',(#9760),#9742,.T.);
#9762=CARTESIAN_POINT('',(5.428877877395808,-0.031058869405598,6.479581410901196));
#9763=DIRECTION('',(1.0,0.0,0.0));
#9764=DIRECTION('',(0.0,0.0,-1.0));
#9765=AXIS2_PLACEMENT_3D('',#9762,#9763,#9764);
#9766=PLANE('',#9765);
#9767=ORIENTED_EDGE('',*,*,#9071,.F.);
#9768=CARTESIAN_POINT('',(5.428877877395813,-0.031058869405598,5.337648640915674));
#9769=VERTEX_POINT('',#9768);
#9770=CARTESIAN_POINT('',(5.428877877395813,-0.031058869405598,5.337648640915674));
#9771=DIRECTION('',(0.0,-1.0,0.0));
#9772=VECTOR('',#9771,1.300000000000000);
#9773=LINE('',#9770,#9772);
#9774=EDGE_CURVE('',#9769,#9057,#9773,.T.);
#9775=ORIENTED_EDGE('',*,*,#9774,.F.);
#9776=CARTESIAN_POINT('',(5.428877877395809,-0.031058869405598,6.479581410901196));
#9777=DIRECTION('',(0.0,0.0,-1.0));
#9778=VECTOR('',#9777,1.141932769985522);
#9779=LINE('',#9776,#9778);
#9780=EDGE_CURVE('',#9745,#9769,#9779,.T.);
#9781=ORIENTED_EDGE('',*,*,#9780,.F.);
#9782=ORIENTED_EDGE('',*,*,#9750,.T.);
#9783=ORIENTED_EDGE('',*,*,#9166,.F.);
#9784=ORIENTED_EDGE('',*,*,#9142,.T.);
#9785=EDGE_LOOP('',(#9767,#9775,#9781,#9782,#9783,#9784));
#9786=FACE_OUTER_BOUND('',#9785,.T.);
#9787=ADVANCED_FACE('',(#9786),#9766,.T.);
#9788=CARTESIAN_POINT('',(5.428877877395813,-0.031058869405598,5.337648640915674));
#9789=DIRECTION('',(0.0,0.0,-1.0));
#9790=DIRECTION('',(-1.0,0.0,0.0));
#9791=AXIS2_PLACEMENT_3D('',#9788,#9789,#9790);
#9792=PLANE('',#9791);
#9793=ORIENTED_EDGE('',*,*,#9062,.F.);
#9794=ORIENTED_EDGE('',*,*,#9125,.F.);
#9795=CARTESIAN_POINT('',(5.428877877395813,-0.031058869405598,5.337648640915674));
#9796=DIRECTION('',(-1.0,0.0,0.0));
#9797=VECTOR('',#9796,1.136637718646110);
#9798=LINE('',#9795,#9797);
#9799=EDGE_CURVE('',#9769,#9114,#9798,.T.);
#9800=ORIENTED_EDGE('',*,*,#9799,.F.);
#9801=ORIENTED_EDGE('',*,*,#9774,.T.);
#9802=EDGE_LOOP('',(#9793,#9794,#9800,#9801));
#9803=FACE_OUTER_BOUND('',#9802,.T.);
#9804=ADVANCED_FACE('',(#9803),#9792,.T.);
#9805=CARTESIAN_POINT('',(4.860559018072764,-0.031058869405598,5.908615025908427));
#9806=DIRECTION('',(0.0,1.0,0.0));
#9807=DIRECTION('',(0.0,0.0,1.0));
#9808=AXIS2_PLACEMENT_3D('',#9805,#9806,#9807);
#9809=PLANE('',#9808);
#9810=ORIENTED_EDGE('',*,*,#9799,.T.);
#9811=ORIENTED_EDGE('',*,*,#9119,.T.);
#9812=ORIENTED_EDGE('',*,*,#9756,.T.);
#9813=ORIENTED_EDGE('',*,*,#9780,.T.);
#9814=EDGE_LOOP('',(#9810,#9811,#9812,#9813));
#9815=FACE_OUTER_BOUND('',#9814,.T.);
#9816=ADVANCED_FACE('',(#9815),#9809,.T.);
#9817=CARTESIAN_POINT('',(4.292240158749712,-0.031058869405598,14.388289128200924));
#9818=DIRECTION('',(0.0,0.0,1.0));
#9819=DIRECTION('',(1.0,0.0,0.0));
#9820=AXIS2_PLACEMENT_3D('',#9817,#9818,#9819);
#9821=PLANE('',#9820);
#9822=ORIENTED_EDGE('',*,*,#9311,.F.);
#9823=CARTESIAN_POINT('',(5.428877877395808,-0.031058869405598,14.388289128200961));
#9824=VERTEX_POINT('',#9823);
#9825=CARTESIAN_POINT('',(5.428877877395808,-0.031058869405598,14.388289128200960));
#9826=DIRECTION('',(0.0,-1.0,0.0));
#9827=VECTOR('',#9826,1.300000000000000);
#9828=LINE('',#9825,#9827);
#9829=EDGE_CURVE('',#9824,#9299,#9828,.T.);
#9830=ORIENTED_EDGE('',*,*,#9829,.F.);
#9831=CARTESIAN_POINT('',(4.292240158749712,-0.031058869405598,14.388289128200928));
#9832=DIRECTION('',(1.0,0.0,0.0));
#9833=VECTOR('',#9832,1.136637718646097);
#9834=LINE('',#9831,#9833);
#9835=EDGE_CURVE('',#9245,#9824,#9834,.T.);
#9836=ORIENTED_EDGE('',*,*,#9835,.F.);
#9837=ORIENTED_EDGE('',*,*,#9250,.T.);
#9838=EDGE_LOOP('',(#9822,#9830,#9836,#9837));
#9839=FACE_OUTER_BOUND('',#9838,.T.);
#9840=ADVANCED_FACE('',(#9839),#9821,.T.);
#9841=CARTESIAN_POINT('',(5.428877877395808,-0.031058869405598,14.388289128200960));
#9842=DIRECTION('',(1.0,0.0,0.0));
#9843=DIRECTION('',(0.0,0.0,-1.0));
#9844=AXIS2_PLACEMENT_3D('',#9841,#9842,#9843);
#9845=PLANE('',#9844);
#9846=ORIENTED_EDGE('',*,*,#9210,.F.);
#9847=CARTESIAN_POINT('',(5.428877877395813,-0.031058869405598,13.246356358215440));
#9848=VERTEX_POINT('',#9847);
#9849=CARTESIAN_POINT('',(5.428877877395813,-0.031058869405598,13.246356358215440));
#9850=DIRECTION('',(0.0,-1.0,0.0));
#9851=VECTOR('',#9850,1.300000000000000);
#9852=LINE('',#9849,#9851);
#9853=EDGE_CURVE('',#9848,#9196,#9852,.T.);
#9854=ORIENTED_EDGE('',*,*,#9853,.F.);
#9855=CARTESIAN_POINT('',(5.428877877395809,-0.031058869405598,14.388289128200963));
#9856=DIRECTION('',(0.0,0.0,-1.0));
#9857=VECTOR('',#9856,1.141932769985523);
#9858=LINE('',#9855,#9857);
#9859=EDGE_CURVE('',#9824,#9848,#9858,.T.);
#9860=ORIENTED_EDGE('',*,*,#9859,.F.);
#9861=ORIENTED_EDGE('',*,*,#9829,.T.);
#9862=ORIENTED_EDGE('',*,*,#9305,.F.);
#9863=ORIENTED_EDGE('',*,*,#9281,.T.);
#9864=EDGE_LOOP('',(#9846,#9854,#9860,#9861,#9862,#9863));
#9865=FACE_OUTER_BOUND('',#9864,.T.);
#9866=ADVANCED_FACE('',(#9865),#9845,.T.);
#9867=CARTESIAN_POINT('',(5.428877877395813,-0.031058869405598,13.246356358215440));
#9868=DIRECTION('',(0.0,0.0,-1.0));
#9869=DIRECTION('',(-1.0,0.0,0.0));
#9870=AXIS2_PLACEMENT_3D('',#9867,#9868,#9869);
#9871=PLANE('',#9870);
#9872=ORIENTED_EDGE('',*,*,#9201,.F.);
#9873=ORIENTED_EDGE('',*,*,#9264,.F.);
#9874=CARTESIAN_POINT('',(5.428877877395812,-0.031058869405598,13.246356358215442));
#9875=DIRECTION('',(-1.0,0.0,0.0));
#9876=VECTOR('',#9875,1.136637718646109);
#9877=LINE('',#9874,#9876);
#9878=EDGE_CURVE('',#9848,#9253,#9877,.T.);
#9879=ORIENTED_EDGE('',*,*,#9878,.F.);
#9880=ORIENTED_EDGE('',*,*,#9853,.T.);
#9881=EDGE_LOOP('',(#9872,#9873,#9879,#9880));
#9882=FACE_OUTER_BOUND('',#9881,.T.);
#9883=ADVANCED_FACE('',(#9882),#9871,.T.);
#9884=CARTESIAN_POINT('',(4.860559018072764,-0.031058869405598,13.817322743208189));
#9885=DIRECTION('',(0.0,1.0,0.0));
#9886=DIRECTION('',(0.0,0.0,1.0));
#9887=AXIS2_PLACEMENT_3D('',#9884,#9885,#9886);
#9888=PLANE('',#9887);
#9889=ORIENTED_EDGE('',*,*,#9878,.T.);
#9890=ORIENTED_EDGE('',*,*,#9258,.T.);
#9891=ORIENTED_EDGE('',*,*,#9835,.T.);
#9892=ORIENTED_EDGE('',*,*,#9859,.T.);
#9893=EDGE_LOOP('',(#9889,#9890,#9891,#9892));
#9894=FACE_OUTER_BOUND('',#9893,.T.);
#9895=ADVANCED_FACE('',(#9894),#9888,.T.);
#9896=CARTESIAN_POINT('',(6.855561383429404,9.363436202935048,14.389563498671869));
#9897=DIRECTION('',(-1.0,0.0,0.0));
#9898=DIRECTION('',(0.0,0.0,1.0));
#9899=AXIS2_PLACEMENT_3D('',#9896,#9897,#9898);
#9900=PLANE('',#9899);
#9901=ORIENTED_EDGE('',*,*,#9035,.F.);
#9902=CARTESIAN_POINT('',(6.855561383429404,-0.031058869405598,14.389563498671869));
#9903=VERTEX_POINT('',#9902);
#9904=CARTESIAN_POINT('',(6.855561383429404,-0.031058869405598,14.389563498671869));
#9905=DIRECTION('',(0.0,0.0,1.0));
#9906=VECTOR('',#9905,0.800000000000001);
#9907=LINE('',#9904,#9906);
#9908=EDGE_CURVE('',#9903,#9023,#9907,.T.);
#9909=ORIENTED_EDGE('',*,*,#9908,.F.);
#9910=CARTESIAN_POINT('',(6.855561383429404,3.167401906158773,14.389563498671869));
#9911=DIRECTION('',(0.0,-1.0,0.0));
#9912=VECTOR('',#9911,3.198460775564371);
#9913=LINE('',#9910,#9912);
#9914=EDGE_CURVE('',#8797,#9903,#9913,.T.);
#9915=ORIENTED_EDGE('',*,*,#9914,.F.);
#9916=ORIENTED_EDGE('',*,*,#8802,.T.);
#9917=EDGE_LOOP('',(#9901,#9909,#9915,#9916));
#9918=FACE_OUTER_BOUND('',#9917,.T.);
#9919=ADVANCED_FACE('',(#9918),#9900,.F.);
#9920=CARTESIAN_POINT('',(8.753487615399166,9.363436202935048,14.389563498671869));
#9921=DIRECTION('',(0.0,0.0,-1.0));
#9922=DIRECTION('',(-1.0,0.0,0.0));
#9923=AXIS2_PLACEMENT_3D('',#9920,#9921,#9922);
#9924=PLANE('',#9923);
#9925=CARTESIAN_POINT('',(8.055639811519143,9.363436202935048,14.389563498671869));
#9926=VERTEX_POINT('',#9925);
#9927=CARTESIAN_POINT('',(8.753487615399166,7.761558289483163,14.389563498671869));
#9928=VERTEX_POINT('',#9927);
#9929=CARTESIAN_POINT('',(8.055639811519143,9.363436202935050,14.389563498671869));
#9930=DIRECTION('',(0.399389828755693,-0.916781197825576,0.0));
#9931=VECTOR('',#9930,1.747284867153935);
#9932=LINE('',#9929,#9931);
#9933=EDGE_CURVE('',#9926,#9928,#9932,.T.);
#9934=ORIENTED_EDGE('',*,*,#9933,.F.);
#9935=CARTESIAN_POINT('',(7.352496956299718,9.363436202935048,14.389563498671869));
#9936=VERTEX_POINT('',#9935);
#9937=CARTESIAN_POINT('',(7.352496956299718,9.363436202935048,14.389563498671869));
#9938=DIRECTION('',(1.0,0.0,0.0));
#9939=VECTOR('',#9938,0.703142855219425);
#9940=LINE('',#9937,#9939);
#9941=EDGE_CURVE('',#9936,#9926,#9940,.T.);
#9942=ORIENTED_EDGE('',*,*,#9941,.F.);
#9943=CARTESIAN_POINT('',(6.855561383429404,7.761558289483163,14.389563498671869));
#9944=VERTEX_POINT('',#9943);
#9945=CARTESIAN_POINT('',(6.855561383429404,7.761558289483162,14.389563498671869));
#9946=DIRECTION('',(0.296291011848951,0.955097710340426,0.0));
#9947=VECTOR('',#9946,1.677187471092280);
#9948=LINE('',#9945,#9947);
#9949=EDGE_CURVE('',#9944,#9936,#9948,.T.);
#9950=ORIENTED_EDGE('',*,*,#9949,.F.);
#9951=CARTESIAN_POINT('',(6.855561383429404,3.167401906158774,14.389563498671869));
#9952=DIRECTION('',(0.0,1.0,0.0));
#9953=VECTOR('',#9952,4.594156383324389);
#9954=LINE('',#9951,#9953);
#9955=EDGE_CURVE('',#8797,#9944,#9954,.T.);
#9956=ORIENTED_EDGE('',*,*,#9955,.F.);
#9957=ORIENTED_EDGE('',*,*,#9914,.T.);
#9958=CARTESIAN_POINT('',(8.055639811519143,-0.031058869405598,14.389563498671869));
#9959=VERTEX_POINT('',#9958);
#9960=CARTESIAN_POINT('',(8.055639811519143,-0.031058869405598,14.389563498671869));
#9961=DIRECTION('',(-1.0,0.0,0.0));
#9962=VECTOR('',#9961,1.200078428089739);
#9963=LINE('',#9960,#9962);
#9964=EDGE_CURVE('',#9959,#9903,#9963,.T.);
#9965=ORIENTED_EDGE('',*,*,#9964,.F.);
#9966=CARTESIAN_POINT('',(8.055639811519143,7.264622716612821,14.389563498671869));
#9967=VERTEX_POINT('',#9966);
#9968=CARTESIAN_POINT('',(8.055639811519143,7.264622716612820,14.389563498671869));
#9969=DIRECTION('',(0.0,-1.0,0.0));
#9970=VECTOR('',#9969,7.295681586018418);
#9971=LINE('',#9968,#9970);
#9972=EDGE_CURVE('',#9967,#9959,#9971,.T.);
#9973=ORIENTED_EDGE('',*,*,#9972,.F.);
#9974=CARTESIAN_POINT('',(8.753487615399166,7.264622716612821,14.389563498671869));
#9975=VERTEX_POINT('',#9974);
#9976=CARTESIAN_POINT('',(8.753487615399166,7.264622716612821,14.389563498671869));
#9977=DIRECTION('',(-1.0,0.0,0.0));
#9978=VECTOR('',#9977,0.697847803880023);
#9979=LINE('',#9976,#9978);
#9980=EDGE_CURVE('',#9975,#9967,#9979,.T.);
#9981=ORIENTED_EDGE('',*,*,#9980,.F.);
#9982=CARTESIAN_POINT('',(8.753487615399166,7.761558289483163,14.389563498671869));
#9983=DIRECTION('',(0.0,-1.0,0.0));
#9984=VECTOR('',#9983,0.496935572870341);
#9985=LINE('',#9982,#9984);
#9986=EDGE_CURVE('',#9928,#9975,#9985,.T.);
#9987=ORIENTED_EDGE('',*,*,#9986,.F.);
#9988=EDGE_LOOP('',(#9934,#9942,#9950,#9956,#9957,#9965,#9973,#9981,#9987));
#9989=FACE_OUTER_BOUND('',#9988,.T.);
#9990=ADVANCED_FACE('',(#9989),#9924,.F.);
#9991=CARTESIAN_POINT('',(8.753487615399166,7.761558289483163,0.0));
#9992=DIRECTION('',(1.0,0.0,0.0));
#9993=DIRECTION('',(0.0,0.0,-1.0));
#9994=AXIS2_PLACEMENT_3D('',#9991,#9992,#9993);
#9995=PLANE('',#9994);
#9996=ORIENTED_EDGE('',*,*,#9986,.T.);
#9997=CARTESIAN_POINT('',(8.753487615399166,7.264622716612821,1.500000000000000));
#9998=VERTEX_POINT('',#9997);
#9999=CARTESIAN_POINT('',(8.753487615399166,7.264622716612821,1.500000000000000));
#10000=DIRECTION('',(0.0,0.0,1.0));
#10001=VECTOR('',#10000,12.889563498671869);
#10002=LINE('',#9999,#10001);
#10003=EDGE_CURVE('',#9998,#9975,#10002,.T.);
#10004=ORIENTED_EDGE('',*,*,#10003,.F.);
#10005=CARTESIAN_POINT('',(8.753487615399166,7.761558289483163,1.500000000000000));
#10006=VERTEX_POINT('',#10005);
#10007=CARTESIAN_POINT('',(8.753487615399166,7.264622716612822,1.500000000000000));
#10008=DIRECTION('',(0.0,1.0,0.0));
#10009=VECTOR('',#10008,0.496935572870341);
#10010=LINE('',#10007,#10009);
#10011=EDGE_CURVE('',#9998,#10006,#10010,.T.);
#10012=ORIENTED_EDGE('',*,*,#10011,.T.);
#10013=CARTESIAN_POINT('',(8.753487615399166,7.761558289483163,1.500000000000000));
#10014=DIRECTION('',(0.0,0.0,1.0));
#10015=VECTOR('',#10014,12.889563498671869);
#10016=LINE('',#10013,#10015);
#10017=EDGE_CURVE('',#10006,#9928,#10016,.T.);
#10018=ORIENTED_EDGE('',*,*,#10017,.T.);
#10019=EDGE_LOOP('',(#9996,#10004,#10012,#10018));
#10020=FACE_OUTER_BOUND('',#10019,.T.);
#10021=ADVANCED_FACE('',(#10020),#9995,.T.);
#10022=CARTESIAN_POINT('',(8.753487615399166,7.264622716612821,0.0));
#10023=DIRECTION('',(0.0,-1.0,0.0));
#10024=DIRECTION('',(0.0,0.0,-1.0));
#10025=AXIS2_PLACEMENT_3D('',#10022,#10023,#10024);
#10026=PLANE('',#10025);
#10027=ORIENTED_EDGE('',*,*,#9980,.T.);
#10028=CARTESIAN_POINT('',(8.055639811519143,7.264622716612821,1.500000000000000));
#10029=VERTEX_POINT('',#10028);
#10030=CARTESIAN_POINT('',(8.055639811519143,7.264622716612821,1.500000000000000));
#10031=DIRECTION('',(0.0,0.0,1.0));
#10032=VECTOR('',#10031,12.889563498671869);
#10033=LINE('',#10030,#10032);
#10034=EDGE_CURVE('',#10029,#9967,#10033,.T.);
#10035=ORIENTED_EDGE('',*,*,#10034,.F.);
#10036=CARTESIAN_POINT('',(8.055639811519143,7.264622716612821,1.500000000000000));
#10037=DIRECTION('',(1.0,0.0,0.0));
#10038=VECTOR('',#10037,0.697847803880023);
#10039=LINE('',#10036,#10038);
#10040=EDGE_CURVE('',#10029,#9998,#10039,.T.);
#10041=ORIENTED_EDGE('',*,*,#10040,.T.);
#10042=ORIENTED_EDGE('',*,*,#10003,.T.);
#10043=EDGE_LOOP('',(#10027,#10035,#10041,#10042));
#10044=FACE_OUTER_BOUND('',#10043,.T.);
#10045=ADVANCED_FACE('',(#10044),#10026,.T.);
#10046=CARTESIAN_POINT('',(8.055639811519143,7.264622716612821,0.0));
#10047=DIRECTION('',(1.0,0.0,0.0));
#10048=DIRECTION('',(0.0,0.0,-1.0));
#10049=AXIS2_PLACEMENT_3D('',#10046,#10047,#10048);
#10050=PLANE('',#10049);
#10051=ORIENTED_EDGE('',*,*,#9972,.T.);
#10052=CARTESIAN_POINT('',(8.055639811519143,-0.031058869405598,1.500000000000000));
#10053=VERTEX_POINT('',#10052);
#10054=CARTESIAN_POINT('',(8.055639811519143,-0.031058869405598,1.500000000000000));
#10055=DIRECTION('',(0.0,0.0,1.0));
#10056=VECTOR('',#10055,12.889563498671869);
#10057=LINE('',#10054,#10056);
#10058=EDGE_CURVE('',#10053,#9959,#10057,.T.);
#10059=ORIENTED_EDGE('',*,*,#10058,.F.);
#10060=CARTESIAN_POINT('',(8.055639811519143,-0.031058869405598,1.500000000000000));
#10061=DIRECTION('',(0.0,1.0,0.0));
#10062=VECTOR('',#10061,7.295681586018418);
#10063=LINE('',#10060,#10062);
#10064=EDGE_CURVE('',#10053,#10029,#10063,.T.);
#10065=ORIENTED_EDGE('',*,*,#10064,.T.);
#10066=ORIENTED_EDGE('',*,*,#10034,.T.);
#10067=EDGE_LOOP('',(#10051,#10059,#10065,#10066));
#10068=FACE_OUTER_BOUND('',#10067,.T.);
#10069=ADVANCED_FACE('',(#10068),#10050,.T.);
#10070=CARTESIAN_POINT('',(8.055639811519143,-0.031058869405598,0.0));
#10071=DIRECTION('',(0.0,-1.0,0.0));
#10072=DIRECTION('',(0.0,0.0,-1.0));
#10073=AXIS2_PLACEMENT_3D('',#10070,#10071,#10072);
#10074=PLANE('',#10073);
#10075=ORIENTED_EDGE('',*,*,#8762,.F.);
#10076=CARTESIAN_POINT('',(0.062110421620702,-0.031058869405598,0.700000000000000));
#10077=VERTEX_POINT('',#10076);
#10078=CARTESIAN_POINT('',(0.062110421620702,-0.031058869405598,0.700000000000000));
#10079=DIRECTION('',(0.0,0.0,1.0));
#10080=VECTOR('',#10079,14.489563498671870);
#10081=LINE('',#10078,#10080);
#10082=EDGE_CURVE('',#10077,#8748,#10081,.T.);
#10083=ORIENTED_EDGE('',*,*,#10082,.F.);
#10084=CARTESIAN_POINT('',(0.762110421620702,-0.031058869405598,0.0));
#10085=VERTEX_POINT('',#10084);
#10086=CARTESIAN_POINT('',(0.762110421620702,-0.031058869405598,0.700000000000000));
#10087=DIRECTION('',(0.0,1.0,0.0));
#10088=DIRECTION('',(-0.707106781186548,0.0,-0.707106781186547));
#10089=AXIS2_PLACEMENT_3D('',#10086,#10087,#10088);
#10090=CIRCLE('',#10089,0.700000000000000);
#10091=EDGE_CURVE('',#10085,#10077,#10090,.T.);
#10092=ORIENTED_EDGE('',*,*,#10091,.F.);
#10093=CARTESIAN_POINT('',(6.155561383429404,-0.031058869405598,0.0));
#10094=VERTEX_POINT('',#10093);
#10095=CARTESIAN_POINT('',(0.762110421620702,-0.031058869405598,0.0));
#10096=DIRECTION('',(1.0,0.0,0.0));
#10097=VECTOR('',#10096,5.393450961808703);
#10098=LINE('',#10095,#10097);
#10099=EDGE_CURVE('',#10085,#10094,#10098,.T.);
#10100=ORIENTED_EDGE('',*,*,#10099,.T.);
#10101=CARTESIAN_POINT('',(6.855561383429404,-0.031058869405598,0.700000000000000));
#10102=VERTEX_POINT('',#10101);
#10103=CARTESIAN_POINT('',(6.155561383429404,-0.031058869405598,0.700000000000000));
#10104=DIRECTION('',(0.0,1.0,0.0));
#10105=DIRECTION('',(0.707106781186547,0.0,-0.707106781186548));
#10106=AXIS2_PLACEMENT_3D('',#10103,#10104,#10105);
#10107=CIRCLE('',#10106,0.700000000000000);
#10108=EDGE_CURVE('',#10102,#10094,#10107,.T.);
#10109=ORIENTED_EDGE('',*,*,#10108,.F.);
#10110=CARTESIAN_POINT('',(6.855561383429404,-0.031058869405598,1.500000000000000));
#10111=VERTEX_POINT('',#10110);
#10112=CARTESIAN_POINT('',(6.855561383429404,-0.031058869405598,0.700000000000000));
#10113=DIRECTION('',(0.0,0.0,1.0));
#10114=VECTOR('',#10113,0.800000000000000);
#10115=LINE('',#10112,#10114);
#10116=EDGE_CURVE('',#10102,#10111,#10115,.T.);
#10117=ORIENTED_EDGE('',*,*,#10116,.T.);
#10118=CARTESIAN_POINT('',(6.855561383429404,-0.031058869405598,1.500000000000000));
#10119=DIRECTION('',(1.0,0.0,0.0));
#10120=VECTOR('',#10119,1.200078428089739);
#10121=LINE('',#10118,#10120);
#10122=EDGE_CURVE('',#10111,#10053,#10121,.T.);
#10123=ORIENTED_EDGE('',*,*,#10122,.T.);
#10124=ORIENTED_EDGE('',*,*,#10058,.T.);
#10125=ORIENTED_EDGE('',*,*,#9964,.T.);
#10126=ORIENTED_EDGE('',*,*,#9908,.T.);
#10127=ORIENTED_EDGE('',*,*,#9029,.F.);
#10128=ORIENTED_EDGE('',*,*,#9003,.T.);
#10129=EDGE_LOOP('',(#10075,#10083,#10092,#10100,#10109,#10117,#10123,#10124,#10125,#10126,#10127,#10128));
#10130=FACE_OUTER_BOUND('',#10129,.T.);
#10131=CARTESIAN_POINT('',(5.428877877395792,-0.031058869405598,9.297397929803681));
#10132=VERTEX_POINT('',#10131);
#10133=CARTESIAN_POINT('',(4.292240158749703,-0.031058869405598,9.297397929803690));
#10134=VERTEX_POINT('',#10133);
#10135=CARTESIAN_POINT('',(5.428877877395792,-0.031058869405598,9.297397929803681));
#10136=DIRECTION('',(-1.0,0.0,0.0));
#10137=VECTOR('',#10136,1.136637718646090);
#10138=LINE('',#10135,#10137);
#10139=EDGE_CURVE('',#10132,#10134,#10138,.T.);
#10140=ORIENTED_EDGE('',*,*,#10139,.T.);
#10141=CARTESIAN_POINT('',(4.292240158749701,-0.031058869405598,10.434035648449797));
#10142=VERTEX_POINT('',#10141);
#10143=CARTESIAN_POINT('',(4.292240158749703,-0.031058869405598,9.297397929803690));
#10144=DIRECTION('',(0.0,0.0,1.0));
#10145=VECTOR('',#10144,1.136637718646108);
#10146=LINE('',#10143,#10145);
#10147=EDGE_CURVE('',#10134,#10142,#10146,.T.);
#10148=ORIENTED_EDGE('',*,*,#10147,.T.);
#10149=CARTESIAN_POINT('',(5.428877877395806,-0.031058869405598,10.434035648449804));
#10150=VERTEX_POINT('',#10149);
#10151=CARTESIAN_POINT('',(4.292240158749700,-0.031058869405598,10.434035648449798));
#10152=DIRECTION('',(1.0,0.0,0.0));
#10153=VECTOR('',#10152,1.136637718646106);
#10154=LINE('',#10151,#10153);
#10155=EDGE_CURVE('',#10142,#10150,#10154,.T.);
#10156=ORIENTED_EDGE('',*,*,#10155,.T.);
#10157=CARTESIAN_POINT('',(5.428877877395805,-0.031058869405598,10.434035648449804));
#10158=DIRECTION('',(0.0,0.0,-1.0));
#10159=VECTOR('',#10158,1.136637718646123);
#10160=LINE('',#10157,#10159);
#10161=EDGE_CURVE('',#10150,#10132,#10160,.T.);
#10162=ORIENTED_EDGE('',*,*,#10161,.T.);
#10163=EDGE_LOOP('',(#10140,#10148,#10156,#10162));
#10164=FACE_BOUND('',#10163,.T.);
#10165=CARTESIAN_POINT('',(5.428877877395816,-0.031058869405598,1.388690212503916));
#10166=VERTEX_POINT('',#10165);
#10167=CARTESIAN_POINT('',(4.292240158749728,-0.031058869405598,1.388690212503896));
#10168=VERTEX_POINT('',#10167);
#10169=CARTESIAN_POINT('',(5.428877877395816,-0.031058869405598,1.388690212503916));
#10170=DIRECTION('',(-1.0,0.0,0.0));
#10171=VECTOR('',#10170,1.136637718646090);
#10172=LINE('',#10169,#10171);
#10173=EDGE_CURVE('',#10166,#10168,#10172,.T.);
#10174=ORIENTED_EDGE('',*,*,#10173,.T.);
#10175=CARTESIAN_POINT('',(4.292240158749703,-0.031058869405598,2.525352907807281));
#10176=VERTEX_POINT('',#10175);
#10177=CARTESIAN_POINT('',(4.292240158749728,-0.031058869405598,1.388690212503896));
#10178=DIRECTION('',(0.0,0.0,1.0));
#10179=VECTOR('',#10178,1.136662695303385);
#10180=LINE('',#10177,#10179);
#10181=EDGE_CURVE('',#10168,#10176,#10180,.T.);
#10182=ORIENTED_EDGE('',*,*,#10181,.T.);
#10183=CARTESIAN_POINT('',(5.428877877395824,-0.031058869405598,2.525352907807281));
#10184=VERTEX_POINT('',#10183);
#10185=CARTESIAN_POINT('',(4.292240158749703,-0.031058869405598,2.525352907807281));
#10186=DIRECTION('',(1.0,0.0,0.0));
#10187=VECTOR('',#10186,1.136637718646121);
#10188=LINE('',#10185,#10187);
#10189=EDGE_CURVE('',#10176,#10184,#10188,.T.);
#10190=ORIENTED_EDGE('',*,*,#10189,.T.);
#10191=CARTESIAN_POINT('',(5.428877877395823,-0.031058869405598,2.525352907807281));
#10192=DIRECTION('',(0.0,0.0,-1.0));
#10193=VECTOR('',#10192,1.136662695303365);
#10194=LINE('',#10191,#10193);
#10195=EDGE_CURVE('',#10184,#10166,#10194,.T.);
#10196=ORIENTED_EDGE('',*,*,#10195,.T.);
#10197=EDGE_LOOP('',(#10174,#10182,#10190,#10196));
#10198=FACE_BOUND('',#10197,.T.);
#10199=CARTESIAN_POINT('',(5.428877877395813,-0.031058869405598,5.337648640915674));
#10200=DIRECTION('',(-1.0,0.0,0.0));
#10201=VECTOR('',#10200,1.136637718646110);
#10202=LINE('',#10199,#10201);
#10203=EDGE_CURVE('',#9769,#9114,#10202,.T.);
#10204=ORIENTED_EDGE('',*,*,#10203,.T.);
#10205=CARTESIAN_POINT('',(4.292240158749702,-0.031058869405598,5.337648640915679));
#10206=DIRECTION('',(0.0,0.0,1.0));
#10207=VECTOR('',#10206,1.141932769985481);
#10208=LINE('',#10205,#10207);
#10209=EDGE_CURVE('',#9114,#9106,#10208,.T.);
#10210=ORIENTED_EDGE('',*,*,#10209,.T.);
#10211=CARTESIAN_POINT('',(4.292240158749712,-0.031058869405598,6.479581410901161));
#10212=DIRECTION('',(1.0,0.0,0.0));
#10213=VECTOR('',#10212,1.136637718646097);
#10214=LINE('',#10211,#10213);
#10215=EDGE_CURVE('',#9106,#9745,#10214,.T.);
#10216=ORIENTED_EDGE('',*,*,#10215,.T.);
#10217=CARTESIAN_POINT('',(5.428877877395809,-0.031058869405598,6.479581410901196));
#10218=DIRECTION('',(0.0,0.0,-1.0));
#10219=VECTOR('',#10218,1.141932769985522);
#10220=LINE('',#10217,#10219);
#10221=EDGE_CURVE('',#9745,#9769,#10220,.T.);
#10222=ORIENTED_EDGE('',*,*,#10221,.T.);
#10223=EDGE_LOOP('',(#10204,#10210,#10216,#10222));
#10224=FACE_BOUND('',#10223,.T.);
#10225=CARTESIAN_POINT('',(5.428877877395812,-0.031058869405598,13.246356358215442));
#10226=DIRECTION('',(-1.0,0.0,0.0));
#10227=VECTOR('',#10226,1.136637718646109);
#10228=LINE('',#10225,#10227);
#10229=EDGE_CURVE('',#9848,#9253,#10228,.T.);
#10230=ORIENTED_EDGE('',*,*,#10229,.T.);
#10231=CARTESIAN_POINT('',(4.292240158749702,-0.031058869405598,13.246356358215445));
#10232=DIRECTION('',(0.0,0.0,1.0));
#10233=VECTOR('',#10232,1.141932769985480);
#10234=LINE('',#10231,#10233);
#10235=EDGE_CURVE('',#9253,#9245,#10234,.T.);
#10236=ORIENTED_EDGE('',*,*,#10235,.T.);
#10237=CARTESIAN_POINT('',(4.292240158749712,-0.031058869405598,14.388289128200928));
#10238=DIRECTION('',(1.0,0.0,0.0));
#10239=VECTOR('',#10238,1.136637718646097);
#10240=LINE('',#10237,#10239);
#10241=EDGE_CURVE('',#9245,#9824,#10240,.T.);
#10242=ORIENTED_EDGE('',*,*,#10241,.T.);
#10243=CARTESIAN_POINT('',(5.428877877395809,-0.031058869405598,14.388289128200963));
#10244=DIRECTION('',(0.0,0.0,-1.0));
#10245=VECTOR('',#10244,1.141932769985523);
#10246=LINE('',#10243,#10245);
#10247=EDGE_CURVE('',#9824,#9848,#10246,.T.);
#10248=ORIENTED_EDGE('',*,*,#10247,.T.);
#10249=EDGE_LOOP('',(#10230,#10236,#10242,#10248));
#10250=FACE_BOUND('',#10249,.T.);
#10251=ADVANCED_FACE('',(#10130,#10164,#10198,#10224,#10250),#10074,.T.);
#10252=CARTESIAN_POINT('',(6.855561383429404,3.167401906158773,0.0));
#10253=DIRECTION('',(-1.0,0.0,0.0));
#10254=DIRECTION('',(0.0,0.0,1.0));
#10255=AXIS2_PLACEMENT_3D('',#10252,#10253,#10254);
#10256=PLANE('',#10255);
#10257=ORIENTED_EDGE('',*,*,#9955,.T.);
#10258=CARTESIAN_POINT('',(6.855561383429404,7.761558289483163,1.500000000000000));
#10259=VERTEX_POINT('',#10258);
#10260=CARTESIAN_POINT('',(6.855561383429404,7.761558289483163,1.500000000000000));
#10261=DIRECTION('',(0.0,0.0,1.0));
#10262=VECTOR('',#10261,12.889563498671869);
#10263=LINE('',#10260,#10262);
#10264=EDGE_CURVE('',#10259,#9944,#10263,.T.);
#10265=ORIENTED_EDGE('',*,*,#10264,.F.);
#10266=CARTESIAN_POINT('',(6.855561383429404,7.761558289483163,1.500000000000000));
#10267=DIRECTION('',(0.0,-1.0,0.0));
#10268=VECTOR('',#10267,4.594156383324389);
#10269=LINE('',#10266,#10268);
#10270=EDGE_CURVE('',#10259,#8805,#10269,.T.);
#10271=ORIENTED_EDGE('',*,*,#10270,.T.);
#10272=ORIENTED_EDGE('',*,*,#8810,.T.);
#10273=EDGE_LOOP('',(#10257,#10265,#10271,#10272));
#10274=FACE_OUTER_BOUND('',#10273,.T.);
#10275=ADVANCED_FACE('',(#10274),#10256,.T.);
#10276=CARTESIAN_POINT('',(6.855561383429404,7.761558289483163,0.0));
#10277=DIRECTION('',(-0.955097710340427,0.296291011848951,0.0));
#10278=DIRECTION('',(0.0,0.0,1.0));
#10279=AXIS2_PLACEMENT_3D('',#10276,#10277,#10278);
#10280=PLANE('',#10279);
#10281=ORIENTED_EDGE('',*,*,#9949,.T.);
#10282=CARTESIAN_POINT('',(7.352496956299718,9.363436202935048,1.500000000000000));
#10283=VERTEX_POINT('',#10282);
#10284=CARTESIAN_POINT('',(7.352496956299718,9.363436202935048,1.500000000000000));
#10285=DIRECTION('',(0.0,0.0,1.0));
#10286=VECTOR('',#10285,12.889563498671869);
#10287=LINE('',#10284,#10286);
#10288=EDGE_CURVE('',#10283,#9936,#10287,.T.);
#10289=ORIENTED_EDGE('',*,*,#10288,.F.);
#10290=CARTESIAN_POINT('',(7.352496956299718,9.363436202935048,1.500000000000000));
#10291=DIRECTION('',(-0.296291011848950,-0.955097710340426,0.0));
#10292=VECTOR('',#10291,1.677187471092281);
#10293=LINE('',#10290,#10292);
#10294=EDGE_CURVE('',#10283,#10259,#10293,.T.);
#10295=ORIENTED_EDGE('',*,*,#10294,.T.);
#10296=ORIENTED_EDGE('',*,*,#10264,.T.);
#10297=EDGE_LOOP('',(#10281,#10289,#10295,#10296));
#10298=FACE_OUTER_BOUND('',#10297,.T.);
#10299=ADVANCED_FACE('',(#10298),#10280,.T.);
#10300=CARTESIAN_POINT('',(4.576399588411234,-1.332598093841228,2.025352907807281));
#10301=DIRECTION('',(1.0,-1.306495E-029,4.846196E-059));
#10302=DIRECTION('',(0.0,-0.707106781186548,0.707106781186548));
#10303=AXIS2_PLACEMENT_3D('',#10300,#10301,#10302);
#10304=CYLINDRICAL_SURFACE('',#10303,0.500000000000000);
#10305=CARTESIAN_POINT('',(5.428877877395820,-1.832598093841227,2.025352907807281));
#10306=VERTEX_POINT('',#10305);
#10307=CARTESIAN_POINT('',(5.428877877395824,-1.332598093841228,2.525352907807281));
#10308=VERTEX_POINT('',#10307);
#10309=CARTESIAN_POINT('',(5.428877877395824,-1.332598093841228,2.025352907807281));
#10310=DIRECTION('',(-1.000000000000000,0.0,0.0));
#10311=DIRECTION('',(0.0,-0.707106781186548,0.707106781186548));
#10312=AXIS2_PLACEMENT_3D('',#10309,#10310,#10311);
#10313=CIRCLE('',#10312,0.500000000000000);
#10314=EDGE_CURVE('',#10306,#10308,#10313,.T.);
#10315=ORIENTED_EDGE('',*,*,#10314,.T.);
#10316=CARTESIAN_POINT('',(4.292240158749703,-1.332598093841228,2.525352907807281));
#10317=VERTEX_POINT('',#10316);
#10318=CARTESIAN_POINT('',(5.428877877395824,-1.332598093841228,2.525352907807281));
#10319=DIRECTION('',(-1.0,0.0,0.0));
#10320=VECTOR('',#10319,1.136637718646121);
#10321=LINE('',#10318,#10320);
#10322=EDGE_CURVE('',#10308,#10317,#10321,.T.);
#10323=ORIENTED_EDGE('',*,*,#10322,.T.);
#10324=CARTESIAN_POINT('',(4.292240158749713,-1.832598093841227,2.025352907807281));
#10325=VERTEX_POINT('',#10324);
#10326=CARTESIAN_POINT('',(4.292240158749728,-1.332598093841228,2.025352907807281));
#10327=DIRECTION('',(1.000000000000000,0.0,0.0));
#10328=DIRECTION('',(0.0,-0.707106781186548,0.707106781186548));
#10329=AXIS2_PLACEMENT_3D('',#10326,#10327,#10328);
#10330=CIRCLE('',#10329,0.500000000000000);
#10331=EDGE_CURVE('',#10317,#10325,#10330,.T.);
#10332=ORIENTED_EDGE('',*,*,#10331,.T.);
#10333=CARTESIAN_POINT('',(4.292240158749713,-1.832598093841228,2.025352907807281));
#10334=DIRECTION('',(1.0,0.0,0.0));
#10335=VECTOR('',#10334,1.136637718646107);
#10336=LINE('',#10333,#10335);
#10337=EDGE_CURVE('',#10325,#10306,#10336,.T.);
#10338=ORIENTED_EDGE('',*,*,#10337,.T.);
#10339=EDGE_LOOP('',(#10315,#10323,#10332,#10338));
#10340=FACE_OUTER_BOUND('',#10339,.T.);
#10341=ADVANCED_FACE('',(#10340),#10304,.T.);
#10342=CARTESIAN_POINT('',(4.292240158749703,3.167401906158773,2.525352907807281));
#10343=DIRECTION('',(0.0,0.0,1.0));
#10344=DIRECTION('',(1.0,0.0,0.0));
#10345=AXIS2_PLACEMENT_3D('',#10342,#10343,#10344);
#10346=PLANE('',#10345);
#10347=ORIENTED_EDGE('',*,*,#10322,.F.);
#10348=CARTESIAN_POINT('',(5.428877877395824,-0.031058869405598,2.525352907807281));
#10349=DIRECTION('',(0.0,-1.0,0.0));
#10350=VECTOR('',#10349,1.301539224435630);
#10351=LINE('',#10348,#10350);
#10352=EDGE_CURVE('',#10184,#10308,#10351,.T.);
#10353=ORIENTED_EDGE('',*,*,#10352,.F.);
#10354=ORIENTED_EDGE('',*,*,#10189,.F.);
#10355=CARTESIAN_POINT('',(4.292240158749703,-0.031058869405598,2.525352907807281));
#10356=DIRECTION('',(0.0,-1.0,0.0));
#10357=VECTOR('',#10356,1.301539224435630);
#10358=LINE('',#10355,#10357);
#10359=EDGE_CURVE('',#10176,#10317,#10358,.T.);
#10360=ORIENTED_EDGE('',*,*,#10359,.T.);
#10361=EDGE_LOOP('',(#10347,#10353,#10354,#10360));
#10362=FACE_OUTER_BOUND('',#10361,.T.);
#10363=ADVANCED_FACE('',(#10362),#10346,.T.);
#10364=CARTESIAN_POINT('',(5.428877877395824,3.167401906158773,2.525352907807281));
#10365=DIRECTION('',(1.0,0.0,0.0));
#10366=DIRECTION('',(0.0,0.0,-1.0));
#10367=AXIS2_PLACEMENT_3D('',#10364,#10365,#10366);
#10368=PLANE('',#10367);
#10369=ORIENTED_EDGE('',*,*,#10314,.F.);
#10370=CARTESIAN_POINT('',(5.428877877395820,-1.832598093841227,1.888690212503916));
#10371=VERTEX_POINT('',#10370);
#10372=CARTESIAN_POINT('',(5.428877877395820,-1.832598093841227,2.025352907807281));
#10373=DIRECTION('',(0.0,0.0,-1.0));
#10374=VECTOR('',#10373,0.136662695303365);
#10375=LINE('',#10372,#10374);
#10376=EDGE_CURVE('',#10306,#10371,#10375,.T.);
#10377=ORIENTED_EDGE('',*,*,#10376,.T.);
#10378=CARTESIAN_POINT('',(5.428877877395816,-1.332598093841228,1.388690212503916));
#10379=VERTEX_POINT('',#10378);
#10380=CARTESIAN_POINT('',(5.428877877395834,-1.332598093841228,1.888690212503916));
#10381=DIRECTION('',(-1.000000000000000,-8.881784E-015,-8.881784E-015));
#10382=DIRECTION('',(1.256074E-014,-0.707106781186548,-0.707106781186548));
#10383=AXIS2_PLACEMENT_3D('',#10380,#10381,#10382);
#10384=CIRCLE('',#10383,0.500000000000000);
#10385=EDGE_CURVE('',#10379,#10371,#10384,.T.);
#10386=ORIENTED_EDGE('',*,*,#10385,.F.);
#10387=CARTESIAN_POINT('',(5.428877877395816,-0.031058869405598,1.388690212503916));
#10388=DIRECTION('',(0.0,-1.0,0.0));
#10389=VECTOR('',#10388,1.301539224435630);
#10390=LINE('',#10387,#10389);
#10391=EDGE_CURVE('',#10166,#10379,#10390,.T.);
#10392=ORIENTED_EDGE('',*,*,#10391,.F.);
#10393=ORIENTED_EDGE('',*,*,#10195,.F.);
#10394=ORIENTED_EDGE('',*,*,#10352,.T.);
#10395=EDGE_LOOP('',(#10369,#10377,#10386,#10392,#10393,#10394));
#10396=FACE_OUTER_BOUND('',#10395,.T.);
#10397=ADVANCED_FACE('',(#10396),#10368,.T.);
#10398=CARTESIAN_POINT('',(5.144718447734288,-1.332598093841228,1.888690212503911));
#10399=DIRECTION('',(-1.0,1.306495E-029,-1.758169E-014));
#10400=DIRECTION('',(1.256074E-014,-0.707106781186548,-0.707106781186548));
#10401=AXIS2_PLACEMENT_3D('',#10398,#10399,#10400);
#10402=CYLINDRICAL_SURFACE('',#10401,0.500000000000000);
#10403=CARTESIAN_POINT('',(4.292240158749717,-1.832598093841227,1.888690212503896));
#10404=VERTEX_POINT('',#10403);
#10405=CARTESIAN_POINT('',(4.292240158749728,-1.332598093841228,1.388690212503896));
#10406=VERTEX_POINT('',#10405);
#10407=CARTESIAN_POINT('',(4.292240158749719,-1.332598093841228,1.888690212503896));
#10408=DIRECTION('',(1.000000000000000,8.881784E-015,8.881784E-015));
#10409=DIRECTION('',(1.256074E-014,-0.707106781186548,-0.707106781186548));
#10410=AXIS2_PLACEMENT_3D('',#10407,#10408,#10409);
#10411=CIRCLE('',#10410,0.500000000000000);
#10412=EDGE_CURVE('',#10404,#10406,#10411,.T.);
#10413=ORIENTED_EDGE('',*,*,#10412,.T.);
#10414=CARTESIAN_POINT('',(4.292240158749728,-1.332598093841228,1.388690212503896));
#10415=DIRECTION('',(1.0,0.0,0.0));
#10416=VECTOR('',#10415,1.136637718646090);
#10417=LINE('',#10414,#10416);
#10418=EDGE_CURVE('',#10406,#10379,#10417,.T.);
#10419=ORIENTED_EDGE('',*,*,#10418,.T.);
#10420=ORIENTED_EDGE('',*,*,#10385,.T.);
#10421=CARTESIAN_POINT('',(5.428877877395820,-1.832598093841228,1.888690212503916));
#10422=DIRECTION('',(-1.0,0.0,0.0));
#10423=VECTOR('',#10422,1.136637718646103);
#10424=LINE('',#10421,#10423);
#10425=EDGE_CURVE('',#10371,#10404,#10424,.T.);
#10426=ORIENTED_EDGE('',*,*,#10425,.T.);
#10427=EDGE_LOOP('',(#10413,#10419,#10420,#10426));
#10428=FACE_OUTER_BOUND('',#10427,.T.);
#10429=ADVANCED_FACE('',(#10428),#10402,.T.);
#10430=CARTESIAN_POINT('',(5.428877877395816,3.167401906158773,1.388690212503916));
#10431=DIRECTION('',(0.0,0.0,-1.0));
#10432=DIRECTION('',(-1.0,0.0,0.0));
#10433=AXIS2_PLACEMENT_3D('',#10430,#10431,#10432);
#10434=PLANE('',#10433);
#10435=ORIENTED_EDGE('',*,*,#10418,.F.);
#10436=CARTESIAN_POINT('',(4.292240158749728,-0.031058869405598,1.388690212503896));
#10437=DIRECTION('',(0.0,-1.0,0.0));
#10438=VECTOR('',#10437,1.301539224435630);
#10439=LINE('',#10436,#10438);
#10440=EDGE_CURVE('',#10168,#10406,#10439,.T.);
#10441=ORIENTED_EDGE('',*,*,#10440,.F.);
#10442=ORIENTED_EDGE('',*,*,#10173,.F.);
#10443=ORIENTED_EDGE('',*,*,#10391,.T.);
#10444=EDGE_LOOP('',(#10435,#10441,#10442,#10443));
#10445=FACE_OUTER_BOUND('',#10444,.T.);
#10446=ADVANCED_FACE('',(#10445),#10434,.T.);
#10447=CARTESIAN_POINT('',(4.292240158749728,3.167401906158773,1.388690212503896));
#10448=DIRECTION('',(-1.0,0.0,0.0));
#10449=DIRECTION('',(0.0,0.0,1.0));
#10450=AXIS2_PLACEMENT_3D('',#10447,#10448,#10449);
#10451=PLANE('',#10450);
#10452=ORIENTED_EDGE('',*,*,#10331,.F.);
#10453=ORIENTED_EDGE('',*,*,#10359,.F.);
#10454=ORIENTED_EDGE('',*,*,#10181,.F.);
#10455=ORIENTED_EDGE('',*,*,#10440,.T.);
#10456=ORIENTED_EDGE('',*,*,#10412,.F.);
#10457=CARTESIAN_POINT('',(4.292240158749716,-1.832598093841227,1.888690212503896));
#10458=DIRECTION('',(0.0,0.0,1.0));
#10459=VECTOR('',#10458,0.136662695303385);
#10460=LINE('',#10457,#10459);
#10461=EDGE_CURVE('',#10404,#10325,#10460,.T.);
#10462=ORIENTED_EDGE('',*,*,#10461,.T.);
#10463=EDGE_LOOP('',(#10452,#10453,#10454,#10455,#10456,#10462));
#10464=FACE_OUTER_BOUND('',#10463,.T.);
#10465=ADVANCED_FACE('',(#10464),#10451,.T.);
#10466=CARTESIAN_POINT('',(5.144718447734276,-1.332598093841228,9.797397929803683));
#10467=DIRECTION('',(-1.0,2.559590E-029,7.814085E-015));
#10468=DIRECTION('',(-6.280370E-015,-0.707106781186547,-0.707106781186548));
#10469=AXIS2_PLACEMENT_3D('',#10466,#10467,#10468);
#10470=CYLINDRICAL_SURFACE('',#10469,0.500000000000000);
#10471=CARTESIAN_POINT('',(4.292240158749702,-1.832598093841227,9.797397929803690));
#10472=VERTEX_POINT('',#10471);
#10473=CARTESIAN_POINT('',(4.292240158749703,-1.332598093841228,9.297397929803690));
#10474=VERTEX_POINT('',#10473);
#10475=CARTESIAN_POINT('',(4.292240158749706,-1.332598093841228,9.797397929803690));
#10476=DIRECTION('',(1.0,-4.440892E-015,-4.440892E-015));
#10477=DIRECTION('',(-6.280370E-015,-0.707106781186547,-0.707106781186548));
#10478=AXIS2_PLACEMENT_3D('',#10475,#10476,#10477);
#10479=CIRCLE('',#10478,0.500000000000000);
#10480=EDGE_CURVE('',#10472,#10474,#10479,.T.);
#10481=ORIENTED_EDGE('',*,*,#10480,.T.);
#10482=CARTESIAN_POINT('',(5.428877877395792,-1.332598093841228,9.297397929803681));
#10483=VERTEX_POINT('',#10482);
#10484=CARTESIAN_POINT('',(4.292240158749703,-1.332598093841228,9.297397929803690));
#10485=DIRECTION('',(1.0,0.0,0.0));
#10486=VECTOR('',#10485,1.136637718646090);
#10487=LINE('',#10484,#10486);
#10488=EDGE_CURVE('',#10474,#10483,#10487,.T.);
#10489=ORIENTED_EDGE('',*,*,#10488,.T.);
#10490=CARTESIAN_POINT('',(5.428877877395798,-1.832598093841227,9.797397929803681));
#10491=VERTEX_POINT('',#10490);
#10492=CARTESIAN_POINT('',(5.428877877395801,-1.332598093841228,9.797397929803681));
#10493=DIRECTION('',(-1.0,4.440892E-015,4.440892E-015));
#10494=DIRECTION('',(-6.280370E-015,-0.707106781186547,-0.707106781186548));
#10495=AXIS2_PLACEMENT_3D('',#10492,#10493,#10494);
#10496=CIRCLE('',#10495,0.500000000000000);
#10497=EDGE_CURVE('',#10483,#10491,#10496,.T.);
#10498=ORIENTED_EDGE('',*,*,#10497,.T.);
#10499=CARTESIAN_POINT('',(5.428877877395798,-1.832598093841228,9.797397929803681));
#10500=DIRECTION('',(-1.0,0.0,0.0));
#10501=VECTOR('',#10500,1.136637718646096);
#10502=LINE('',#10499,#10501);
#10503=EDGE_CURVE('',#10491,#10472,#10502,.T.);
#10504=ORIENTED_EDGE('',*,*,#10503,.T.);
#10505=EDGE_LOOP('',(#10481,#10489,#10498,#10504));
#10506=FACE_OUTER_BOUND('',#10505,.T.);
#10507=ADVANCED_FACE('',(#10506),#10470,.T.);
#10508=CARTESIAN_POINT('',(5.428877877395792,3.167401906158773,9.297397929803681));
#10509=DIRECTION('',(0.0,0.0,-1.0));
#10510=DIRECTION('',(-1.0,0.0,0.0));
#10511=AXIS2_PLACEMENT_3D('',#10508,#10509,#10510);
#10512=PLANE('',#10511);
#10513=ORIENTED_EDGE('',*,*,#10488,.F.);
#10514=CARTESIAN_POINT('',(4.292240158749703,-0.031058869405598,9.297397929803690));
#10515=DIRECTION('',(0.0,-1.0,0.0));
#10516=VECTOR('',#10515,1.301539224435630);
#10517=LINE('',#10514,#10516);
#10518=EDGE_CURVE('',#10134,#10474,#10517,.T.);
#10519=ORIENTED_EDGE('',*,*,#10518,.F.);
#10520=ORIENTED_EDGE('',*,*,#10139,.F.);
#10521=CARTESIAN_POINT('',(5.428877877395792,-0.031058869405598,9.297397929803681));
#10522=DIRECTION('',(0.0,-1.0,0.0));
#10523=VECTOR('',#10522,1.301539224435630);
#10524=LINE('',#10521,#10523);
#10525=EDGE_CURVE('',#10132,#10483,#10524,.T.);
#10526=ORIENTED_EDGE('',*,*,#10525,.T.);
#10527=EDGE_LOOP('',(#10513,#10519,#10520,#10526));
#10528=FACE_OUTER_BOUND('',#10527,.T.);
#10529=ADVANCED_FACE('',(#10528),#10512,.T.);
#10530=CARTESIAN_POINT('',(4.292240158749703,3.167401906158773,9.297397929803690));
#10531=DIRECTION('',(-1.0,0.0,0.0));
#10532=DIRECTION('',(0.0,0.0,1.0));
#10533=AXIS2_PLACEMENT_3D('',#10530,#10531,#10532);
#10534=PLANE('',#10533);
#10535=ORIENTED_EDGE('',*,*,#10480,.F.);
#10536=CARTESIAN_POINT('',(4.292240158749702,-1.832598093841227,9.934035648449797));
#10537=VERTEX_POINT('',#10536);
#10538=CARTESIAN_POINT('',(4.292240158749702,-1.832598093841227,9.797397929803690));
#10539=DIRECTION('',(0.0,0.0,1.0));
#10540=VECTOR('',#10539,0.136637718646107);
#10541=LINE('',#10538,#10540);
#10542=EDGE_CURVE('',#10472,#10537,#10541,.T.);
#10543=ORIENTED_EDGE('',*,*,#10542,.T.);
#10544=CARTESIAN_POINT('',(4.292240158749701,-1.332598093841228,10.434035648449797));
#10545=VERTEX_POINT('',#10544);
#10546=CARTESIAN_POINT('',(4.292240158749699,-1.332598093841228,9.934035648449797));
#10547=DIRECTION('',(1.000000000000000,-2.220446E-015,2.220446E-015));
#10548=DIRECTION('',(-3.140185E-015,-0.707106781186549,0.707106781186546));
#10549=AXIS2_PLACEMENT_3D('',#10546,#10547,#10548);
#10550=CIRCLE('',#10549,0.500000000000000);
#10551=EDGE_CURVE('',#10545,#10537,#10550,.T.);
#10552=ORIENTED_EDGE('',*,*,#10551,.F.);
#10553=CARTESIAN_POINT('',(4.292240158749701,-0.031058869405598,10.434035648449797));
#10554=DIRECTION('',(0.0,-1.0,0.0));
#10555=VECTOR('',#10554,1.301539224435630);
#10556=LINE('',#10553,#10555);
#10557=EDGE_CURVE('',#10142,#10545,#10556,.T.);
#10558=ORIENTED_EDGE('',*,*,#10557,.F.);
#10559=ORIENTED_EDGE('',*,*,#10147,.F.);
#10560=ORIENTED_EDGE('',*,*,#10518,.T.);
#10561=EDGE_LOOP('',(#10535,#10543,#10552,#10558,#10559,#10560));
#10562=FACE_OUTER_BOUND('',#10561,.T.);
#10563=ADVANCED_FACE('',(#10562),#10534,.T.);
#10564=CARTESIAN_POINT('',(4.576399588411229,-1.332598093841228,9.934035648449800));
#10565=DIRECTION('',(1.0,-2.559590E-029,5.860564E-015));
#10566=DIRECTION('',(-3.140185E-015,-0.707106781186549,0.707106781186546));
#10567=AXIS2_PLACEMENT_3D('',#10564,#10565,#10566);
#10568=CYLINDRICAL_SURFACE('',#10567,0.500000000000000);
#10569=CARTESIAN_POINT('',(5.428877877395800,-1.832598093841227,9.934035648449804));
#10570=VERTEX_POINT('',#10569);
#10571=CARTESIAN_POINT('',(5.428877877395806,-1.332598093841228,10.434035648449804));
#10572=VERTEX_POINT('',#10571);
#10573=CARTESIAN_POINT('',(5.428877877395809,-1.332598093841228,9.934035648449806));
#10574=DIRECTION('',(-1.000000000000000,2.220446E-015,-2.220446E-015));
#10575=DIRECTION('',(-3.140185E-015,-0.707106781186549,0.707106781186546));
#10576=AXIS2_PLACEMENT_3D('',#10573,#10574,#10575);
#10577=CIRCLE('',#10576,0.500000000000000);
#10578=EDGE_CURVE('',#10570,#10572,#10577,.T.);
#10579=ORIENTED_EDGE('',*,*,#10578,.T.);
#10580=CARTESIAN_POINT('',(5.428877877395806,-1.332598093841228,10.434035648449806));
#10581=DIRECTION('',(-1.0,0.0,0.0));
#10582=VECTOR('',#10581,1.136637718646105);
#10583=LINE('',#10580,#10582);
#10584=EDGE_CURVE('',#10572,#10545,#10583,.T.);
#10585=ORIENTED_EDGE('',*,*,#10584,.T.);
#10586=ORIENTED_EDGE('',*,*,#10551,.T.);
#10587=CARTESIAN_POINT('',(4.292240158749702,-1.832598093841228,9.934035648449799));
#10588=DIRECTION('',(1.0,0.0,0.0));
#10589=VECTOR('',#10588,1.136637718646099);
#10590=LINE('',#10587,#10589);
#10591=EDGE_CURVE('',#10537,#10570,#10590,.T.);
#10592=ORIENTED_EDGE('',*,*,#10591,.T.);
#10593=EDGE_LOOP('',(#10579,#10585,#10586,#10592));
#10594=FACE_OUTER_BOUND('',#10593,.T.);
#10595=ADVANCED_FACE('',(#10594),#10568,.T.);
#10596=CARTESIAN_POINT('',(4.292240158749701,3.167401906158773,10.434035648449797));
#10597=DIRECTION('',(0.0,0.0,1.0));
#10598=DIRECTION('',(1.0,0.0,0.0));
#10599=AXIS2_PLACEMENT_3D('',#10596,#10597,#10598);
#10600=PLANE('',#10599);
#10601=ORIENTED_EDGE('',*,*,#10584,.F.);
#10602=CARTESIAN_POINT('',(5.428877877395806,-0.031058869405598,10.434035648449804));
#10603=DIRECTION('',(0.0,-1.0,0.0));
#10604=VECTOR('',#10603,1.301539224435630);
#10605=LINE('',#10602,#10604);
#10606=EDGE_CURVE('',#10150,#10572,#10605,.T.);
#10607=ORIENTED_EDGE('',*,*,#10606,.F.);
#10608=ORIENTED_EDGE('',*,*,#10155,.F.);
#10609=ORIENTED_EDGE('',*,*,#10557,.T.);
#10610=EDGE_LOOP('',(#10601,#10607,#10608,#10609));
#10611=FACE_OUTER_BOUND('',#10610,.T.);
#10612=ADVANCED_FACE('',(#10611),#10600,.T.);
#10613=CARTESIAN_POINT('',(5.428877877395806,3.167401906158773,10.434035648449804));
#10614=DIRECTION('',(1.0,0.0,0.0));
#10615=DIRECTION('',(0.0,0.0,-1.0));
#10616=AXIS2_PLACEMENT_3D('',#10613,#10614,#10615);
#10617=PLANE('',#10616);
#10618=ORIENTED_EDGE('',*,*,#10497,.F.);
#10619=ORIENTED_EDGE('',*,*,#10525,.F.);
#10620=ORIENTED_EDGE('',*,*,#10161,.F.);
#10621=ORIENTED_EDGE('',*,*,#10606,.T.);
#10622=ORIENTED_EDGE('',*,*,#10578,.F.);
#10623=CARTESIAN_POINT('',(5.428877877395800,-1.832598093841227,9.934035648449804));
#10624=DIRECTION('',(0.0,0.0,-1.0));
#10625=VECTOR('',#10624,0.136637718646123);
#10626=LINE('',#10623,#10625);
#10627=EDGE_CURVE('',#10570,#10491,#10626,.T.);
#10628=ORIENTED_EDGE('',*,*,#10627,.T.);
#10629=EDGE_LOOP('',(#10618,#10619,#10620,#10621,#10622,#10628));
#10630=FACE_OUTER_BOUND('',#10629,.T.);
#10631=ADVANCED_FACE('',(#10630),#10617,.T.);
#10632=CARTESIAN_POINT('',(4.860559018072753,-1.832598093841228,9.865716789126747));
#10633=DIRECTION('',(0.0,1.0,0.0));
#10634=DIRECTION('',(0.0,0.0,1.0));
#10635=AXIS2_PLACEMENT_3D('',#10632,#10633,#10634);
#10636=PLANE('',#10635);
#10637=ORIENTED_EDGE('',*,*,#10503,.F.);
#10638=ORIENTED_EDGE('',*,*,#10627,.F.);
#10639=ORIENTED_EDGE('',*,*,#10591,.F.);
#10640=ORIENTED_EDGE('',*,*,#10542,.F.);
#10641=EDGE_LOOP('',(#10637,#10638,#10639,#10640));
#10642=FACE_OUTER_BOUND('',#10641,.T.);
#10643=ADVANCED_FACE('',(#10642),#10636,.F.);
#10644=CARTESIAN_POINT('',(4.860559018072765,-1.832598093841228,1.957021560155597));
#10645=DIRECTION('',(0.0,1.0,0.0));
#10646=DIRECTION('',(0.0,0.0,1.0));
#10647=AXIS2_PLACEMENT_3D('',#10644,#10645,#10646);
#10648=PLANE('',#10647);
#10649=ORIENTED_EDGE('',*,*,#10337,.F.);
#10650=ORIENTED_EDGE('',*,*,#10461,.F.);
#10651=ORIENTED_EDGE('',*,*,#10425,.F.);
#10652=ORIENTED_EDGE('',*,*,#10376,.F.);
#10653=EDGE_LOOP('',(#10649,#10650,#10651,#10652));
#10654=FACE_OUTER_BOUND('',#10653,.T.);
#10655=ADVANCED_FACE('',(#10654),#10648,.F.);
#10656=CARTESIAN_POINT('',(4.576399588411229,10.667401906158773,9.797397929803688));
#10657=DIRECTION('',(1.0,2.990342E-030,-7.814085E-015));
#10658=DIRECTION('',(-6.280370E-015,0.707106781186549,-0.707106781186546));
#10659=AXIS2_PLACEMENT_3D('',#10656,#10657,#10658);
#10660=CYLINDRICAL_SURFACE('',#10659,0.500000000000000);
#10661=CARTESIAN_POINT('',(5.428877877395798,11.167401906158773,9.797397929803681));
#10662=VERTEX_POINT('',#10661);
#10663=CARTESIAN_POINT('',(5.428877877395792,10.667401906158773,9.297397929803681));
#10664=VERTEX_POINT('',#10663);
#10665=CARTESIAN_POINT('',(5.428877877395797,10.667401906158773,9.797397929803681));
#10666=DIRECTION('',(-1.0,-4.440892E-015,4.440892E-015));
#10667=DIRECTION('',(-6.280370E-015,0.707106781186549,-0.707106781186546));
#10668=AXIS2_PLACEMENT_3D('',#10665,#10666,#10667);
#10669=CIRCLE('',#10668,0.500000000000000);
#10670=EDGE_CURVE('',#10662,#10664,#10669,.T.);
#10671=ORIENTED_EDGE('',*,*,#10670,.T.);
#10672=CARTESIAN_POINT('',(4.292240158749703,10.667401906158773,9.297397929803690));
#10673=VERTEX_POINT('',#10672);
#10674=CARTESIAN_POINT('',(5.428877877395792,10.667401906158773,9.297397929803681));
#10675=DIRECTION('',(-1.0,0.0,0.0));
#10676=VECTOR('',#10675,1.136637718646090);
#10677=LINE('',#10674,#10676);
#10678=EDGE_CURVE('',#10664,#10673,#10677,.T.);
#10679=ORIENTED_EDGE('',*,*,#10678,.T.);
#10680=CARTESIAN_POINT('',(4.292240158749702,11.167401906158773,9.797397929803690));
#10681=VERTEX_POINT('',#10680);
#10682=CARTESIAN_POINT('',(4.292240158749696,10.667401906158773,9.797397929803690));
#10683=DIRECTION('',(1.0,4.440892E-015,-4.440892E-015));
#10684=DIRECTION('',(-6.280370E-015,0.707106781186549,-0.707106781186546));
#10685=AXIS2_PLACEMENT_3D('',#10682,#10683,#10684);
#10686=CIRCLE('',#10685,0.500000000000000);
#10687=EDGE_CURVE('',#10673,#10681,#10686,.T.);
#10688=ORIENTED_EDGE('',*,*,#10687,.T.);
#10689=CARTESIAN_POINT('',(4.292240158749701,11.167401906158773,9.797397929803690));
#10690=DIRECTION('',(1.0,0.0,0.0));
#10691=VECTOR('',#10690,1.136637718646097);
#10692=LINE('',#10689,#10691);
#10693=EDGE_CURVE('',#10681,#10662,#10692,.T.);
#10694=ORIENTED_EDGE('',*,*,#10693,.T.);
#10695=EDGE_LOOP('',(#10671,#10679,#10688,#10694));
#10696=FACE_OUTER_BOUND('',#10695,.T.);
#10697=ADVANCED_FACE('',(#10696),#10660,.T.);
#10698=CARTESIAN_POINT('',(5.428877877395792,3.167401906158773,9.297397929803681));
#10699=DIRECTION('',(1.0,0.0,0.0));
#10700=DIRECTION('',(0.0,0.0,-1.0));
#10701=AXIS2_PLACEMENT_3D('',#10698,#10699,#10700);
#10702=PLANE('',#10701);
#10703=ORIENTED_EDGE('',*,*,#10670,.F.);
#10704=CARTESIAN_POINT('',(5.428877877395800,11.167401906158773,9.934035648449804));
#10705=VERTEX_POINT('',#10704);
#10706=CARTESIAN_POINT('',(5.428877877395799,11.167401906158773,9.797397929803681));
#10707=DIRECTION('',(0.0,0.0,1.0));
#10708=VECTOR('',#10707,0.136637718646123);
#10709=LINE('',#10706,#10708);
#10710=EDGE_CURVE('',#10662,#10705,#10709,.T.);
#10711=ORIENTED_EDGE('',*,*,#10710,.T.);
#10712=CARTESIAN_POINT('',(5.428877877395806,10.667401906158773,10.434035648449804));
#10713=VERTEX_POINT('',#10712);
#10714=CARTESIAN_POINT('',(5.428877877395789,10.667401906158773,9.934035648449804));
#10715=DIRECTION('',(-1.0,-2.220446E-015,-2.220446E-015));
#10716=DIRECTION('',(-3.140185E-015,0.707106781186549,0.707106781186546));
#10717=AXIS2_PLACEMENT_3D('',#10714,#10715,#10716);
#10718=CIRCLE('',#10717,0.500000000000000);
#10719=EDGE_CURVE('',#10713,#10705,#10718,.T.);
#10720=ORIENTED_EDGE('',*,*,#10719,.F.);
#10721=CARTESIAN_POINT('',(5.428877877395806,3.167401906158773,10.434035648449804));
#10722=DIRECTION('',(0.0,1.0,0.0));
#10723=VECTOR('',#10722,7.500000000000000);
#10724=LINE('',#10721,#10723);
#10725=EDGE_CURVE('',#8967,#10713,#10724,.T.);
#10726=ORIENTED_EDGE('',*,*,#10725,.F.);
#10727=ORIENTED_EDGE('',*,*,#8972,.F.);
#10728=CARTESIAN_POINT('',(5.428877877395792,3.167401906158773,9.297397929803681));
#10729=DIRECTION('',(0.0,1.0,0.0));
#10730=VECTOR('',#10729,7.500000000000000);
#10731=LINE('',#10728,#10730);
#10732=EDGE_CURVE('',#8959,#10664,#10731,.T.);
#10733=ORIENTED_EDGE('',*,*,#10732,.T.);
#10734=EDGE_LOOP('',(#10703,#10711,#10720,#10726,#10727,#10733));
#10735=FACE_OUTER_BOUND('',#10734,.T.);
#10736=ADVANCED_FACE('',(#10735),#10702,.T.);
#10737=CARTESIAN_POINT('',(4.860559018072753,11.167401906158773,9.865716789126745));
#10738=DIRECTION('',(0.0,1.0,0.0));
#10739=DIRECTION('',(0.0,0.0,1.0));
#10740=AXIS2_PLACEMENT_3D('',#10737,#10738,#10739);
#10741=PLANE('',#10740);
#10742=ORIENTED_EDGE('',*,*,#10693,.F.);
#10743=CARTESIAN_POINT('',(4.292240158749702,11.167401906158773,9.934035648449797));
#10744=VERTEX_POINT('',#10743);
#10745=CARTESIAN_POINT('',(4.292240158749702,11.167401906158773,9.934035648449797));
#10746=DIRECTION('',(0.0,0.0,-1.0));
#10747=VECTOR('',#10746,0.136637718646107);
#10748=LINE('',#10745,#10747);
#10749=EDGE_CURVE('',#10744,#10681,#10748,.T.);
#10750=ORIENTED_EDGE('',*,*,#10749,.F.);
#10751=CARTESIAN_POINT('',(5.428877877395800,11.167401906158773,9.934035648449804));
#10752=DIRECTION('',(-1.0,0.0,0.0));
#10753=VECTOR('',#10752,1.136637718646099);
#10754=LINE('',#10751,#10753);
#10755=EDGE_CURVE('',#10705,#10744,#10754,.T.);
#10756=ORIENTED_EDGE('',*,*,#10755,.F.);
#10757=ORIENTED_EDGE('',*,*,#10710,.F.);
#10758=EDGE_LOOP('',(#10742,#10750,#10756,#10757));
#10759=FACE_OUTER_BOUND('',#10758,.T.);
#10760=ADVANCED_FACE('',(#10759),#10741,.T.);
#10761=CARTESIAN_POINT('',(5.144718447734281,10.667401906158773,9.934035648449802));
#10762=DIRECTION('',(-1.0,-2.990342E-030,-5.860564E-015));
#10763=DIRECTION('',(-3.140185E-015,0.707106781186549,0.707106781186546));
#10764=AXIS2_PLACEMENT_3D('',#10761,#10762,#10763);
#10765=CYLINDRICAL_SURFACE('',#10764,0.500000000000000);
#10766=CARTESIAN_POINT('',(4.292240158749701,10.667401906158773,10.434035648449797));
#10767=VERTEX_POINT('',#10766);
#10768=CARTESIAN_POINT('',(4.292240158749704,10.667401906158773,9.934035648449799));
#10769=DIRECTION('',(1.0,2.220446E-015,2.220446E-015));
#10770=DIRECTION('',(-3.140185E-015,0.707106781186549,0.707106781186546));
#10771=AXIS2_PLACEMENT_3D('',#10768,#10769,#10770);
#10772=CIRCLE('',#10771,0.500000000000000);
#10773=EDGE_CURVE('',#10744,#10767,#10772,.T.);
#10774=ORIENTED_EDGE('',*,*,#10773,.T.);
#10775=CARTESIAN_POINT('',(4.292240158749700,10.667401906158773,10.434035648449797));
#10776=DIRECTION('',(1.0,0.0,0.0));
#10777=VECTOR('',#10776,1.136637718646106);
#10778=LINE('',#10775,#10777);
#10779=EDGE_CURVE('',#10767,#10713,#10778,.T.);
#10780=ORIENTED_EDGE('',*,*,#10779,.T.);
#10781=ORIENTED_EDGE('',*,*,#10719,.T.);
#10782=ORIENTED_EDGE('',*,*,#10755,.T.);
#10783=EDGE_LOOP('',(#10774,#10780,#10781,#10782));
#10784=FACE_OUTER_BOUND('',#10783,.T.);
#10785=ADVANCED_FACE('',(#10784),#10765,.T.);
#10786=CARTESIAN_POINT('',(5.144718447734289,10.667401906158773,2.025352907807281));
#10787=DIRECTION('',(-1.0,-1.708767E-029,0.0));
#10788=DIRECTION('',(0.0,0.707106781186549,0.707106781186546));
#10789=AXIS2_PLACEMENT_3D('',#10786,#10787,#10788);
#10790=CYLINDRICAL_SURFACE('',#10789,0.500000000000000);
#10791=CARTESIAN_POINT('',(4.292240158749703,11.167401906158773,2.025352907807281));
#10792=VERTEX_POINT('',#10791);
#10793=CARTESIAN_POINT('',(4.292240158749703,10.667401906158773,2.525352907807281));
#10794=VERTEX_POINT('',#10793);
#10795=CARTESIAN_POINT('',(4.292240158749703,10.667401906158773,2.025352907807281));
#10796=DIRECTION('',(1.0,0.0,0.0));
#10797=DIRECTION('',(0.0,0.707106781186549,0.707106781186546));
#10798=AXIS2_PLACEMENT_3D('',#10795,#10796,#10797);
#10799=CIRCLE('',#10798,0.500000000000000);
#10800=EDGE_CURVE('',#10792,#10794,#10799,.T.);
#10801=ORIENTED_EDGE('',*,*,#10800,.T.);
#10802=CARTESIAN_POINT('',(5.428877877395816,10.667401906158773,2.525352907807281));
#10803=VERTEX_POINT('',#10802);
#10804=CARTESIAN_POINT('',(4.292240158749703,10.667401906158773,2.525352907807281));
#10805=DIRECTION('',(1.0,0.0,0.0));
#10806=VECTOR('',#10805,1.136637718646114);
#10807=LINE('',#10804,#10806);
#10808=EDGE_CURVE('',#10794,#10803,#10807,.T.);
#10809=ORIENTED_EDGE('',*,*,#10808,.T.);
#10810=CARTESIAN_POINT('',(5.428877877395816,11.167401906158773,2.025352907807281));
#10811=VERTEX_POINT('',#10810);
#10812=CARTESIAN_POINT('',(5.428877877395816,10.667401906158773,2.025352907807281));
#10813=DIRECTION('',(-1.0,0.0,0.0));
#10814=DIRECTION('',(0.0,0.707106781186549,0.707106781186546));
#10815=AXIS2_PLACEMENT_3D('',#10812,#10813,#10814);
#10816=CIRCLE('',#10815,0.500000000000000);
#10817=EDGE_CURVE('',#10803,#10811,#10816,.T.);
#10818=ORIENTED_EDGE('',*,*,#10817,.T.);
#10819=CARTESIAN_POINT('',(5.428877877395816,11.167401906158773,2.025352907807281));
#10820=DIRECTION('',(-1.0,0.0,0.0));
#10821=VECTOR('',#10820,1.136637718646114);
#10822=LINE('',#10819,#10821);
#10823=EDGE_CURVE('',#10811,#10792,#10822,.T.);
#10824=ORIENTED_EDGE('',*,*,#10823,.T.);
#10825=EDGE_LOOP('',(#10801,#10809,#10818,#10824));
#10826=FACE_OUTER_BOUND('',#10825,.T.);
#10827=ADVANCED_FACE('',(#10826),#10790,.T.);
#10828=CARTESIAN_POINT('',(4.292240158749703,3.167401906158773,2.525352907807281));
#10829=DIRECTION('',(-1.0,0.0,0.0));
#10830=DIRECTION('',(0.0,0.0,1.0));
#10831=AXIS2_PLACEMENT_3D('',#10828,#10829,#10830);
#10832=PLANE('',#10831);
#10833=ORIENTED_EDGE('',*,*,#10800,.F.);
#10834=CARTESIAN_POINT('',(4.292240158749703,11.167401906158773,1.888690212503916));
#10835=VERTEX_POINT('',#10834);
#10836=CARTESIAN_POINT('',(4.292240158749703,11.167401906158773,2.025352907807281));
#10837=DIRECTION('',(0.0,0.0,-1.0));
#10838=VECTOR('',#10837,0.136662695303365);
#10839=LINE('',#10836,#10838);
#10840=EDGE_CURVE('',#10792,#10835,#10839,.T.);
#10841=ORIENTED_EDGE('',*,*,#10840,.T.);
#10842=CARTESIAN_POINT('',(4.292240158749703,10.667401906158773,1.388690212503916));
#10843=VERTEX_POINT('',#10842);
#10844=CARTESIAN_POINT('',(4.292240158749703,10.667401906158773,1.888690212503916));
#10845=DIRECTION('',(1.0,0.0,0.0));
#10846=DIRECTION('',(0.0,0.707106781186549,-0.707106781186546));
#10847=AXIS2_PLACEMENT_3D('',#10844,#10845,#10846);
#10848=CIRCLE('',#10847,0.500000000000000);
#10849=EDGE_CURVE('',#10843,#10835,#10848,.T.);
#10850=ORIENTED_EDGE('',*,*,#10849,.F.);
#10851=CARTESIAN_POINT('',(4.292240158749703,3.167401906158773,1.388690212503916));
#10852=DIRECTION('',(0.0,1.0,0.0));
#10853=VECTOR('',#10852,7.500000000000000);
#10854=LINE('',#10851,#10853);
#10855=EDGE_CURVE('',#8923,#10843,#10854,.T.);
#10856=ORIENTED_EDGE('',*,*,#10855,.F.);
#10857=ORIENTED_EDGE('',*,*,#8952,.F.);
#10858=CARTESIAN_POINT('',(4.292240158749703,3.167401906158773,2.525352907807281));
#10859=DIRECTION('',(0.0,1.0,0.0));
#10860=VECTOR('',#10859,7.500000000000000);
#10861=LINE('',#10858,#10860);
#10862=EDGE_CURVE('',#8941,#10794,#10861,.T.);
#10863=ORIENTED_EDGE('',*,*,#10862,.T.);
#10864=EDGE_LOOP('',(#10833,#10841,#10850,#10856,#10857,#10863));
#10865=FACE_OUTER_BOUND('',#10864,.T.);
#10866=ADVANCED_FACE('',(#10865),#10832,.T.);
#10867=CARTESIAN_POINT('',(4.860559018072760,11.167401906158773,1.957021560155599));
#10868=DIRECTION('',(0.0,1.0,0.0));
#10869=DIRECTION('',(0.0,0.0,1.0));
#10870=AXIS2_PLACEMENT_3D('',#10867,#10868,#10869);
#10871=PLANE('',#10870);
#10872=ORIENTED_EDGE('',*,*,#10823,.F.);
#10873=CARTESIAN_POINT('',(5.428877877395816,11.167401906158773,1.888690212503916));
#10874=VERTEX_POINT('',#10873);
#10875=CARTESIAN_POINT('',(5.428877877395816,11.167401906158773,1.888690212503916));
#10876=DIRECTION('',(0.0,0.0,1.0));
#10877=VECTOR('',#10876,0.136662695303365);
#10878=LINE('',#10875,#10877);
#10879=EDGE_CURVE('',#10874,#10811,#10878,.T.);
#10880=ORIENTED_EDGE('',*,*,#10879,.F.);
#10881=CARTESIAN_POINT('',(4.292240158749703,11.167401906158773,1.888690212503916));
#10882=DIRECTION('',(1.0,0.0,0.0));
#10883=VECTOR('',#10882,1.136637718646114);
#10884=LINE('',#10881,#10883);
#10885=EDGE_CURVE('',#10835,#10874,#10884,.T.);
#10886=ORIENTED_EDGE('',*,*,#10885,.F.);
#10887=ORIENTED_EDGE('',*,*,#10840,.F.);
#10888=EDGE_LOOP('',(#10872,#10880,#10886,#10887));
#10889=FACE_OUTER_BOUND('',#10888,.T.);
#10890=ADVANCED_FACE('',(#10889),#10871,.T.);
#10891=CARTESIAN_POINT('',(4.576399588411231,10.667401906158773,1.888690212503916));
#10892=DIRECTION('',(1.0,1.708767E-029,0.0));
#10893=DIRECTION('',(0.0,0.707106781186549,-0.707106781186546));
#10894=AXIS2_PLACEMENT_3D('',#10891,#10892,#10893);
#10895=CYLINDRICAL_SURFACE('',#10894,0.500000000000000);
#10896=CARTESIAN_POINT('',(5.428877877395816,10.667401906158773,1.388690212503916));
#10897=VERTEX_POINT('',#10896);
#10898=CARTESIAN_POINT('',(5.428877877395816,10.667401906158773,1.888690212503916));
#10899=DIRECTION('',(-1.0,0.0,0.0));
#10900=DIRECTION('',(0.0,0.707106781186549,-0.707106781186546));
#10901=AXIS2_PLACEMENT_3D('',#10898,#10899,#10900);
#10902=CIRCLE('',#10901,0.500000000000000);
#10903=EDGE_CURVE('',#10874,#10897,#10902,.T.);
#10904=ORIENTED_EDGE('',*,*,#10903,.T.);
#10905=CARTESIAN_POINT('',(5.428877877395816,10.667401906158773,1.388690212503916));
#10906=DIRECTION('',(-1.0,0.0,0.0));
#10907=VECTOR('',#10906,1.136637718646114);
#10908=LINE('',#10905,#10907);
#10909=EDGE_CURVE('',#10897,#10843,#10908,.T.);
#10910=ORIENTED_EDGE('',*,*,#10909,.T.);
#10911=ORIENTED_EDGE('',*,*,#10849,.T.);
#10912=ORIENTED_EDGE('',*,*,#10885,.T.);
#10913=EDGE_LOOP('',(#10904,#10910,#10911,#10912));
#10914=FACE_OUTER_BOUND('',#10913,.T.);
#10915=ADVANCED_FACE('',(#10914),#10895,.T.);
#10916=CARTESIAN_POINT('',(4.292240158749703,3.167401906158773,1.388690212503916));
#10917=DIRECTION('',(0.0,0.0,-1.0));
#10918=DIRECTION('',(-1.0,0.0,0.0));
#10919=AXIS2_PLACEMENT_3D('',#10916,#10917,#10918);
#10920=PLANE('',#10919);
#10921=ORIENTED_EDGE('',*,*,#10909,.F.);
#10922=CARTESIAN_POINT('',(5.428877877395816,3.167401906158773,1.388690212503916));
#10923=DIRECTION('',(0.0,1.0,0.0));
#10924=VECTOR('',#10923,7.500000000000000);
#10925=LINE('',#10922,#10924);
#10926=EDGE_CURVE('',#8925,#10897,#10925,.T.);
#10927=ORIENTED_EDGE('',*,*,#10926,.F.);
#10928=ORIENTED_EDGE('',*,*,#8930,.F.);
#10929=ORIENTED_EDGE('',*,*,#10855,.T.);
#10930=EDGE_LOOP('',(#10921,#10927,#10928,#10929));
#10931=FACE_OUTER_BOUND('',#10930,.T.);
#10932=ADVANCED_FACE('',(#10931),#10920,.T.);
#10933=CARTESIAN_POINT('',(5.428877877395816,3.167401906158773,1.388690212503916));
#10934=DIRECTION('',(1.0,0.0,0.0));
#10935=DIRECTION('',(0.0,0.0,-1.0));
#10936=AXIS2_PLACEMENT_3D('',#10933,#10934,#10935);
#10937=PLANE('',#10936);
#10938=ORIENTED_EDGE('',*,*,#10817,.F.);
#10939=CARTESIAN_POINT('',(5.428877877395816,3.167401906158773,2.525352907807281));
#10940=DIRECTION('',(0.0,1.0,0.0));
#10941=VECTOR('',#10940,7.500000000000000);
#10942=LINE('',#10939,#10941);
#10943=EDGE_CURVE('',#8933,#10803,#10942,.T.);
#10944=ORIENTED_EDGE('',*,*,#10943,.F.);
#10945=ORIENTED_EDGE('',*,*,#8938,.F.);
#10946=ORIENTED_EDGE('',*,*,#10926,.T.);
#10947=ORIENTED_EDGE('',*,*,#10903,.F.);
#10948=ORIENTED_EDGE('',*,*,#10879,.T.);
#10949=EDGE_LOOP('',(#10938,#10944,#10945,#10946,#10947,#10948));
#10950=FACE_OUTER_BOUND('',#10949,.T.);
#10951=ADVANCED_FACE('',(#10950),#10937,.T.);
#10952=CARTESIAN_POINT('',(5.428877877395816,3.167401906158773,2.525352907807281));
#10953=DIRECTION('',(0.0,0.0,1.0));
#10954=DIRECTION('',(1.0,0.0,0.0));
#10955=AXIS2_PLACEMENT_3D('',#10952,#10953,#10954);
#10956=PLANE('',#10955);
#10957=ORIENTED_EDGE('',*,*,#10808,.F.);
#10958=ORIENTED_EDGE('',*,*,#10862,.F.);
#10959=ORIENTED_EDGE('',*,*,#8946,.F.);
#10960=ORIENTED_EDGE('',*,*,#10943,.T.);
#10961=EDGE_LOOP('',(#10957,#10958,#10959,#10960));
#10962=FACE_OUTER_BOUND('',#10961,.T.);
#10963=ADVANCED_FACE('',(#10962),#10956,.T.);
#10964=CARTESIAN_POINT('',(5.428877877395806,3.167401906158773,10.434035648449804));
#10965=DIRECTION('',(0.0,0.0,1.0));
#10966=DIRECTION('',(1.0,0.0,0.0));
#10967=AXIS2_PLACEMENT_3D('',#10964,#10965,#10966);
#10968=PLANE('',#10967);
#10969=ORIENTED_EDGE('',*,*,#10779,.F.);
#10970=CARTESIAN_POINT('',(4.292240158749701,3.167401906158773,10.434035648449797));
#10971=DIRECTION('',(0.0,1.0,0.0));
#10972=VECTOR('',#10971,7.500000000000000);
#10973=LINE('',#10970,#10972);
#10974=EDGE_CURVE('',#8975,#10767,#10973,.T.);
#10975=ORIENTED_EDGE('',*,*,#10974,.F.);
#10976=ORIENTED_EDGE('',*,*,#8980,.F.);
#10977=ORIENTED_EDGE('',*,*,#10725,.T.);
#10978=EDGE_LOOP('',(#10969,#10975,#10976,#10977));
#10979=FACE_OUTER_BOUND('',#10978,.T.);
#10980=ADVANCED_FACE('',(#10979),#10968,.T.);
#10981=CARTESIAN_POINT('',(4.292240158749701,3.167401906158773,10.434035648449797));
#10982=DIRECTION('',(-1.0,0.0,0.0));
#10983=DIRECTION('',(0.0,0.0,1.0));
#10984=AXIS2_PLACEMENT_3D('',#10981,#10982,#10983);
#10985=PLANE('',#10984);
#10986=ORIENTED_EDGE('',*,*,#10687,.F.);
#10987=CARTESIAN_POINT('',(4.292240158749703,3.167401906158773,9.297397929803690));
#10988=DIRECTION('',(0.0,1.0,0.0));
#10989=VECTOR('',#10988,7.500000000000000);
#10990=LINE('',#10987,#10989);
#10991=EDGE_CURVE('',#8957,#10673,#10990,.T.);
#10992=ORIENTED_EDGE('',*,*,#10991,.F.);
#10993=ORIENTED_EDGE('',*,*,#8986,.F.);
#10994=ORIENTED_EDGE('',*,*,#10974,.T.);
#10995=ORIENTED_EDGE('',*,*,#10773,.F.);
#10996=ORIENTED_EDGE('',*,*,#10749,.T.);
#10997=EDGE_LOOP('',(#10986,#10992,#10993,#10994,#10995,#10996));
#10998=FACE_OUTER_BOUND('',#10997,.T.);
#10999=ADVANCED_FACE('',(#10998),#10985,.T.);
#11000=CARTESIAN_POINT('',(4.292240158749703,3.167401906158773,9.297397929803690));
#11001=DIRECTION('',(0.0,0.0,-1.0));
#11002=DIRECTION('',(-1.0,0.0,0.0));
#11003=AXIS2_PLACEMENT_3D('',#11000,#11001,#11002);
#11004=PLANE('',#11003);
#11005=ORIENTED_EDGE('',*,*,#10678,.F.);
#11006=ORIENTED_EDGE('',*,*,#10732,.F.);
#11007=ORIENTED_EDGE('',*,*,#8964,.F.);
#11008=ORIENTED_EDGE('',*,*,#10991,.T.);
#11009=EDGE_LOOP('',(#11005,#11006,#11007,#11008));
#11010=FACE_OUTER_BOUND('',#11009,.T.);
#11011=ADVANCED_FACE('',(#11010),#11004,.T.);
#11012=CARTESIAN_POINT('',(6.155561383429404,7.022657172602723,0.700000000000000));
#11013=DIRECTION('',(0.0,-1.0,0.0));
#11014=DIRECTION('',(0.707106781186547,0.0,-0.707106781186548));
#11015=AXIS2_PLACEMENT_3D('',#11012,#11013,#11014);
#11016=CYLINDRICAL_SURFACE('',#11015,0.700000000000000);
#11017=ORIENTED_EDGE('',*,*,#10108,.T.);
#11018=CARTESIAN_POINT('',(6.155561383429404,-0.031058869405598,0.0));
#11019=DIRECTION('',(0.0,1.0,0.0));
#11020=VECTOR('',#11019,3.198460775564371);
#11021=LINE('',#11018,#11020);
#11022=EDGE_CURVE('',#10094,#8821,#11021,.T.);
#11023=ORIENTED_EDGE('',*,*,#11022,.T.);
#11024=ORIENTED_EDGE('',*,*,#8827,.T.);
#11025=CARTESIAN_POINT('',(6.855561383429404,3.167401906158773,0.700000000000000));
#11026=DIRECTION('',(0.0,-1.0,0.0));
#11027=VECTOR('',#11026,3.198460775564371);
#11028=LINE('',#11025,#11027);
#11029=EDGE_CURVE('',#8813,#10102,#11028,.T.);
#11030=ORIENTED_EDGE('',*,*,#11029,.T.);
#11031=EDGE_LOOP('',(#11017,#11023,#11024,#11030));
#11032=FACE_OUTER_BOUND('',#11031,.T.);
#11033=ADVANCED_FACE('',(#11032),#11016,.T.);
#11034=CARTESIAN_POINT('',(7.559816350701394,4.681878142270397,0.0));
#11035=DIRECTION('',(0.0,0.0,1.0));
#11036=DIRECTION('',(1.0,0.0,0.0));
#11037=AXIS2_PLACEMENT_3D('',#11034,#11035,#11036);
#11038=PLANE('',#11037);
#11039=ORIENTED_EDGE('',*,*,#11022,.F.);
#11040=ORIENTED_EDGE('',*,*,#10099,.F.);
#11041=CARTESIAN_POINT('',(0.762110421620702,3.167401906158773,0.0));
#11042=DIRECTION('',(0.0,-1.0,0.0));
#11043=VECTOR('',#11042,3.198460775564371);
#11044=LINE('',#11041,#11043);
#11045=EDGE_CURVE('',#8830,#10085,#11044,.T.);
#11046=ORIENTED_EDGE('',*,*,#11045,.F.);
#11047=ORIENTED_EDGE('',*,*,#8835,.F.);
#11048=EDGE_LOOP('',(#11039,#11040,#11046,#11047));
#11049=FACE_OUTER_BOUND('',#11048,.T.);
#11050=ADVANCED_FACE('',(#11049),#11038,.F.);
#11051=CARTESIAN_POINT('',(0.762110421620702,2.325409636432399,0.700000000000000));
#11052=DIRECTION('',(0.0,-1.0,0.0));
#11053=DIRECTION('',(-0.707106781186548,0.0,-0.707106781186547));
#11054=AXIS2_PLACEMENT_3D('',#11051,#11052,#11053);
#11055=CYLINDRICAL_SURFACE('',#11054,0.700000000000000);
#11056=ORIENTED_EDGE('',*,*,#10091,.T.);
#11057=CARTESIAN_POINT('',(0.062110421620702,-0.031058869405598,0.700000000000000));
#11058=DIRECTION('',(0.0,1.0,0.0));
#11059=VECTOR('',#11058,3.198460775564371);
#11060=LINE('',#11057,#11059);
#11061=EDGE_CURVE('',#10077,#8838,#11060,.T.);
#11062=ORIENTED_EDGE('',*,*,#11061,.T.);
#11063=ORIENTED_EDGE('',*,*,#8844,.T.);
#11064=ORIENTED_EDGE('',*,*,#11045,.T.);
#11065=EDGE_LOOP('',(#11056,#11062,#11063,#11064));
#11066=FACE_OUTER_BOUND('',#11065,.T.);
#11067=ADVANCED_FACE('',(#11066),#11055,.T.);
#11068=CARTESIAN_POINT('',(0.062110421620702,-0.031058869405598,0.0));
#11069=DIRECTION('',(-1.0,0.0,0.0));
#11070=DIRECTION('',(0.0,0.0,1.0));
#11071=AXIS2_PLACEMENT_3D('',#11068,#11069,#11070);
#11072=PLANE('',#11071);
#11073=ORIENTED_EDGE('',*,*,#8753,.F.);
#11074=ORIENTED_EDGE('',*,*,#8850,.F.);
#11075=ORIENTED_EDGE('',*,*,#11061,.F.);
#11076=ORIENTED_EDGE('',*,*,#10082,.T.);
#11077=EDGE_LOOP('',(#11073,#11074,#11075,#11076));
#11078=FACE_OUTER_BOUND('',#11077,.T.);
#11079=ADVANCED_FACE('',(#11078),#11072,.T.);
#11080=CARTESIAN_POINT('',(4.292240158749712,3.167401906158773,14.388289128200926));
#11081=DIRECTION('',(0.0,0.0,1.0));
#11082=DIRECTION('',(1.0,0.0,0.0));
#11083=AXIS2_PLACEMENT_3D('',#11080,#11081,#11082);
#11084=PLANE('',#11083);
#11085=ORIENTED_EDGE('',*,*,#10241,.F.);
#11086=CARTESIAN_POINT('',(4.292240158749712,3.167401906158773,14.388289128200926));
#11087=DIRECTION('',(0.0,-1.0,0.0));
#11088=VECTOR('',#11087,3.198460775564371);
#11089=LINE('',#11086,#11088);
#11090=EDGE_CURVE('',#8873,#9245,#11089,.T.);
#11091=ORIENTED_EDGE('',*,*,#11090,.F.);
#11092=ORIENTED_EDGE('',*,*,#9727,.F.);
#11093=CARTESIAN_POINT('',(5.428877877395808,3.167401906158773,14.388289128200961));
#11094=DIRECTION('',(0.0,-1.0,0.0));
#11095=VECTOR('',#11094,3.198460775564371);
#11096=LINE('',#11093,#11095);
#11097=EDGE_CURVE('',#8865,#9824,#11096,.T.);
#11098=ORIENTED_EDGE('',*,*,#11097,.T.);
#11099=EDGE_LOOP('',(#11085,#11091,#11092,#11098));
#11100=FACE_OUTER_BOUND('',#11099,.T.);
#11101=ADVANCED_FACE('',(#11100),#11084,.F.);
#11102=CARTESIAN_POINT('',(5.428877877395808,3.167401906158773,14.388289128200961));
#11103=DIRECTION('',(1.0,0.0,0.0));
#11104=DIRECTION('',(0.0,0.0,-1.0));
#11105=AXIS2_PLACEMENT_3D('',#11102,#11103,#11104);
#11106=PLANE('',#11105);
#11107=ORIENTED_EDGE('',*,*,#10247,.F.);
#11108=ORIENTED_EDGE('',*,*,#11097,.F.);
#11109=ORIENTED_EDGE('',*,*,#9721,.F.);
#11110=CARTESIAN_POINT('',(5.428877877395813,3.167401906158773,13.246356358215440));
#11111=DIRECTION('',(0.0,-1.0,0.0));
#11112=VECTOR('',#11111,3.198460775564371);
#11113=LINE('',#11110,#11112);
#11114=EDGE_CURVE('',#8857,#9848,#11113,.T.);
#11115=ORIENTED_EDGE('',*,*,#11114,.T.);
#11116=EDGE_LOOP('',(#11107,#11108,#11109,#11115));
#11117=FACE_OUTER_BOUND('',#11116,.T.);
#11118=ADVANCED_FACE('',(#11117),#11106,.F.);
#11119=CARTESIAN_POINT('',(5.428877877395813,3.167401906158773,13.246356358215440));
#11120=DIRECTION('',(0.0,0.0,-1.0));
#11121=DIRECTION('',(-1.0,0.0,0.0));
#11122=AXIS2_PLACEMENT_3D('',#11119,#11120,#11121);
#11123=PLANE('',#11122);
#11124=ORIENTED_EDGE('',*,*,#10229,.F.);
#11125=ORIENTED_EDGE('',*,*,#11114,.F.);
#11126=ORIENTED_EDGE('',*,*,#9715,.F.);
#11127=CARTESIAN_POINT('',(4.292240158749703,3.167401906158773,13.246356358215445));
#11128=DIRECTION('',(0.0,-1.0,0.0));
#11129=VECTOR('',#11128,3.198460775564371);
#11130=LINE('',#11127,#11129);
#11131=EDGE_CURVE('',#8855,#9253,#11130,.T.);
#11132=ORIENTED_EDGE('',*,*,#11131,.T.);
#11133=EDGE_LOOP('',(#11124,#11125,#11126,#11132));
#11134=FACE_OUTER_BOUND('',#11133,.T.);
#11135=ADVANCED_FACE('',(#11134),#11123,.F.);
#11136=CARTESIAN_POINT('',(4.292240158749703,3.167401906158773,13.246356358215445));
#11137=DIRECTION('',(-1.0,0.0,0.0));
#11138=DIRECTION('',(0.0,0.0,1.0));
#11139=AXIS2_PLACEMENT_3D('',#11136,#11137,#11138);
#11140=PLANE('',#11139);
#11141=ORIENTED_EDGE('',*,*,#10235,.F.);
#11142=ORIENTED_EDGE('',*,*,#11131,.F.);
#11143=ORIENTED_EDGE('',*,*,#9733,.F.);
#11144=ORIENTED_EDGE('',*,*,#11090,.T.);
#11145=EDGE_LOOP('',(#11141,#11142,#11143,#11144));
#11146=FACE_OUTER_BOUND('',#11145,.T.);
#11147=ADVANCED_FACE('',(#11146),#11140,.F.);
#11148=CARTESIAN_POINT('',(4.292240158749712,3.167401906158773,6.479581410901161));
#11149=DIRECTION('',(0.0,0.0,1.0));
#11150=DIRECTION('',(1.0,0.0,0.0));
#11151=AXIS2_PLACEMENT_3D('',#11148,#11149,#11150);
#11152=PLANE('',#11151);
#11153=ORIENTED_EDGE('',*,*,#10215,.F.);
#11154=CARTESIAN_POINT('',(4.292240158749712,3.167401906158773,6.479581410901161));
#11155=DIRECTION('',(0.0,-1.0,0.0));
#11156=VECTOR('',#11155,3.198460775564371);
#11157=LINE('',#11154,#11156);
#11158=EDGE_CURVE('',#8907,#9106,#11157,.T.);
#11159=ORIENTED_EDGE('',*,*,#11158,.F.);
#11160=ORIENTED_EDGE('',*,*,#9647,.F.);
#11161=CARTESIAN_POINT('',(5.428877877395808,3.167401906158773,6.479581410901196));
#11162=DIRECTION('',(0.0,-1.0,0.0));
#11163=VECTOR('',#11162,3.198460775564371);
#11164=LINE('',#11161,#11163);
#11165=EDGE_CURVE('',#8899,#9745,#11164,.T.);
#11166=ORIENTED_EDGE('',*,*,#11165,.T.);
#11167=EDGE_LOOP('',(#11153,#11159,#11160,#11166));
#11168=FACE_OUTER_BOUND('',#11167,.T.);
#11169=ADVANCED_FACE('',(#11168),#11152,.F.);
#11170=CARTESIAN_POINT('',(5.428877877395808,3.167401906158773,6.479581410901196));
#11171=DIRECTION('',(1.0,0.0,0.0));
#11172=DIRECTION('',(0.0,0.0,-1.0));
#11173=AXIS2_PLACEMENT_3D('',#11170,#11171,#11172);
#11174=PLANE('',#11173);
#11175=ORIENTED_EDGE('',*,*,#10221,.F.);
#11176=ORIENTED_EDGE('',*,*,#11165,.F.);
#11177=ORIENTED_EDGE('',*,*,#9641,.F.);
#11178=CARTESIAN_POINT('',(5.428877877395813,3.167401906158773,5.337648640915674));
#11179=DIRECTION('',(0.0,-1.0,0.0));
#11180=VECTOR('',#11179,3.198460775564371);
#11181=LINE('',#11178,#11180);
#11182=EDGE_CURVE('',#8891,#9769,#11181,.T.);
#11183=ORIENTED_EDGE('',*,*,#11182,.T.);
#11184=EDGE_LOOP('',(#11175,#11176,#11177,#11183));
#11185=FACE_OUTER_BOUND('',#11184,.T.);
#11186=ADVANCED_FACE('',(#11185),#11174,.F.);
#11187=CARTESIAN_POINT('',(5.428877877395813,3.167401906158773,5.337648640915674));
#11188=DIRECTION('',(0.0,0.0,-1.0));
#11189=DIRECTION('',(-1.0,0.0,0.0));
#11190=AXIS2_PLACEMENT_3D('',#11187,#11188,#11189);
#11191=PLANE('',#11190);
#11192=ORIENTED_EDGE('',*,*,#10203,.F.);
#11193=ORIENTED_EDGE('',*,*,#11182,.F.);
#11194=ORIENTED_EDGE('',*,*,#9635,.F.);
#11195=CARTESIAN_POINT('',(4.292240158749703,3.167401906158773,5.337648640915679));
#11196=DIRECTION('',(0.0,-1.0,0.0));
#11197=VECTOR('',#11196,3.198460775564371);
#11198=LINE('',#11195,#11197);
#11199=EDGE_CURVE('',#8889,#9114,#11198,.T.);
#11200=ORIENTED_EDGE('',*,*,#11199,.T.);
#11201=EDGE_LOOP('',(#11192,#11193,#11194,#11200));
#11202=FACE_OUTER_BOUND('',#11201,.T.);
#11203=ADVANCED_FACE('',(#11202),#11191,.F.);
#11204=CARTESIAN_POINT('',(4.292240158749703,3.167401906158773,5.337648640915679));
#11205=DIRECTION('',(-1.0,0.0,0.0));
#11206=DIRECTION('',(0.0,0.0,1.0));
#11207=AXIS2_PLACEMENT_3D('',#11204,#11205,#11206);
#11208=PLANE('',#11207);
#11209=ORIENTED_EDGE('',*,*,#10209,.F.);
#11210=ORIENTED_EDGE('',*,*,#11199,.F.);
#11211=ORIENTED_EDGE('',*,*,#9653,.F.);
#11212=ORIENTED_EDGE('',*,*,#11158,.T.);
#11213=EDGE_LOOP('',(#11209,#11210,#11211,#11212));
#11214=FACE_OUTER_BOUND('',#11213,.T.);
#11215=ADVANCED_FACE('',(#11214),#11208,.F.);
#11216=CARTESIAN_POINT('',(6.855561383429404,9.363436202935048,0.0));
#11217=DIRECTION('',(-1.0,0.0,0.0));
#11218=DIRECTION('',(0.0,0.0,1.0));
#11219=AXIS2_PLACEMENT_3D('',#11216,#11217,#11218);
#11220=PLANE('',#11219);
#11221=ORIENTED_EDGE('',*,*,#11029,.F.);
#11222=ORIENTED_EDGE('',*,*,#8818,.T.);
#11223=CARTESIAN_POINT('',(6.855561383429404,3.167401906158773,1.500000000000000));
#11224=DIRECTION('',(0.0,-1.0,0.0));
#11225=VECTOR('',#11224,3.198460775564371);
#11226=LINE('',#11223,#11225);
#11227=EDGE_CURVE('',#8805,#10111,#11226,.T.);
#11228=ORIENTED_EDGE('',*,*,#11227,.T.);
#11229=ORIENTED_EDGE('',*,*,#10116,.F.);
#11230=EDGE_LOOP('',(#11221,#11222,#11228,#11229));
#11231=FACE_OUTER_BOUND('',#11230,.T.);
#11232=ADVANCED_FACE('',(#11231),#11220,.F.);
#11233=CARTESIAN_POINT('',(6.855561383429404,9.363436202935048,1.500000000000000));
#11234=DIRECTION('',(0.0,0.0,1.0));
#11235=DIRECTION('',(1.0,0.0,0.0));
#11236=AXIS2_PLACEMENT_3D('',#11233,#11234,#11235);
#11237=PLANE('',#11236);
#11238=CARTESIAN_POINT('',(8.055639811519143,9.363436202935048,1.500000000000000));
#11239=VERTEX_POINT('',#11238);
#11240=CARTESIAN_POINT('',(8.753487615399168,7.761558289483163,1.500000000000000));
#11241=DIRECTION('',(-0.399389828755694,0.916781197825576,0.0));
#11242=VECTOR('',#11241,1.747284867153936);
#11243=LINE('',#11240,#11242);
#11244=EDGE_CURVE('',#10006,#11239,#11243,.T.);
#11245=ORIENTED_EDGE('',*,*,#11244,.F.);
#11246=ORIENTED_EDGE('',*,*,#10011,.F.);
#11247=ORIENTED_EDGE('',*,*,#10040,.F.);
#11248=ORIENTED_EDGE('',*,*,#10064,.F.);
#11249=ORIENTED_EDGE('',*,*,#10122,.F.);
#11250=ORIENTED_EDGE('',*,*,#11227,.F.);
#11251=ORIENTED_EDGE('',*,*,#10270,.F.);
#11252=ORIENTED_EDGE('',*,*,#10294,.F.);
#11253=CARTESIAN_POINT('',(8.055639811519143,9.363436202935048,1.500000000000000));
#11254=DIRECTION('',(-1.0,0.0,0.0));
#11255=VECTOR('',#11254,0.703142855219426);
#11256=LINE('',#11253,#11255);
#11257=EDGE_CURVE('',#11239,#10283,#11256,.T.);
#11258=ORIENTED_EDGE('',*,*,#11257,.F.);
#11259=EDGE_LOOP('',(#11245,#11246,#11247,#11248,#11249,#11250,#11251,#11252,#11258));
#11260=FACE_OUTER_BOUND('',#11259,.T.);
#11261=ADVANCED_FACE('',(#11260),#11237,.F.);
#11262=CARTESIAN_POINT('',(7.352496956299718,9.363436202935048,0.0));
#11263=DIRECTION('',(0.0,1.0,0.0));
#11264=DIRECTION('',(0.0,0.0,1.0));
#11265=AXIS2_PLACEMENT_3D('',#11262,#11263,#11264);
#11266=PLANE('',#11265);
#11267=ORIENTED_EDGE('',*,*,#9941,.T.);
#11268=CARTESIAN_POINT('',(8.055639811519143,9.363436202935048,1.500000000000000));
#11269=DIRECTION('',(0.0,0.0,1.0));
#11270=VECTOR('',#11269,12.889563498671869);
#11271=LINE('',#11268,#11270);
#11272=EDGE_CURVE('',#11239,#9926,#11271,.T.);
#11273=ORIENTED_EDGE('',*,*,#11272,.F.);
#11274=ORIENTED_EDGE('',*,*,#11257,.T.);
#11275=ORIENTED_EDGE('',*,*,#10288,.T.);
#11276=EDGE_LOOP('',(#11267,#11273,#11274,#11275));
#11277=FACE_OUTER_BOUND('',#11276,.T.);
#11278=ADVANCED_FACE('',(#11277),#11266,.T.);
#11279=CARTESIAN_POINT('',(8.055639811519143,9.363436202935048,0.0));
#11280=DIRECTION('',(0.916781197825576,0.399389828755693,0.0));
#11281=DIRECTION('',(0.0,0.0,-1.0));
#11282=AXIS2_PLACEMENT_3D('',#11279,#11280,#11281);
#11283=PLANE('',#11282);
#11284=ORIENTED_EDGE('',*,*,#9933,.T.);
#11285=ORIENTED_EDGE('',*,*,#10017,.F.);
#11286=ORIENTED_EDGE('',*,*,#11244,.T.);
#11287=ORIENTED_EDGE('',*,*,#11272,.T.);
#11288=EDGE_LOOP('',(#11284,#11285,#11286,#11287));
#11289=FACE_OUTER_BOUND('',#11288,.T.);
#11290=ADVANCED_FACE('',(#11289),#11283,.T.);
#11291=CLOSED_SHELL('',(#8772,#8990,#9014,#9039,#9081,#9129,#9153,#9178,#9220,#9268,#9292,#9317,#9359,#9398,#9422,#9447,#9489,#9528,#9552,#9577,#9594,#9613,#9625,#9657,#9674,#9693,#9705,#9737,#9761,#9787,#9804,#9816,#9840,#9866,#9883,#9895,#9919,#9990,#10021,#10045,#10069,#10251,#10275,#10299,#10341,#10363,#10397,#10429,#10446,#10465,#10507,#10529,#10563,#10595,#10612,#10631,#10643,#10655,#10697,#10736,#10760,#10785,#10827,#10866,#10890,#10915,#10932,#10951,#10963,#10980,#10999,#11011,#11033,#11050,#11067,#11079,#11101,#11118,#11135,#11147,#11169,#11186,#11203,#11215,#11232,#11261,#11278,#11290));
#11292=MANIFOLD_SOLID_BREP('\X2\5BE69AD4\X0\1',#11291);
#11293=STYLED_ITEM('',(#6828),#11292);
#11294=ADVANCED_BREP_SHAPE_REPRESENTATION('ABSR',(#11292),#8699);
#11295=SHAPE_REPRESENTATION_RELATIONSHIP('SRR','None',#11294,#8704);
#11296=GROUP('\X2\FFFDFFFDFFFD\X0\8',$);
#11297=APPLIED_GROUP_ASSIGNMENT(#11296,(#11327,#11362,#11394,#11426,#11458,#11490,#11522,#11554,#11586,#11618,#11650,#11682,#11714,#11746,#11778,#11810,#11842,#11874,#11906,#11938,#11970,#12002,#12034,#12068,#12100,#12134,#12166,#12200,#12232,#12266));
#11303=(NAMED_UNIT(*)PLANE_ANGLE_UNIT()SI_UNIT($,.RADIAN.));
#11304=DIMENSIONAL_EXPONENTS(0.0,0.0,0.0,0.0,0.0,0.0,0.0);
#11305=PLANE_ANGLE_MEASURE_WITH_UNIT(PLANE_ANGLE_MEASURE(0.017453292500000),#11303);
#11309=(CONVERSION_BASED_UNIT('DEGREE',#11305)NAMED_UNIT(#11304)PLANE_ANGLE_UNIT());
#11313=(NAMED_UNIT(*)SI_UNIT($,.STERADIAN.)SOLID_ANGLE_UNIT());
#11317=(LENGTH_UNIT()NAMED_UNIT(*)SI_UNIT(.MILLI.,.METRE.));
#11319=UNCERTAINTY_MEASURE_WITH_UNIT(LENGTH_MEASURE(0.000001000000000),#11317,'DISTANCE_ACCURACY_VALUE','');
#11321=(GEOMETRIC_REPRESENTATION_CONTEXT(3)GLOBAL_UNCERTAINTY_ASSIGNED_CONTEXT((#11319))GLOBAL_UNIT_ASSIGNED_CONTEXT((#11309,#11313,#11317))REPRESENTATION_CONTEXT('','3D'));
#11322=CARTESIAN_POINT('',(4.292240158749701,3.167401906158773,10.434035648449797));
#11323=DIRECTION('',(0.0,0.0,-1.0));
#11324=VECTOR('',#11323,1.136637718646107);
#11325=LINE('',#11322,#11324);
#11326=CARTESIAN_POINT('',(4.292240158749704,3.167401906158773,9.297397929803690));
#11327=TRIMMED_CURVE('',#11325,(PARAMETER_VALUE(0.0),#11322),(PARAMETER_VALUE(1.0),#11326),.T.,.PARAMETER.);
#11328=STYLED_ITEM('',(#5466),#11327);
#11329=MECHANICAL_DESIGN_GEOMETRIC_PRESENTATION_REPRESENTATION('',(#11328),#11321);
#11330=GEOMETRIC_SET('GEOSET',(#11327,#11362,#11394,#11426,#11458,#11490,#11522,#11554,#11586,#11618,#11650,#11682,#11714,#11746,#11778,#11810,#11842,#11874,#11906,#11938,#11970,#12002,#12034,#12068,#12100,#12134,#12166,#12200,#12232,#12266,#12300,#12334,#12366,#12398,#12430,#12464,#12498,#12530,#12562,#12596,#12628,#12662));
#11331=GEOMETRICALLY_BOUNDED_SURFACE_SHAPE_REPRESENTATION('GBSSR',(#11330),#8699);
#11332=SHAPE_REPRESENTATION_RELATIONSHIP('SRR','None',#11331,#8704);
#11338=(NAMED_UNIT(*)PLANE_ANGLE_UNIT()SI_UNIT($,.RADIAN.));
#11339=DIMENSIONAL_EXPONENTS(0.0,0.0,0.0,0.0,0.0,0.0,0.0);
#11340=PLANE_ANGLE_MEASURE_WITH_UNIT(PLANE_ANGLE_MEASURE(0.017453292500000),#11338);
#11344=(CONVERSION_BASED_UNIT('DEGREE',#11340)NAMED_UNIT(#11339)PLANE_ANGLE_UNIT());
#11348=(NAMED_UNIT(*)SI_UNIT($,.STERADIAN.)SOLID_ANGLE_UNIT());
#11352=(LENGTH_UNIT()NAMED_UNIT(*)SI_UNIT(.MILLI.,.METRE.));
#11354=UNCERTAINTY_MEASURE_WITH_UNIT(LENGTH_MEASURE(0.000001000000000),#11352,'DISTANCE_ACCURACY_VALUE','');
#11356=(GEOMETRIC_REPRESENTATION_CONTEXT(3)GLOBAL_UNCERTAINTY_ASSIGNED_CONTEXT((#11354))GLOBAL_UNIT_ASSIGNED_CONTEXT((#11344,#11348,#11352))REPRESENTATION_CONTEXT('','3D'));
#11357=CARTESIAN_POINT('',(5.428877877395806,3.167401906158773,10.434035648449804));
#11358=DIRECTION('',(-1.0,0.0,0.0));
#11359=VECTOR('',#11358,1.136637718646105);
#11360=LINE('',#11357,#11359);
#11361=CARTESIAN_POINT('',(4.292240158749701,3.167401906158773,10.434035648449797));
#11362=TRIMMED_CURVE('',#11360,(PARAMETER_VALUE(0.0),#11357),(PARAMETER_VALUE(1.0),#11361),.T.,.PARAMETER.);
#11363=STYLED_ITEM('',(#5466),#11362);
#11364=MECHANICAL_DESIGN_GEOMETRIC_PRESENTATION_REPRESENTATION('',(#11363),#11356);
#11370=(NAMED_UNIT(*)PLANE_ANGLE_UNIT()SI_UNIT($,.RADIAN.));
#11371=DIMENSIONAL_EXPONENTS(0.0,0.0,0.0,0.0,0.0,0.0,0.0);
#11372=PLANE_ANGLE_MEASURE_WITH_UNIT(PLANE_ANGLE_MEASURE(0.017453292500000),#11370);
#11376=(CONVERSION_BASED_UNIT('DEGREE',#11372)NAMED_UNIT(#11371)PLANE_ANGLE_UNIT());
#11380=(NAMED_UNIT(*)SI_UNIT($,.STERADIAN.)SOLID_ANGLE_UNIT());
#11384=(LENGTH_UNIT()NAMED_UNIT(*)SI_UNIT(.MILLI.,.METRE.));
#11386=UNCERTAINTY_MEASURE_WITH_UNIT(LENGTH_MEASURE(0.000001000000000),#11384,'DISTANCE_ACCURACY_VALUE','');
#11388=(GEOMETRIC_REPRESENTATION_CONTEXT(3)GLOBAL_UNCERTAINTY_ASSIGNED_CONTEXT((#11386))GLOBAL_UNIT_ASSIGNED_CONTEXT((#11376,#11380,#11384))REPRESENTATION_CONTEXT('','3D'));
#11389=CARTESIAN_POINT('',(5.428877877395792,3.167401906158773,9.297397929803681));
#11390=DIRECTION('',(0.0,0.0,1.0));
#11391=VECTOR('',#11390,1.136637718646123);
#11392=LINE('',#11389,#11391);
#11393=CARTESIAN_POINT('',(5.428877877395806,3.167401906158773,10.434035648449804));
#11394=TRIMMED_CURVE('',#11392,(PARAMETER_VALUE(0.0),#11389),(PARAMETER_VALUE(1.0),#11393),.T.,.PARAMETER.);
#11395=STYLED_ITEM('',(#5466),#11394);
#11396=MECHANICAL_DESIGN_GEOMETRIC_PRESENTATION_REPRESENTATION('',(#11395),#11388);
#11402=(NAMED_UNIT(*)PLANE_ANGLE_UNIT()SI_UNIT($,.RADIAN.));
#11403=DIMENSIONAL_EXPONENTS(0.0,0.0,0.0,0.0,0.0,0.0,0.0);
#11404=PLANE_ANGLE_MEASURE_WITH_UNIT(PLANE_ANGLE_MEASURE(0.017453292500000),#11402);
#11408=(CONVERSION_BASED_UNIT('DEGREE',#11404)NAMED_UNIT(#11403)PLANE_ANGLE_UNIT());
#11412=(NAMED_UNIT(*)SI_UNIT($,.STERADIAN.)SOLID_ANGLE_UNIT());
#11416=(LENGTH_UNIT()NAMED_UNIT(*)SI_UNIT(.MILLI.,.METRE.));
#11418=UNCERTAINTY_MEASURE_WITH_UNIT(LENGTH_MEASURE(0.000001000000000),#11416,'DISTANCE_ACCURACY_VALUE','');
#11420=(GEOMETRIC_REPRESENTATION_CONTEXT(3)GLOBAL_UNCERTAINTY_ASSIGNED_CONTEXT((#11418))GLOBAL_UNIT_ASSIGNED_CONTEXT((#11408,#11412,#11416))REPRESENTATION_CONTEXT('','3D'));
#11421=CARTESIAN_POINT('',(4.292240158749703,3.167401906158773,9.297397929803690));
#11422=DIRECTION('',(1.0,0.0,0.0));
#11423=VECTOR('',#11422,1.136637718646090);
#11424=LINE('',#11421,#11423);
#11425=CARTESIAN_POINT('',(5.428877877395792,3.167401906158773,9.297397929803681));
#11426=TRIMMED_CURVE('',#11424,(PARAMETER_VALUE(0.0),#11421),(PARAMETER_VALUE(1.0),#11425),.T.,.PARAMETER.);
#11427=STYLED_ITEM('',(#5466),#11426);
#11428=MECHANICAL_DESIGN_GEOMETRIC_PRESENTATION_REPRESENTATION('',(#11427),#11420);
#11434=(NAMED_UNIT(*)PLANE_ANGLE_UNIT()SI_UNIT($,.RADIAN.));
#11435=DIMENSIONAL_EXPONENTS(0.0,0.0,0.0,0.0,0.0,0.0,0.0);
#11436=PLANE_ANGLE_MEASURE_WITH_UNIT(PLANE_ANGLE_MEASURE(0.017453292500000),#11434);
#11440=(CONVERSION_BASED_UNIT('DEGREE',#11436)NAMED_UNIT(#11435)PLANE_ANGLE_UNIT());
#11444=(NAMED_UNIT(*)SI_UNIT($,.STERADIAN.)SOLID_ANGLE_UNIT());
#11448=(LENGTH_UNIT()NAMED_UNIT(*)SI_UNIT(.MILLI.,.METRE.));
#11450=UNCERTAINTY_MEASURE_WITH_UNIT(LENGTH_MEASURE(0.000001000000000),#11448,'DISTANCE_ACCURACY_VALUE','');
#11452=(GEOMETRIC_REPRESENTATION_CONTEXT(3)GLOBAL_UNCERTAINTY_ASSIGNED_CONTEXT((#11450))GLOBAL_UNIT_ASSIGNED_CONTEXT((#11440,#11444,#11448))REPRESENTATION_CONTEXT('','3D'));
#11453=CARTESIAN_POINT('',(4.292240158749703,3.167401906158773,2.525352907807281));
#11454=DIRECTION('',(0.0,0.0,-1.0));
#11455=VECTOR('',#11454,1.136662695303385);
#11456=LINE('',#11453,#11455);
#11457=CARTESIAN_POINT('',(4.292240158749728,3.167401906158773,1.388690212503896));
#11458=TRIMMED_CURVE('',#11456,(PARAMETER_VALUE(0.0),#11453),(PARAMETER_VALUE(1.0),#11457),.T.,.PARAMETER.);
#11459=STYLED_ITEM('',(#5466),#11458);
#11460=MECHANICAL_DESIGN_GEOMETRIC_PRESENTATION_REPRESENTATION('',(#11459),#11452);
#11466=(NAMED_UNIT(*)PLANE_ANGLE_UNIT()SI_UNIT($,.RADIAN.));
#11467=DIMENSIONAL_EXPONENTS(0.0,0.0,0.0,0.0,0.0,0.0,0.0);
#11468=PLANE_ANGLE_MEASURE_WITH_UNIT(PLANE_ANGLE_MEASURE(0.017453292500000),#11466);
#11472=(CONVERSION_BASED_UNIT('DEGREE',#11468)NAMED_UNIT(#11467)PLANE_ANGLE_UNIT());
#11476=(NAMED_UNIT(*)SI_UNIT($,.STERADIAN.)SOLID_ANGLE_UNIT());
#11480=(LENGTH_UNIT()NAMED_UNIT(*)SI_UNIT(.MILLI.,.METRE.));
#11482=UNCERTAINTY_MEASURE_WITH_UNIT(LENGTH_MEASURE(0.000001000000000),#11480,'DISTANCE_ACCURACY_VALUE','');
#11484=(GEOMETRIC_REPRESENTATION_CONTEXT(3)GLOBAL_UNCERTAINTY_ASSIGNED_CONTEXT((#11482))GLOBAL_UNIT_ASSIGNED_CONTEXT((#11472,#11476,#11480))REPRESENTATION_CONTEXT('','3D'));
#11485=CARTESIAN_POINT('',(5.428877877395824,3.167401906158773,2.525352907807281));
#11486=DIRECTION('',(-1.0,0.0,0.0));
#11487=VECTOR('',#11486,1.136637718646121);
#11488=LINE('',#11485,#11487);
#11489=CARTESIAN_POINT('',(4.292240158749703,3.167401906158773,2.525352907807281));
#11490=TRIMMED_CURVE('',#11488,(PARAMETER_VALUE(0.0),#11485),(PARAMETER_VALUE(1.0),#11489),.T.,.PARAMETER.);
#11491=STYLED_ITEM('',(#5466),#11490);
#11492=MECHANICAL_DESIGN_GEOMETRIC_PRESENTATION_REPRESENTATION('',(#11491),#11484);
#11498=(NAMED_UNIT(*)PLANE_ANGLE_UNIT()SI_UNIT($,.RADIAN.));
#11499=DIMENSIONAL_EXPONENTS(0.0,0.0,0.0,0.0,0.0,0.0,0.0);
#11500=PLANE_ANGLE_MEASURE_WITH_UNIT(PLANE_ANGLE_MEASURE(0.017453292500000),#11498);
#11504=(CONVERSION_BASED_UNIT('DEGREE',#11500)NAMED_UNIT(#11499)PLANE_ANGLE_UNIT());
#11508=(NAMED_UNIT(*)SI_UNIT($,.STERADIAN.)SOLID_ANGLE_UNIT());
#11512=(LENGTH_UNIT()NAMED_UNIT(*)SI_UNIT(.MILLI.,.METRE.));
#11514=UNCERTAINTY_MEASURE_WITH_UNIT(LENGTH_MEASURE(0.000001000000000),#11512,'DISTANCE_ACCURACY_VALUE','');
#11516=(GEOMETRIC_REPRESENTATION_CONTEXT(3)GLOBAL_UNCERTAINTY_ASSIGNED_CONTEXT((#11514))GLOBAL_UNIT_ASSIGNED_CONTEXT((#11504,#11508,#11512))REPRESENTATION_CONTEXT('','3D'));
#11517=CARTESIAN_POINT('',(5.428877877395816,3.167401906158773,1.388690212503916));
#11518=DIRECTION('',(0.0,0.0,1.0));
#11519=VECTOR('',#11518,1.136662695303365);
#11520=LINE('',#11517,#11519);
#11521=CARTESIAN_POINT('',(5.428877877395824,3.167401906158773,2.525352907807281));
#11522=TRIMMED_CURVE('',#11520,(PARAMETER_VALUE(0.0),#11517),(PARAMETER_VALUE(1.0),#11521),.T.,.PARAMETER.);
#11523=STYLED_ITEM('',(#5466),#11522);
#11524=MECHANICAL_DESIGN_GEOMETRIC_PRESENTATION_REPRESENTATION('',(#11523),#11516);
#11530=(NAMED_UNIT(*)PLANE_ANGLE_UNIT()SI_UNIT($,.RADIAN.));
#11531=DIMENSIONAL_EXPONENTS(0.0,0.0,0.0,0.0,0.0,0.0,0.0);
#11532=PLANE_ANGLE_MEASURE_WITH_UNIT(PLANE_ANGLE_MEASURE(0.017453292500000),#11530);
#11536=(CONVERSION_BASED_UNIT('DEGREE',#11532)NAMED_UNIT(#11531)PLANE_ANGLE_UNIT());
#11540=(NAMED_UNIT(*)SI_UNIT($,.STERADIAN.)SOLID_ANGLE_UNIT());
#11544=(LENGTH_UNIT()NAMED_UNIT(*)SI_UNIT(.MILLI.,.METRE.));
#11546=UNCERTAINTY_MEASURE_WITH_UNIT(LENGTH_MEASURE(0.000001000000000),#11544,'DISTANCE_ACCURACY_VALUE','');
#11548=(GEOMETRIC_REPRESENTATION_CONTEXT(3)GLOBAL_UNCERTAINTY_ASSIGNED_CONTEXT((#11546))GLOBAL_UNIT_ASSIGNED_CONTEXT((#11536,#11540,#11544))REPRESENTATION_CONTEXT('','3D'));
#11549=CARTESIAN_POINT('',(4.292240158749728,3.167401906158773,1.388690212503896));
#11550=DIRECTION('',(1.0,0.0,0.0));
#11551=VECTOR('',#11550,1.136637718646090);
#11552=LINE('',#11549,#11551);
#11553=CARTESIAN_POINT('',(5.428877877395817,3.167401906158773,1.388690212503916));
#11554=TRIMMED_CURVE('',#11552,(PARAMETER_VALUE(0.0),#11549),(PARAMETER_VALUE(1.0),#11553),.T.,.PARAMETER.);
#11555=STYLED_ITEM('',(#5466),#11554);
#11556=MECHANICAL_DESIGN_GEOMETRIC_PRESENTATION_REPRESENTATION('',(#11555),#11548);
#11562=(NAMED_UNIT(*)PLANE_ANGLE_UNIT()SI_UNIT($,.RADIAN.));
#11563=DIMENSIONAL_EXPONENTS(0.0,0.0,0.0,0.0,0.0,0.0,0.0);
#11564=PLANE_ANGLE_MEASURE_WITH_UNIT(PLANE_ANGLE_MEASURE(0.017453292500000),#11562);
#11568=(CONVERSION_BASED_UNIT('DEGREE',#11564)NAMED_UNIT(#11563)PLANE_ANGLE_UNIT());
#11572=(NAMED_UNIT(*)SI_UNIT($,.STERADIAN.)SOLID_ANGLE_UNIT());
#11576=(LENGTH_UNIT()NAMED_UNIT(*)SI_UNIT(.MILLI.,.METRE.));
#11578=UNCERTAINTY_MEASURE_WITH_UNIT(LENGTH_MEASURE(0.000001000000000),#11576,'DISTANCE_ACCURACY_VALUE','');
#11580=(GEOMETRIC_REPRESENTATION_CONTEXT(3)GLOBAL_UNCERTAINTY_ASSIGNED_CONTEXT((#11578))GLOBAL_UNIT_ASSIGNED_CONTEXT((#11568,#11572,#11576))REPRESENTATION_CONTEXT('','3D'));
#11581=CARTESIAN_POINT('',(4.292240158749712,3.167401906158773,6.479581410901161));
#11582=DIRECTION('',(0.0,0.0,-1.0));
#11583=VECTOR('',#11582,1.141932769985483);
#11584=LINE('',#11581,#11583);
#11585=CARTESIAN_POINT('',(4.292240158749703,3.167401906158773,5.337648640915678));
#11586=TRIMMED_CURVE('',#11584,(PARAMETER_VALUE(0.0),#11581),(PARAMETER_VALUE(1.0),#11585),.T.,.PARAMETER.);
#11587=STYLED_ITEM('',(#5466),#11586);
#11588=MECHANICAL_DESIGN_GEOMETRIC_PRESENTATION_REPRESENTATION('',(#11587),#11580);
#11594=(NAMED_UNIT(*)PLANE_ANGLE_UNIT()SI_UNIT($,.RADIAN.));
#11595=DIMENSIONAL_EXPONENTS(0.0,0.0,0.0,0.0,0.0,0.0,0.0);
#11596=PLANE_ANGLE_MEASURE_WITH_UNIT(PLANE_ANGLE_MEASURE(0.017453292500000),#11594);
#11600=(CONVERSION_BASED_UNIT('DEGREE',#11596)NAMED_UNIT(#11595)PLANE_ANGLE_UNIT());
#11604=(NAMED_UNIT(*)SI_UNIT($,.STERADIAN.)SOLID_ANGLE_UNIT());
#11608=(LENGTH_UNIT()NAMED_UNIT(*)SI_UNIT(.MILLI.,.METRE.));
#11610=UNCERTAINTY_MEASURE_WITH_UNIT(LENGTH_MEASURE(0.000001000000000),#11608,'DISTANCE_ACCURACY_VALUE','');
#11612=(GEOMETRIC_REPRESENTATION_CONTEXT(3)GLOBAL_UNCERTAINTY_ASSIGNED_CONTEXT((#11610))GLOBAL_UNIT_ASSIGNED_CONTEXT((#11600,#11604,#11608))REPRESENTATION_CONTEXT('','3D'));
#11613=CARTESIAN_POINT('',(5.428877877395808,3.167401906158773,6.479581410901196));
#11614=DIRECTION('',(-1.0,0.0,0.0));
#11615=VECTOR('',#11614,1.136637718646096);
#11616=LINE('',#11613,#11615);
#11617=CARTESIAN_POINT('',(4.292240158749712,3.167401906158773,6.479581410901161));
#11618=TRIMMED_CURVE('',#11616,(PARAMETER_VALUE(0.0),#11613),(PARAMETER_VALUE(1.0),#11617),.T.,.PARAMETER.);
#11619=STYLED_ITEM('',(#5466),#11618);
#11620=MECHANICAL_DESIGN_GEOMETRIC_PRESENTATION_REPRESENTATION('',(#11619),#11612);
#11626=(NAMED_UNIT(*)PLANE_ANGLE_UNIT()SI_UNIT($,.RADIAN.));
#11627=DIMENSIONAL_EXPONENTS(0.0,0.0,0.0,0.0,0.0,0.0,0.0);
#11628=PLANE_ANGLE_MEASURE_WITH_UNIT(PLANE_ANGLE_MEASURE(0.017453292500000),#11626);
#11632=(CONVERSION_BASED_UNIT('DEGREE',#11628)NAMED_UNIT(#11627)PLANE_ANGLE_UNIT());
#11636=(NAMED_UNIT(*)SI_UNIT($,.STERADIAN.)SOLID_ANGLE_UNIT());
#11640=(LENGTH_UNIT()NAMED_UNIT(*)SI_UNIT(.MILLI.,.METRE.));
#11642=UNCERTAINTY_MEASURE_WITH_UNIT(LENGTH_MEASURE(0.000001000000000),#11640,'DISTANCE_ACCURACY_VALUE','');
#11644=(GEOMETRIC_REPRESENTATION_CONTEXT(3)GLOBAL_UNCERTAINTY_ASSIGNED_CONTEXT((#11642))GLOBAL_UNIT_ASSIGNED_CONTEXT((#11632,#11636,#11640))REPRESENTATION_CONTEXT('','3D'));
#11645=CARTESIAN_POINT('',(5.428877877395813,3.167401906158773,5.337648640915673));
#11646=DIRECTION('',(0.0,0.0,1.0));
#11647=VECTOR('',#11646,1.141932769985523);
#11648=LINE('',#11645,#11647);
#11649=CARTESIAN_POINT('',(5.428877877395808,3.167401906158773,6.479581410901196));
#11650=TRIMMED_CURVE('',#11648,(PARAMETER_VALUE(0.0),#11645),(PARAMETER_VALUE(1.0),#11649),.T.,.PARAMETER.);
#11651=STYLED_ITEM('',(#5466),#11650);
#11652=MECHANICAL_DESIGN_GEOMETRIC_PRESENTATION_REPRESENTATION('',(#11651),#11644);
#11658=(NAMED_UNIT(*)PLANE_ANGLE_UNIT()SI_UNIT($,.RADIAN.));
#11659=DIMENSIONAL_EXPONENTS(0.0,0.0,0.0,0.0,0.0,0.0,0.0);
#11660=PLANE_ANGLE_MEASURE_WITH_UNIT(PLANE_ANGLE_MEASURE(0.017453292500000),#11658);
#11664=(CONVERSION_BASED_UNIT('DEGREE',#11660)NAMED_UNIT(#11659)PLANE_ANGLE_UNIT());
#11668=(NAMED_UNIT(*)SI_UNIT($,.STERADIAN.)SOLID_ANGLE_UNIT());
#11672=(LENGTH_UNIT()NAMED_UNIT(*)SI_UNIT(.MILLI.,.METRE.));
#11674=UNCERTAINTY_MEASURE_WITH_UNIT(LENGTH_MEASURE(0.000001000000000),#11672,'DISTANCE_ACCURACY_VALUE','');
#11676=(GEOMETRIC_REPRESENTATION_CONTEXT(3)GLOBAL_UNCERTAINTY_ASSIGNED_CONTEXT((#11674))GLOBAL_UNIT_ASSIGNED_CONTEXT((#11664,#11668,#11672))REPRESENTATION_CONTEXT('','3D'));
#11677=CARTESIAN_POINT('',(4.292240158749703,3.167401906158773,5.337648640915678));
#11678=DIRECTION('',(1.0,0.0,0.0));
#11679=VECTOR('',#11678,1.136637718646110);
#11680=LINE('',#11677,#11679);
#11681=CARTESIAN_POINT('',(5.428877877395813,3.167401906158773,5.337648640915673));
#11682=TRIMMED_CURVE('',#11680,(PARAMETER_VALUE(0.0),#11677),(PARAMETER_VALUE(1.0),#11681),.T.,.PARAMETER.);
#11683=STYLED_ITEM('',(#5466),#11682);
#11684=MECHANICAL_DESIGN_GEOMETRIC_PRESENTATION_REPRESENTATION('',(#11683),#11676);
#11690=(NAMED_UNIT(*)PLANE_ANGLE_UNIT()SI_UNIT($,.RADIAN.));
#11691=DIMENSIONAL_EXPONENTS(0.0,0.0,0.0,0.0,0.0,0.0,0.0);
#11692=PLANE_ANGLE_MEASURE_WITH_UNIT(PLANE_ANGLE_MEASURE(0.017453292500000),#11690);
#11696=(CONVERSION_BASED_UNIT('DEGREE',#11692)NAMED_UNIT(#11691)PLANE_ANGLE_UNIT());
#11700=(NAMED_UNIT(*)SI_UNIT($,.STERADIAN.)SOLID_ANGLE_UNIT());
#11704=(LENGTH_UNIT()NAMED_UNIT(*)SI_UNIT(.MILLI.,.METRE.));
#11706=UNCERTAINTY_MEASURE_WITH_UNIT(LENGTH_MEASURE(0.000001000000000),#11704,'DISTANCE_ACCURACY_VALUE','');
#11708=(GEOMETRIC_REPRESENTATION_CONTEXT(3)GLOBAL_UNCERTAINTY_ASSIGNED_CONTEXT((#11706))GLOBAL_UNIT_ASSIGNED_CONTEXT((#11696,#11700,#11704))REPRESENTATION_CONTEXT('','3D'));
#11709=CARTESIAN_POINT('',(4.292240158749701,3.167401906158773,18.342743365749563));
#11710=DIRECTION('',(0.0,0.0,-1.0));
#11711=VECTOR('',#11710,1.136637718646107);
#11712=LINE('',#11709,#11711);
#11713=CARTESIAN_POINT('',(4.292240158749704,3.167401906158773,17.206105647103456));
#11714=TRIMMED_CURVE('',#11712,(PARAMETER_VALUE(0.0),#11709),(PARAMETER_VALUE(1.0),#11713),.T.,.PARAMETER.);
#11715=STYLED_ITEM('',(#5466),#11714);
#11716=MECHANICAL_DESIGN_GEOMETRIC_PRESENTATION_REPRESENTATION('',(#11715),#11708);
#11722=(NAMED_UNIT(*)PLANE_ANGLE_UNIT()SI_UNIT($,.RADIAN.));
#11723=DIMENSIONAL_EXPONENTS(0.0,0.0,0.0,0.0,0.0,0.0,0.0);
#11724=PLANE_ANGLE_MEASURE_WITH_UNIT(PLANE_ANGLE_MEASURE(0.017453292500000),#11722);
#11728=(CONVERSION_BASED_UNIT('DEGREE',#11724)NAMED_UNIT(#11723)PLANE_ANGLE_UNIT());
#11732=(NAMED_UNIT(*)SI_UNIT($,.STERADIAN.)SOLID_ANGLE_UNIT());
#11736=(LENGTH_UNIT()NAMED_UNIT(*)SI_UNIT(.MILLI.,.METRE.));
#11738=UNCERTAINTY_MEASURE_WITH_UNIT(LENGTH_MEASURE(0.000001000000000),#11736,'DISTANCE_ACCURACY_VALUE','');
#11740=(GEOMETRIC_REPRESENTATION_CONTEXT(3)GLOBAL_UNCERTAINTY_ASSIGNED_CONTEXT((#11738))GLOBAL_UNIT_ASSIGNED_CONTEXT((#11728,#11732,#11736))REPRESENTATION_CONTEXT('','3D'));
#11741=CARTESIAN_POINT('',(5.428877877395806,3.167401906158773,18.342743365749570));
#11742=DIRECTION('',(-1.0,0.0,0.0));
#11743=VECTOR('',#11742,1.136637718646105);
#11744=LINE('',#11741,#11743);
#11745=CARTESIAN_POINT('',(4.292240158749701,3.167401906158773,18.342743365749563));
#11746=TRIMMED_CURVE('',#11744,(PARAMETER_VALUE(0.0),#11741),(PARAMETER_VALUE(1.0),#11745),.T.,.PARAMETER.);
#11747=STYLED_ITEM('',(#5466),#11746);
#11748=MECHANICAL_DESIGN_GEOMETRIC_PRESENTATION_REPRESENTATION('',(#11747),#11740);
#11754=(NAMED_UNIT(*)PLANE_ANGLE_UNIT()SI_UNIT($,.RADIAN.));
#11755=DIMENSIONAL_EXPONENTS(0.0,0.0,0.0,0.0,0.0,0.0,0.0);
#11756=PLANE_ANGLE_MEASURE_WITH_UNIT(PLANE_ANGLE_MEASURE(0.017453292500000),#11754);
#11760=(CONVERSION_BASED_UNIT('DEGREE',#11756)NAMED_UNIT(#11755)PLANE_ANGLE_UNIT());
#11764=(NAMED_UNIT(*)SI_UNIT($,.STERADIAN.)SOLID_ANGLE_UNIT());
#11768=(LENGTH_UNIT()NAMED_UNIT(*)SI_UNIT(.MILLI.,.METRE.));
#11770=UNCERTAINTY_MEASURE_WITH_UNIT(LENGTH_MEASURE(0.000001000000000),#11768,'DISTANCE_ACCURACY_VALUE','');
#11772=(GEOMETRIC_REPRESENTATION_CONTEXT(3)GLOBAL_UNCERTAINTY_ASSIGNED_CONTEXT((#11770))GLOBAL_UNIT_ASSIGNED_CONTEXT((#11760,#11764,#11768))REPRESENTATION_CONTEXT('','3D'));
#11773=CARTESIAN_POINT('',(5.428877877395792,3.167401906158773,17.206105647103445));
#11774=DIRECTION('',(0.0,0.0,1.0));
#11775=VECTOR('',#11774,1.136637718646124);
#11776=LINE('',#11773,#11775);
#11777=CARTESIAN_POINT('',(5.428877877395806,3.167401906158773,18.342743365749570));
#11778=TRIMMED_CURVE('',#11776,(PARAMETER_VALUE(0.0),#11773),(PARAMETER_VALUE(1.0),#11777),.T.,.PARAMETER.);
#11779=STYLED_ITEM('',(#5466),#11778);
#11780=MECHANICAL_DESIGN_GEOMETRIC_PRESENTATION_REPRESENTATION('',(#11779),#11772);
#11786=(NAMED_UNIT(*)PLANE_ANGLE_UNIT()SI_UNIT($,.RADIAN.));
#11787=DIMENSIONAL_EXPONENTS(0.0,0.0,0.0,0.0,0.0,0.0,0.0);
#11788=PLANE_ANGLE_MEASURE_WITH_UNIT(PLANE_ANGLE_MEASURE(0.017453292500000),#11786);
#11792=(CONVERSION_BASED_UNIT('DEGREE',#11788)NAMED_UNIT(#11787)PLANE_ANGLE_UNIT());
#11796=(NAMED_UNIT(*)SI_UNIT($,.STERADIAN.)SOLID_ANGLE_UNIT());
#11800=(LENGTH_UNIT()NAMED_UNIT(*)SI_UNIT(.MILLI.,.METRE.));
#11802=UNCERTAINTY_MEASURE_WITH_UNIT(LENGTH_MEASURE(0.000001000000000),#11800,'DISTANCE_ACCURACY_VALUE','');
#11804=(GEOMETRIC_REPRESENTATION_CONTEXT(3)GLOBAL_UNCERTAINTY_ASSIGNED_CONTEXT((#11802))GLOBAL_UNIT_ASSIGNED_CONTEXT((#11792,#11796,#11800))REPRESENTATION_CONTEXT('','3D'));
#11805=CARTESIAN_POINT('',(4.292240158749703,3.167401906158773,17.206105647103456));
#11806=DIRECTION('',(1.0,0.0,0.0));
#11807=VECTOR('',#11806,1.136637718646090);
#11808=LINE('',#11805,#11807);
#11809=CARTESIAN_POINT('',(5.428877877395792,3.167401906158773,17.206105647103449));
#11810=TRIMMED_CURVE('',#11808,(PARAMETER_VALUE(0.0),#11805),(PARAMETER_VALUE(1.0),#11809),.T.,.PARAMETER.);
#11811=STYLED_ITEM('',(#5466),#11810);
#11812=MECHANICAL_DESIGN_GEOMETRIC_PRESENTATION_REPRESENTATION('',(#11811),#11804);
#11818=(NAMED_UNIT(*)PLANE_ANGLE_UNIT()SI_UNIT($,.RADIAN.));
#11819=DIMENSIONAL_EXPONENTS(0.0,0.0,0.0,0.0,0.0,0.0,0.0);
#11820=PLANE_ANGLE_MEASURE_WITH_UNIT(PLANE_ANGLE_MEASURE(0.017453292500000),#11818);
#11824=(CONVERSION_BASED_UNIT('DEGREE',#11820)NAMED_UNIT(#11819)PLANE_ANGLE_UNIT());
#11828=(NAMED_UNIT(*)SI_UNIT($,.STERADIAN.)SOLID_ANGLE_UNIT());
#11832=(LENGTH_UNIT()NAMED_UNIT(*)SI_UNIT(.MILLI.,.METRE.));
#11834=UNCERTAINTY_MEASURE_WITH_UNIT(LENGTH_MEASURE(0.000001000000000),#11832,'DISTANCE_ACCURACY_VALUE','');
#11836=(GEOMETRIC_REPRESENTATION_CONTEXT(3)GLOBAL_UNCERTAINTY_ASSIGNED_CONTEXT((#11834))GLOBAL_UNIT_ASSIGNED_CONTEXT((#11824,#11828,#11832))REPRESENTATION_CONTEXT('','3D'));
#11837=CARTESIAN_POINT('',(4.292240158749712,3.167401906158773,14.388289128200926));
#11838=DIRECTION('',(0.0,0.0,-1.0));
#11839=VECTOR('',#11838,1.141932769985480);
#11840=LINE('',#11837,#11839);
#11841=CARTESIAN_POINT('',(4.292240158749703,3.167401906158773,13.246356358215445));
#11842=TRIMMED_CURVE('',#11840,(PARAMETER_VALUE(0.0),#11837),(PARAMETER_VALUE(1.0),#11841),.T.,.PARAMETER.);
#11843=STYLED_ITEM('',(#5466),#11842);
#11844=MECHANICAL_DESIGN_GEOMETRIC_PRESENTATION_REPRESENTATION('',(#11843),#11836);
#11850=(NAMED_UNIT(*)PLANE_ANGLE_UNIT()SI_UNIT($,.RADIAN.));
#11851=DIMENSIONAL_EXPONENTS(0.0,0.0,0.0,0.0,0.0,0.0,0.0);
#11852=PLANE_ANGLE_MEASURE_WITH_UNIT(PLANE_ANGLE_MEASURE(0.017453292500000),#11850);
#11856=(CONVERSION_BASED_UNIT('DEGREE',#11852)NAMED_UNIT(#11851)PLANE_ANGLE_UNIT());
#11860=(NAMED_UNIT(*)SI_UNIT($,.STERADIAN.)SOLID_ANGLE_UNIT());
#11864=(LENGTH_UNIT()NAMED_UNIT(*)SI_UNIT(.MILLI.,.METRE.));
#11866=UNCERTAINTY_MEASURE_WITH_UNIT(LENGTH_MEASURE(0.000001000000000),#11864,'DISTANCE_ACCURACY_VALUE','');
#11868=(GEOMETRIC_REPRESENTATION_CONTEXT(3)GLOBAL_UNCERTAINTY_ASSIGNED_CONTEXT((#11866))GLOBAL_UNIT_ASSIGNED_CONTEXT((#11856,#11860,#11864))REPRESENTATION_CONTEXT('','3D'));
#11869=CARTESIAN_POINT('',(5.428877877395808,3.167401906158773,14.388289128200961));
#11870=DIRECTION('',(-1.0,0.0,0.0));
#11871=VECTOR('',#11870,1.136637718646096);
#11872=LINE('',#11869,#11871);
#11873=CARTESIAN_POINT('',(4.292240158749712,3.167401906158773,14.388289128200926));
#11874=TRIMMED_CURVE('',#11872,(PARAMETER_VALUE(0.0),#11869),(PARAMETER_VALUE(1.0),#11873),.T.,.PARAMETER.);
#11875=STYLED_ITEM('',(#5466),#11874);
#11876=MECHANICAL_DESIGN_GEOMETRIC_PRESENTATION_REPRESENTATION('',(#11875),#11868);
#11882=(NAMED_UNIT(*)PLANE_ANGLE_UNIT()SI_UNIT($,.RADIAN.));
#11883=DIMENSIONAL_EXPONENTS(0.0,0.0,0.0,0.0,0.0,0.0,0.0);
#11884=PLANE_ANGLE_MEASURE_WITH_UNIT(PLANE_ANGLE_MEASURE(0.017453292500000),#11882);
#11888=(CONVERSION_BASED_UNIT('DEGREE',#11884)NAMED_UNIT(#11883)PLANE_ANGLE_UNIT());
#11892=(NAMED_UNIT(*)SI_UNIT($,.STERADIAN.)SOLID_ANGLE_UNIT());
#11896=(LENGTH_UNIT()NAMED_UNIT(*)SI_UNIT(.MILLI.,.METRE.));
#11898=UNCERTAINTY_MEASURE_WITH_UNIT(LENGTH_MEASURE(0.000001000000000),#11896,'DISTANCE_ACCURACY_VALUE','');
#11900=(GEOMETRIC_REPRESENTATION_CONTEXT(3)GLOBAL_UNCERTAINTY_ASSIGNED_CONTEXT((#11898))GLOBAL_UNIT_ASSIGNED_CONTEXT((#11888,#11892,#11896))REPRESENTATION_CONTEXT('','3D'));
#11901=CARTESIAN_POINT('',(5.428877877395813,3.167401906158773,13.246356358215440));
#11902=DIRECTION('',(0.0,0.0,1.0));
#11903=VECTOR('',#11902,1.141932769985521);
#11904=LINE('',#11901,#11903);
#11905=CARTESIAN_POINT('',(5.428877877395808,3.167401906158773,14.388289128200961));
#11906=TRIMMED_CURVE('',#11904,(PARAMETER_VALUE(0.0),#11901),(PARAMETER_VALUE(1.0),#11905),.T.,.PARAMETER.);
#11907=STYLED_ITEM('',(#5466),#11906);
#11908=MECHANICAL_DESIGN_GEOMETRIC_PRESENTATION_REPRESENTATION('',(#11907),#11900);
#11914=(NAMED_UNIT(*)PLANE_ANGLE_UNIT()SI_UNIT($,.RADIAN.));
#11915=DIMENSIONAL_EXPONENTS(0.0,0.0,0.0,0.0,0.0,0.0,0.0);
#11916=PLANE_ANGLE_MEASURE_WITH_UNIT(PLANE_ANGLE_MEASURE(0.017453292500000),#11914);
#11920=(CONVERSION_BASED_UNIT('DEGREE',#11916)NAMED_UNIT(#11915)PLANE_ANGLE_UNIT());
#11924=(NAMED_UNIT(*)SI_UNIT($,.STERADIAN.)SOLID_ANGLE_UNIT());
#11928=(LENGTH_UNIT()NAMED_UNIT(*)SI_UNIT(.MILLI.,.METRE.));
#11930=UNCERTAINTY_MEASURE_WITH_UNIT(LENGTH_MEASURE(0.000001000000000),#11928,'DISTANCE_ACCURACY_VALUE','');
#11932=(GEOMETRIC_REPRESENTATION_CONTEXT(3)GLOBAL_UNCERTAINTY_ASSIGNED_CONTEXT((#11930))GLOBAL_UNIT_ASSIGNED_CONTEXT((#11920,#11924,#11928))REPRESENTATION_CONTEXT('','3D'));
#11933=CARTESIAN_POINT('',(4.292240158749703,3.167401906158773,13.246356358215445));
#11934=DIRECTION('',(1.0,0.0,0.0));
#11935=VECTOR('',#11934,1.136637718646110);
#11936=LINE('',#11933,#11935);
#11937=CARTESIAN_POINT('',(5.428877877395813,3.167401906158773,13.246356358215440));
#11938=TRIMMED_CURVE('',#11936,(PARAMETER_VALUE(0.0),#11933),(PARAMETER_VALUE(1.0),#11937),.T.,.PARAMETER.);
#11939=STYLED_ITEM('',(#5466),#11938);
#11940=MECHANICAL_DESIGN_GEOMETRIC_PRESENTATION_REPRESENTATION('',(#11939),#11932);
#11946=(NAMED_UNIT(*)PLANE_ANGLE_UNIT()SI_UNIT($,.RADIAN.));
#11947=DIMENSIONAL_EXPONENTS(0.0,0.0,0.0,0.0,0.0,0.0,0.0);
#11948=PLANE_ANGLE_MEASURE_WITH_UNIT(PLANE_ANGLE_MEASURE(0.017453292500000),#11946);
#11952=(CONVERSION_BASED_UNIT('DEGREE',#11948)NAMED_UNIT(#11947)PLANE_ANGLE_UNIT());
#11956=(NAMED_UNIT(*)SI_UNIT($,.STERADIAN.)SOLID_ANGLE_UNIT());
#11960=(LENGTH_UNIT()NAMED_UNIT(*)SI_UNIT(.MILLI.,.METRE.));
#11962=UNCERTAINTY_MEASURE_WITH_UNIT(LENGTH_MEASURE(0.000001000000000),#11960,'DISTANCE_ACCURACY_VALUE','');
#11964=(GEOMETRIC_REPRESENTATION_CONTEXT(3)GLOBAL_UNCERTAINTY_ASSIGNED_CONTEXT((#11962))GLOBAL_UNIT_ASSIGNED_CONTEXT((#11952,#11956,#11960))REPRESENTATION_CONTEXT('','3D'));
#11965=CARTESIAN_POINT('',(6.855561383429404,3.167401906158773,0.700000000000001));
#11966=DIRECTION('',(0.0,0.0,1.0));
#11967=VECTOR('',#11966,0.799999999999998);
#11968=LINE('',#11965,#11967);
#11969=CARTESIAN_POINT('',(6.855561383429404,3.167401906158773,1.499999999999999));
#11970=TRIMMED_CURVE('',#11968,(PARAMETER_VALUE(0.0),#11965),(PARAMETER_VALUE(1.0),#11969),.T.,.PARAMETER.);
#11971=STYLED_ITEM('',(#5466),#11970);
#11972=MECHANICAL_DESIGN_GEOMETRIC_PRESENTATION_REPRESENTATION('',(#11971),#11964);
#11978=(NAMED_UNIT(*)PLANE_ANGLE_UNIT()SI_UNIT($,.RADIAN.));
#11979=DIMENSIONAL_EXPONENTS(0.0,0.0,0.0,0.0,0.0,0.0,0.0);
#11980=PLANE_ANGLE_MEASURE_WITH_UNIT(PLANE_ANGLE_MEASURE(0.017453292500000),#11978);
#11984=(CONVERSION_BASED_UNIT('DEGREE',#11980)NAMED_UNIT(#11979)PLANE_ANGLE_UNIT());
#11988=(NAMED_UNIT(*)SI_UNIT($,.STERADIAN.)SOLID_ANGLE_UNIT());
#11992=(LENGTH_UNIT()NAMED_UNIT(*)SI_UNIT(.MILLI.,.METRE.));
#11994=UNCERTAINTY_MEASURE_WITH_UNIT(LENGTH_MEASURE(0.000001000000000),#11992,'DISTANCE_ACCURACY_VALUE','');
#11996=(GEOMETRIC_REPRESENTATION_CONTEXT(3)GLOBAL_UNCERTAINTY_ASSIGNED_CONTEXT((#11994))GLOBAL_UNIT_ASSIGNED_CONTEXT((#11984,#11988,#11992))REPRESENTATION_CONTEXT('','3D'));
#11997=CARTESIAN_POINT('',(6.855561383429404,3.167401906158773,1.499999999999999));
#11998=DIRECTION('',(0.0,0.0,1.0));
#11999=VECTOR('',#11998,16.739999999999998);
#12000=LINE('',#11997,#11999);
#12001=CARTESIAN_POINT('',(6.855561383429404,3.167401906158773,18.239999999999998));
#12002=TRIMMED_CURVE('',#12000,(PARAMETER_VALUE(0.0),#11997),(PARAMETER_VALUE(1.0),#12001),.T.,.PARAMETER.);
#12003=STYLED_ITEM('',(#5466),#12002);
#12004=MECHANICAL_DESIGN_GEOMETRIC_PRESENTATION_REPRESENTATION('',(#12003),#11996);
#12010=(NAMED_UNIT(*)PLANE_ANGLE_UNIT()SI_UNIT($,.RADIAN.));
#12011=DIMENSIONAL_EXPONENTS(0.0,0.0,0.0,0.0,0.0,0.0,0.0);
#12012=PLANE_ANGLE_MEASURE_WITH_UNIT(PLANE_ANGLE_MEASURE(0.017453292500000),#12010);
#12016=(CONVERSION_BASED_UNIT('DEGREE',#12012)NAMED_UNIT(#12011)PLANE_ANGLE_UNIT());
#12020=(NAMED_UNIT(*)SI_UNIT($,.STERADIAN.)SOLID_ANGLE_UNIT());
#12024=(LENGTH_UNIT()NAMED_UNIT(*)SI_UNIT(.MILLI.,.METRE.));
#12026=UNCERTAINTY_MEASURE_WITH_UNIT(LENGTH_MEASURE(0.000001000000000),#12024,'DISTANCE_ACCURACY_VALUE','');
#12028=(GEOMETRIC_REPRESENTATION_CONTEXT(3)GLOBAL_UNCERTAINTY_ASSIGNED_CONTEXT((#12026))GLOBAL_UNIT_ASSIGNED_CONTEXT((#12016,#12020,#12024))REPRESENTATION_CONTEXT('','3D'));
#12029=CARTESIAN_POINT('',(6.855561383429404,3.167401906158773,18.239999999999998));
#12030=DIRECTION('',(0.0,0.0,1.0));
#12031=VECTOR('',#12030,0.800000000000001);
#12032=LINE('',#12029,#12031);
#12033=CARTESIAN_POINT('',(6.855561383429404,3.167401906158773,19.039999999999999));
#12034=TRIMMED_CURVE('',#12032,(PARAMETER_VALUE(0.0),#12029),(PARAMETER_VALUE(1.0),#12033),.T.,.PARAMETER.);
#12035=STYLED_ITEM('',(#5466),#12034);
#12036=MECHANICAL_DESIGN_GEOMETRIC_PRESENTATION_REPRESENTATION('',(#12035),#12028);
#12042=(NAMED_UNIT(*)PLANE_ANGLE_UNIT()SI_UNIT($,.RADIAN.));
#12043=DIMENSIONAL_EXPONENTS(0.0,0.0,0.0,0.0,0.0,0.0,0.0);
#12044=PLANE_ANGLE_MEASURE_WITH_UNIT(PLANE_ANGLE_MEASURE(0.017453292500000),#12042);
#12048=(CONVERSION_BASED_UNIT('DEGREE',#12044)NAMED_UNIT(#12043)PLANE_ANGLE_UNIT());
#12052=(NAMED_UNIT(*)SI_UNIT($,.STERADIAN.)SOLID_ANGLE_UNIT());
#12056=(LENGTH_UNIT()NAMED_UNIT(*)SI_UNIT(.MILLI.,.METRE.));
#12058=UNCERTAINTY_MEASURE_WITH_UNIT(LENGTH_MEASURE(0.000001000000000),#12056,'DISTANCE_ACCURACY_VALUE','');
#12060=(GEOMETRIC_REPRESENTATION_CONTEXT(3)GLOBAL_UNCERTAINTY_ASSIGNED_CONTEXT((#12058))GLOBAL_UNIT_ASSIGNED_CONTEXT((#12048,#12052,#12056))REPRESENTATION_CONTEXT('','3D'));
#12061=CARTESIAN_POINT('',(6.155561383429404,3.167401906158773,19.039999999999999));
#12062=DIRECTION('',(0.0,1.0,0.0));
#12063=DIRECTION('',(1.0,0.0,0.0));
#12064=AXIS2_PLACEMENT_3D('',#12061,#12062,#12063);
#12065=CIRCLE('',#12064,0.700000000000000);
#12066=CARTESIAN_POINT('',(6.155561383429404,3.167401906158773,19.739999999999998));
#12067=CARTESIAN_POINT('',(6.855561383429404,3.167401906158773,19.039999999999999));
#12068=TRIMMED_CURVE('',#12065,(PARAMETER_VALUE(270.0),#12066),(PARAMETER_VALUE(360.0),#12067),.T.,.PARAMETER.);
#12069=STYLED_ITEM('',(#5466),#12068);
#12070=MECHANICAL_DESIGN_GEOMETRIC_PRESENTATION_REPRESENTATION('',(#12069),#12060);
#12076=(NAMED_UNIT(*)PLANE_ANGLE_UNIT()SI_UNIT($,.RADIAN.));
#12077=DIMENSIONAL_EXPONENTS(0.0,0.0,0.0,0.0,0.0,0.0,0.0);
#12078=PLANE_ANGLE_MEASURE_WITH_UNIT(PLANE_ANGLE_MEASURE(0.017453292500000),#12076);
#12082=(CONVERSION_BASED_UNIT('DEGREE',#12078)NAMED_UNIT(#12077)PLANE_ANGLE_UNIT());
#12086=(NAMED_UNIT(*)SI_UNIT($,.STERADIAN.)SOLID_ANGLE_UNIT());
#12090=(LENGTH_UNIT()NAMED_UNIT(*)SI_UNIT(.MILLI.,.METRE.));
#12092=UNCERTAINTY_MEASURE_WITH_UNIT(LENGTH_MEASURE(0.000001000000000),#12090,'DISTANCE_ACCURACY_VALUE','');
#12094=(GEOMETRIC_REPRESENTATION_CONTEXT(3)GLOBAL_UNCERTAINTY_ASSIGNED_CONTEXT((#12092))GLOBAL_UNIT_ASSIGNED_CONTEXT((#12082,#12086,#12090))REPRESENTATION_CONTEXT('','3D'));
#12095=CARTESIAN_POINT('',(0.762110421620702,3.167401906158773,19.739999999999998));
#12096=DIRECTION('',(1.0,0.0,0.0));
#12097=VECTOR('',#12096,5.393450961808703);
#12098=LINE('',#12095,#12097);
#12099=CARTESIAN_POINT('',(6.155561383429404,3.167401906158773,19.739999999999998));
#12100=TRIMMED_CURVE('',#12098,(PARAMETER_VALUE(0.0),#12095),(PARAMETER_VALUE(1.0),#12099),.T.,.PARAMETER.);
#12101=STYLED_ITEM('',(#5466),#12100);
#12102=MECHANICAL_DESIGN_GEOMETRIC_PRESENTATION_REPRESENTATION('',(#12101),#12094);
#12108=(NAMED_UNIT(*)PLANE_ANGLE_UNIT()SI_UNIT($,.RADIAN.));
#12109=DIMENSIONAL_EXPONENTS(0.0,0.0,0.0,0.0,0.0,0.0,0.0);
#12110=PLANE_ANGLE_MEASURE_WITH_UNIT(PLANE_ANGLE_MEASURE(0.017453292500000),#12108);
#12114=(CONVERSION_BASED_UNIT('DEGREE',#12110)NAMED_UNIT(#12109)PLANE_ANGLE_UNIT());
#12118=(NAMED_UNIT(*)SI_UNIT($,.STERADIAN.)SOLID_ANGLE_UNIT());
#12122=(LENGTH_UNIT()NAMED_UNIT(*)SI_UNIT(.MILLI.,.METRE.));
#12124=UNCERTAINTY_MEASURE_WITH_UNIT(LENGTH_MEASURE(0.000001000000000),#12122,'DISTANCE_ACCURACY_VALUE','');
#12126=(GEOMETRIC_REPRESENTATION_CONTEXT(3)GLOBAL_UNCERTAINTY_ASSIGNED_CONTEXT((#12124))GLOBAL_UNIT_ASSIGNED_CONTEXT((#12114,#12118,#12122))REPRESENTATION_CONTEXT('','3D'));
#12127=CARTESIAN_POINT('',(0.762110421620702,3.167401906158773,19.039999999999999));
#12128=DIRECTION('',(0.0,1.0,0.0));
#12129=DIRECTION('',(1.0,0.0,0.0));
#12130=AXIS2_PLACEMENT_3D('',#12127,#12128,#12129);
#12131=CIRCLE('',#12130,0.700000000000000);
#12132=CARTESIAN_POINT('',(0.062110421620702,3.167401906158773,19.039999999999999));
#12133=CARTESIAN_POINT('',(0.762110421620702,3.167401906158773,19.739999999999998));
#12134=TRIMMED_CURVE('',#12131,(PARAMETER_VALUE(180.0),#12132),(PARAMETER_VALUE(270.0),#12133),.T.,.PARAMETER.);
#12135=STYLED_ITEM('',(#5466),#12134);
#12136=MECHANICAL_DESIGN_GEOMETRIC_PRESENTATION_REPRESENTATION('',(#12135),#12126);
#12142=(NAMED_UNIT(*)PLANE_ANGLE_UNIT()SI_UNIT($,.RADIAN.));
#12143=DIMENSIONAL_EXPONENTS(0.0,0.0,0.0,0.0,0.0,0.0,0.0);
#12144=PLANE_ANGLE_MEASURE_WITH_UNIT(PLANE_ANGLE_MEASURE(0.017453292500000),#12142);
#12148=(CONVERSION_BASED_UNIT('DEGREE',#12144)NAMED_UNIT(#12143)PLANE_ANGLE_UNIT());
#12152=(NAMED_UNIT(*)SI_UNIT($,.STERADIAN.)SOLID_ANGLE_UNIT());
#12156=(LENGTH_UNIT()NAMED_UNIT(*)SI_UNIT(.MILLI.,.METRE.));
#12158=UNCERTAINTY_MEASURE_WITH_UNIT(LENGTH_MEASURE(0.000001000000000),#12156,'DISTANCE_ACCURACY_VALUE','');
#12160=(GEOMETRIC_REPRESENTATION_CONTEXT(3)GLOBAL_UNCERTAINTY_ASSIGNED_CONTEXT((#12158))GLOBAL_UNIT_ASSIGNED_CONTEXT((#12148,#12152,#12156))REPRESENTATION_CONTEXT('','3D'));
#12161=CARTESIAN_POINT('',(0.062110421620701,3.167401906158773,0.700000000000001));
#12162=DIRECTION('',(0.0,0.0,1.0));
#12163=VECTOR('',#12162,18.340000000000000);
#12164=LINE('',#12161,#12163);
#12165=CARTESIAN_POINT('',(0.062110421620701,3.167401906158773,19.039999999999999));
#12166=TRIMMED_CURVE('',#12164,(PARAMETER_VALUE(0.0),#12161),(PARAMETER_VALUE(1.0),#12165),.T.,.PARAMETER.);
#12167=STYLED_ITEM('',(#5466),#12166);
#12168=MECHANICAL_DESIGN_GEOMETRIC_PRESENTATION_REPRESENTATION('',(#12167),#12160);
#12174=(NAMED_UNIT(*)PLANE_ANGLE_UNIT()SI_UNIT($,.RADIAN.));
#12175=DIMENSIONAL_EXPONENTS(0.0,0.0,0.0,0.0,0.0,0.0,0.0);
#12176=PLANE_ANGLE_MEASURE_WITH_UNIT(PLANE_ANGLE_MEASURE(0.017453292500000),#12174);
#12180=(CONVERSION_BASED_UNIT('DEGREE',#12176)NAMED_UNIT(#12175)PLANE_ANGLE_UNIT());
#12184=(NAMED_UNIT(*)SI_UNIT($,.STERADIAN.)SOLID_ANGLE_UNIT());
#12188=(LENGTH_UNIT()NAMED_UNIT(*)SI_UNIT(.MILLI.,.METRE.));
#12190=UNCERTAINTY_MEASURE_WITH_UNIT(LENGTH_MEASURE(0.000001000000000),#12188,'DISTANCE_ACCURACY_VALUE','');
#12192=(GEOMETRIC_REPRESENTATION_CONTEXT(3)GLOBAL_UNCERTAINTY_ASSIGNED_CONTEXT((#12190))GLOBAL_UNIT_ASSIGNED_CONTEXT((#12180,#12184,#12188))REPRESENTATION_CONTEXT('','3D'));
#12193=CARTESIAN_POINT('',(0.762110421620702,3.167401906158773,0.700000000000001));
#12194=DIRECTION('',(0.0,1.0,0.0));
#12195=DIRECTION('',(1.0,0.0,0.0));
#12196=AXIS2_PLACEMENT_3D('',#12193,#12194,#12195);
#12197=CIRCLE('',#12196,0.700000000000000);
#12198=CARTESIAN_POINT('',(0.762110421620702,3.167401906158773,6.661338E-016));
#12199=CARTESIAN_POINT('',(0.062110421620702,3.167401906158773,0.700000000000001));
#12200=TRIMMED_CURVE('',#12197,(PARAMETER_VALUE(90.0),#12198),(PARAMETER_VALUE(180.0),#12199),.T.,.PARAMETER.);
#12201=STYLED_ITEM('',(#5466),#12200);
#12202=MECHANICAL_DESIGN_GEOMETRIC_PRESENTATION_REPRESENTATION('',(#12201),#12192);
#12208=(NAMED_UNIT(*)PLANE_ANGLE_UNIT()SI_UNIT($,.RADIAN.));
#12209=DIMENSIONAL_EXPONENTS(0.0,0.0,0.0,0.0,0.0,0.0,0.0);
#12210=PLANE_ANGLE_MEASURE_WITH_UNIT(PLANE_ANGLE_MEASURE(0.017453292500000),#12208);
#12214=(CONVERSION_BASED_UNIT('DEGREE',#12210)NAMED_UNIT(#12209)PLANE_ANGLE_UNIT());
#12218=(NAMED_UNIT(*)SI_UNIT($,.STERADIAN.)SOLID_ANGLE_UNIT());
#12222=(LENGTH_UNIT()NAMED_UNIT(*)SI_UNIT(.MILLI.,.METRE.));
#12224=UNCERTAINTY_MEASURE_WITH_UNIT(LENGTH_MEASURE(0.000001000000000),#12222,'DISTANCE_ACCURACY_VALUE','');
#12226=(GEOMETRIC_REPRESENTATION_CONTEXT(3)GLOBAL_UNCERTAINTY_ASSIGNED_CONTEXT((#12224))GLOBAL_UNIT_ASSIGNED_CONTEXT((#12214,#12218,#12222))REPRESENTATION_CONTEXT('','3D'));
#12227=CARTESIAN_POINT('',(6.155561383429404,3.167401906158773,0.0));
#12228=DIRECTION('',(-1.0,0.0,0.0));
#12229=VECTOR('',#12228,5.393450961808703);
#12230=LINE('',#12227,#12229);
#12231=CARTESIAN_POINT('',(0.762110421620702,3.167401906158773,0.0));
#12232=TRIMMED_CURVE('',#12230,(PARAMETER_VALUE(0.0),#12227),(PARAMETER_VALUE(1.0),#12231),.T.,.PARAMETER.);
#12233=STYLED_ITEM('',(#5466),#12232);
#12234=MECHANICAL_DESIGN_GEOMETRIC_PRESENTATION_REPRESENTATION('',(#12233),#12226);
#12240=(NAMED_UNIT(*)PLANE_ANGLE_UNIT()SI_UNIT($,.RADIAN.));
#12241=DIMENSIONAL_EXPONENTS(0.0,0.0,0.0,0.0,0.0,0.0,0.0);
#12242=PLANE_ANGLE_MEASURE_WITH_UNIT(PLANE_ANGLE_MEASURE(0.017453292500000),#12240);
#12246=(CONVERSION_BASED_UNIT('DEGREE',#12242)NAMED_UNIT(#12241)PLANE_ANGLE_UNIT());
#12250=(NAMED_UNIT(*)SI_UNIT($,.STERADIAN.)SOLID_ANGLE_UNIT());
#12254=(LENGTH_UNIT()NAMED_UNIT(*)SI_UNIT(.MILLI.,.METRE.));
#12256=UNCERTAINTY_MEASURE_WITH_UNIT(LENGTH_MEASURE(0.000001000000000),#12254,'DISTANCE_ACCURACY_VALUE','');
#12258=(GEOMETRIC_REPRESENTATION_CONTEXT(3)GLOBAL_UNCERTAINTY_ASSIGNED_CONTEXT((#12256))GLOBAL_UNIT_ASSIGNED_CONTEXT((#12246,#12250,#12254))REPRESENTATION_CONTEXT('','3D'));
#12259=CARTESIAN_POINT('',(6.155561383429404,3.167401906158773,0.700000000000001));
#12260=DIRECTION('',(0.0,1.0,0.0));
#12261=DIRECTION('',(1.0,0.0,0.0));
#12262=AXIS2_PLACEMENT_3D('',#12259,#12260,#12261);
#12263=CIRCLE('',#12262,0.700000000000000);
#12264=CARTESIAN_POINT('',(6.855561383429405,3.167401906158773,0.700000000000001));
#12265=CARTESIAN_POINT('',(6.155561383429404,3.167401906158773,6.661338E-016));
#12266=TRIMMED_CURVE('',#12263,(PARAMETER_VALUE(0.0),#12264),(PARAMETER_VALUE(90.0),#12265),.T.,.PARAMETER.);
#12267=STYLED_ITEM('',(#5466),#12266);
#12268=MECHANICAL_DESIGN_GEOMETRIC_PRESENTATION_REPRESENTATION('',(#12267),#12258);
#12269=GROUP('\X2\FFFDFFFDFFFD\X0\15',$);
#12270=APPLIED_GROUP_ASSIGNMENT(#12269,(#12300,#12334,#12366,#12398,#12430,#12464));
#12276=(NAMED_UNIT(*)PLANE_ANGLE_UNIT()SI_UNIT($,.RADIAN.));
#12277=DIMENSIONAL_EXPONENTS(0.0,0.0,0.0,0.0,0.0,0.0,0.0);
#12278=PLANE_ANGLE_MEASURE_WITH_UNIT(PLANE_ANGLE_MEASURE(0.017453292500000),#12276);
#12282=(CONVERSION_BASED_UNIT('DEGREE',#12278)NAMED_UNIT(#12277)PLANE_ANGLE_UNIT());
#12286=(NAMED_UNIT(*)SI_UNIT($,.STERADIAN.)SOLID_ANGLE_UNIT());
#12290=(LENGTH_UNIT()NAMED_UNIT(*)SI_UNIT(.MILLI.,.METRE.));
#12292=UNCERTAINTY_MEASURE_WITH_UNIT(LENGTH_MEASURE(0.000001000000000),#12290,'DISTANCE_ACCURACY_VALUE','');
#12294=(GEOMETRIC_REPRESENTATION_CONTEXT(3)GLOBAL_UNCERTAINTY_ASSIGNED_CONTEXT((#12292))GLOBAL_UNIT_ASSIGNED_CONTEXT((#12282,#12286,#12290))REPRESENTATION_CONTEXT('','3D'));
#12295=CARTESIAN_POINT('',(5.428877877395800,-1.832598093841227,9.934035648449802));
#12296=DIRECTION('',(0.0,0.0,-1.0));
#12297=VECTOR('',#12296,0.136637718646123);
#12298=LINE('',#12295,#12297);
#12299=CARTESIAN_POINT('',(5.428877877395799,-1.832598093841227,9.797397929803680));
#12300=TRIMMED_CURVE('',#12298,(PARAMETER_VALUE(0.0),#12295),(PARAMETER_VALUE(1.0),#12299),.T.,.PARAMETER.);
#12301=STYLED_ITEM('',(#5466),#12300);
#12302=MECHANICAL_DESIGN_GEOMETRIC_PRESENTATION_REPRESENTATION('',(#12301),#12294);
#12308=(NAMED_UNIT(*)PLANE_ANGLE_UNIT()SI_UNIT($,.RADIAN.));
#12309=DIMENSIONAL_EXPONENTS(0.0,0.0,0.0,0.0,0.0,0.0,0.0);
#12310=PLANE_ANGLE_MEASURE_WITH_UNIT(PLANE_ANGLE_MEASURE(0.017453292500000),#12308);
#12314=(CONVERSION_BASED_UNIT('DEGREE',#12310)NAMED_UNIT(#12309)PLANE_ANGLE_UNIT());
#12318=(NAMED_UNIT(*)SI_UNIT($,.STERADIAN.)SOLID_ANGLE_UNIT());
#12322=(LENGTH_UNIT()NAMED_UNIT(*)SI_UNIT(.MILLI.,.METRE.));
#12324=UNCERTAINTY_MEASURE_WITH_UNIT(LENGTH_MEASURE(0.000001000000000),#12322,'DISTANCE_ACCURACY_VALUE','');
#12326=(GEOMETRIC_REPRESENTATION_CONTEXT(3)GLOBAL_UNCERTAINTY_ASSIGNED_CONTEXT((#12324))GLOBAL_UNIT_ASSIGNED_CONTEXT((#12314,#12318,#12322))REPRESENTATION_CONTEXT('','3D'));
#12327=CARTESIAN_POINT('',(5.428877877395800,-1.332598093841228,9.934035648449804));
#12328=DIRECTION('',(1.0,0.0,0.0));
#12329=DIRECTION('',(0.0,0.0,-1.0));
#12330=AXIS2_PLACEMENT_3D('',#12327,#12328,#12329);
#12331=CIRCLE('',#12330,0.500000000000000);
#12332=CARTESIAN_POINT('',(5.428877877395800,-1.332598093841228,10.434035648449804));
#12333=CARTESIAN_POINT('',(5.428877877395800,-1.832598093841228,9.934035648449804));
#12334=TRIMMED_CURVE('',#12331,(PARAMETER_VALUE(180.0),#12332),(PARAMETER_VALUE(270.0),#12333),.T.,.PARAMETER.);
#12335=STYLED_ITEM('',(#5466),#12334);
#12336=MECHANICAL_DESIGN_GEOMETRIC_PRESENTATION_REPRESENTATION('',(#12335),#12326);
#12342=(NAMED_UNIT(*)PLANE_ANGLE_UNIT()SI_UNIT($,.RADIAN.));
#12343=DIMENSIONAL_EXPONENTS(0.0,0.0,0.0,0.0,0.0,0.0,0.0);
#12344=PLANE_ANGLE_MEASURE_WITH_UNIT(PLANE_ANGLE_MEASURE(0.017453292500000),#12342);
#12348=(CONVERSION_BASED_UNIT('DEGREE',#12344)NAMED_UNIT(#12343)PLANE_ANGLE_UNIT());
#12352=(NAMED_UNIT(*)SI_UNIT($,.STERADIAN.)SOLID_ANGLE_UNIT());
#12356=(LENGTH_UNIT()NAMED_UNIT(*)SI_UNIT(.MILLI.,.METRE.));
#12358=UNCERTAINTY_MEASURE_WITH_UNIT(LENGTH_MEASURE(0.000001000000000),#12356,'DISTANCE_ACCURACY_VALUE','');
#12360=(GEOMETRIC_REPRESENTATION_CONTEXT(3)GLOBAL_UNCERTAINTY_ASSIGNED_CONTEXT((#12358))GLOBAL_UNIT_ASSIGNED_CONTEXT((#12348,#12352,#12356))REPRESENTATION_CONTEXT('','3D'));
#12361=CARTESIAN_POINT('',(5.428877877395806,-0.031058869405598,10.434035648449804));
#12362=DIRECTION('',(0.0,-1.0,0.0));
#12363=VECTOR('',#12362,1.301539224435630);
#12364=LINE('',#12361,#12363);
#12365=CARTESIAN_POINT('',(5.428877877395806,-1.332598093841228,10.434035648449804));
#12366=TRIMMED_CURVE('',#12364,(PARAMETER_VALUE(0.0),#12361),(PARAMETER_VALUE(1.0),#12365),.T.,.PARAMETER.);
#12367=STYLED_ITEM('',(#5466),#12366);
#12368=MECHANICAL_DESIGN_GEOMETRIC_PRESENTATION_REPRESENTATION('',(#12367),#12360);
#12374=(NAMED_UNIT(*)PLANE_ANGLE_UNIT()SI_UNIT($,.RADIAN.));
#12375=DIMENSIONAL_EXPONENTS(0.0,0.0,0.0,0.0,0.0,0.0,0.0);
#12376=PLANE_ANGLE_MEASURE_WITH_UNIT(PLANE_ANGLE_MEASURE(0.017453292500000),#12374);
#12380=(CONVERSION_BASED_UNIT('DEGREE',#12376)NAMED_UNIT(#12375)PLANE_ANGLE_UNIT());
#12384=(NAMED_UNIT(*)SI_UNIT($,.STERADIAN.)SOLID_ANGLE_UNIT());
#12388=(LENGTH_UNIT()NAMED_UNIT(*)SI_UNIT(.MILLI.,.METRE.));
#12390=UNCERTAINTY_MEASURE_WITH_UNIT(LENGTH_MEASURE(0.000001000000000),#12388,'DISTANCE_ACCURACY_VALUE','');
#12392=(GEOMETRIC_REPRESENTATION_CONTEXT(3)GLOBAL_UNCERTAINTY_ASSIGNED_CONTEXT((#12390))GLOBAL_UNIT_ASSIGNED_CONTEXT((#12380,#12384,#12388))REPRESENTATION_CONTEXT('','3D'));
#12393=CARTESIAN_POINT('',(5.428877877395806,-0.031058869405598,10.434035648449804));
#12394=DIRECTION('',(0.0,0.0,-1.0));
#12395=VECTOR('',#12394,1.136637718646124);
#12396=LINE('',#12393,#12395);
#12397=CARTESIAN_POINT('',(5.428877877395792,-0.031058869405598,9.297397929803680));
#12398=TRIMMED_CURVE('',#12396,(PARAMETER_VALUE(0.0),#12393),(PARAMETER_VALUE(1.0),#12397),.T.,.PARAMETER.);
#12399=STYLED_ITEM('',(#5466),#12398);
#12400=MECHANICAL_DESIGN_GEOMETRIC_PRESENTATION_REPRESENTATION('',(#12399),#12392);
#12406=(NAMED_UNIT(*)PLANE_ANGLE_UNIT()SI_UNIT($,.RADIAN.));
#12407=DIMENSIONAL_EXPONENTS(0.0,0.0,0.0,0.0,0.0,0.0,0.0);
#12408=PLANE_ANGLE_MEASURE_WITH_UNIT(PLANE_ANGLE_MEASURE(0.017453292500000),#12406);
#12412=(CONVERSION_BASED_UNIT('DEGREE',#12408)NAMED_UNIT(#12407)PLANE_ANGLE_UNIT());
#12416=(NAMED_UNIT(*)SI_UNIT($,.STERADIAN.)SOLID_ANGLE_UNIT());
#12420=(LENGTH_UNIT()NAMED_UNIT(*)SI_UNIT(.MILLI.,.METRE.));
#12422=UNCERTAINTY_MEASURE_WITH_UNIT(LENGTH_MEASURE(0.000001000000000),#12420,'DISTANCE_ACCURACY_VALUE','');
#12424=(GEOMETRIC_REPRESENTATION_CONTEXT(3)GLOBAL_UNCERTAINTY_ASSIGNED_CONTEXT((#12422))GLOBAL_UNIT_ASSIGNED_CONTEXT((#12412,#12416,#12420))REPRESENTATION_CONTEXT('','3D'));
#12425=CARTESIAN_POINT('',(5.428877877395792,-0.031058869405598,9.297397929803680));
#12426=DIRECTION('',(0.0,-1.0,0.0));
#12427=VECTOR('',#12426,1.301539224435630);
#12428=LINE('',#12425,#12427);
#12429=CARTESIAN_POINT('',(5.428877877395792,-1.332598093841228,9.297397929803680));
#12430=TRIMMED_CURVE('',#12428,(PARAMETER_VALUE(0.0),#12425),(PARAMETER_VALUE(1.0),#12429),.T.,.PARAMETER.);
#12431=STYLED_ITEM('',(#5466),#12430);
#12432=MECHANICAL_DESIGN_GEOMETRIC_PRESENTATION_REPRESENTATION('',(#12431),#12424);
#12438=(NAMED_UNIT(*)PLANE_ANGLE_UNIT()SI_UNIT($,.RADIAN.));
#12439=DIMENSIONAL_EXPONENTS(0.0,0.0,0.0,0.0,0.0,0.0,0.0);
#12440=PLANE_ANGLE_MEASURE_WITH_UNIT(PLANE_ANGLE_MEASURE(0.017453292500000),#12438);
#12444=(CONVERSION_BASED_UNIT('DEGREE',#12440)NAMED_UNIT(#12439)PLANE_ANGLE_UNIT());
#12448=(NAMED_UNIT(*)SI_UNIT($,.STERADIAN.)SOLID_ANGLE_UNIT());
#12452=(LENGTH_UNIT()NAMED_UNIT(*)SI_UNIT(.MILLI.,.METRE.));
#12454=UNCERTAINTY_MEASURE_WITH_UNIT(LENGTH_MEASURE(0.000001000000000),#12452,'DISTANCE_ACCURACY_VALUE','');
#12456=(GEOMETRIC_REPRESENTATION_CONTEXT(3)GLOBAL_UNCERTAINTY_ASSIGNED_CONTEXT((#12454))GLOBAL_UNIT_ASSIGNED_CONTEXT((#12444,#12448,#12452))REPRESENTATION_CONTEXT('','3D'));
#12457=CARTESIAN_POINT('',(5.428877877395798,-1.332598093841228,9.797397929803681));
#12458=DIRECTION('',(1.0,0.0,0.0));
#12459=DIRECTION('',(0.0,0.0,-1.0));
#12460=AXIS2_PLACEMENT_3D('',#12457,#12458,#12459);
#12461=CIRCLE('',#12460,0.500000000000000);
#12462=CARTESIAN_POINT('',(5.428877877395798,-1.832598093841228,9.797397929803681));
#12463=CARTESIAN_POINT('',(5.428877877395798,-1.332598093841228,9.297397929803681));
#12464=TRIMMED_CURVE('',#12461,(PARAMETER_VALUE(270.0),#12462),(PARAMETER_VALUE(360.0),#12463),.T.,.PARAMETER.);
#12465=STYLED_ITEM('',(#5466),#12464);
#12466=MECHANICAL_DESIGN_GEOMETRIC_PRESENTATION_REPRESENTATION('',(#12465),#12456);
#12467=GROUP('\X2\FFFDFFFDFFFD\X0\16',$);
#12468=APPLIED_GROUP_ASSIGNMENT(#12467,(#12498,#12530,#12562,#12596,#12628,#12662));
#12474=(NAMED_UNIT(*)PLANE_ANGLE_UNIT()SI_UNIT($,.RADIAN.));
#12475=DIMENSIONAL_EXPONENTS(0.0,0.0,0.0,0.0,0.0,0.0,0.0);
#12476=PLANE_ANGLE_MEASURE_WITH_UNIT(PLANE_ANGLE_MEASURE(0.017453292500000),#12474);
#12480=(CONVERSION_BASED_UNIT('DEGREE',#12476)NAMED_UNIT(#12475)PLANE_ANGLE_UNIT());
#12484=(NAMED_UNIT(*)SI_UNIT($,.STERADIAN.)SOLID_ANGLE_UNIT());
#12488=(LENGTH_UNIT()NAMED_UNIT(*)SI_UNIT(.MILLI.,.METRE.));
#12490=UNCERTAINTY_MEASURE_WITH_UNIT(LENGTH_MEASURE(0.000001000000000),#12488,'DISTANCE_ACCURACY_VALUE','');
#12492=(GEOMETRIC_REPRESENTATION_CONTEXT(3)GLOBAL_UNCERTAINTY_ASSIGNED_CONTEXT((#12490))GLOBAL_UNIT_ASSIGNED_CONTEXT((#12480,#12484,#12488))REPRESENTATION_CONTEXT('','3D'));
#12493=CARTESIAN_POINT('',(4.292240158749703,3.167401906158773,2.525352907807281));
#12494=DIRECTION('',(0.0,1.0,0.0));
#12495=VECTOR('',#12494,7.500000000000000);
#12496=LINE('',#12493,#12495);
#12497=CARTESIAN_POINT('',(4.292240158749703,10.667401906158773,2.525352907807281));
#12498=TRIMMED_CURVE('',#12496,(PARAMETER_VALUE(0.0),#12493),(PARAMETER_VALUE(1.0),#12497),.T.,.PARAMETER.);
#12499=STYLED_ITEM('',(#5466),#12498);
#12500=MECHANICAL_DESIGN_GEOMETRIC_PRESENTATION_REPRESENTATION('',(#12499),#12492);
#12506=(NAMED_UNIT(*)PLANE_ANGLE_UNIT()SI_UNIT($,.RADIAN.));
#12507=DIMENSIONAL_EXPONENTS(0.0,0.0,0.0,0.0,0.0,0.0,0.0);
#12508=PLANE_ANGLE_MEASURE_WITH_UNIT(PLANE_ANGLE_MEASURE(0.017453292500000),#12506);
#12512=(CONVERSION_BASED_UNIT('DEGREE',#12508)NAMED_UNIT(#12507)PLANE_ANGLE_UNIT());
#12516=(NAMED_UNIT(*)SI_UNIT($,.STERADIAN.)SOLID_ANGLE_UNIT());
#12520=(LENGTH_UNIT()NAMED_UNIT(*)SI_UNIT(.MILLI.,.METRE.));
#12522=UNCERTAINTY_MEASURE_WITH_UNIT(LENGTH_MEASURE(0.000001000000000),#12520,'DISTANCE_ACCURACY_VALUE','');
#12524=(GEOMETRIC_REPRESENTATION_CONTEXT(3)GLOBAL_UNCERTAINTY_ASSIGNED_CONTEXT((#12522))GLOBAL_UNIT_ASSIGNED_CONTEXT((#12512,#12516,#12520))REPRESENTATION_CONTEXT('','3D'));
#12525=CARTESIAN_POINT('',(4.292240158749703,3.167401906158773,2.525352907807281));
#12526=DIRECTION('',(0.0,0.0,-1.0));
#12527=VECTOR('',#12526,1.136662695303385);
#12528=LINE('',#12525,#12527);
#12529=CARTESIAN_POINT('',(4.292240158749703,3.167401906158773,1.388690212503896));
#12530=TRIMMED_CURVE('',#12528,(PARAMETER_VALUE(0.0),#12525),(PARAMETER_VALUE(1.0),#12529),.T.,.PARAMETER.);
#12531=STYLED_ITEM('',(#5466),#12530);
#12532=MECHANICAL_DESIGN_GEOMETRIC_PRESENTATION_REPRESENTATION('',(#12531),#12524);
#12538=(NAMED_UNIT(*)PLANE_ANGLE_UNIT()SI_UNIT($,.RADIAN.));
#12539=DIMENSIONAL_EXPONENTS(0.0,0.0,0.0,0.0,0.0,0.0,0.0);
#12540=PLANE_ANGLE_MEASURE_WITH_UNIT(PLANE_ANGLE_MEASURE(0.017453292500000),#12538);
#12544=(CONVERSION_BASED_UNIT('DEGREE',#12540)NAMED_UNIT(#12539)PLANE_ANGLE_UNIT());
#12548=(NAMED_UNIT(*)SI_UNIT($,.STERADIAN.)SOLID_ANGLE_UNIT());
#12552=(LENGTH_UNIT()NAMED_UNIT(*)SI_UNIT(.MILLI.,.METRE.));
#12554=UNCERTAINTY_MEASURE_WITH_UNIT(LENGTH_MEASURE(0.000001000000000),#12552,'DISTANCE_ACCURACY_VALUE','');
#12556=(GEOMETRIC_REPRESENTATION_CONTEXT(3)GLOBAL_UNCERTAINTY_ASSIGNED_CONTEXT((#12554))GLOBAL_UNIT_ASSIGNED_CONTEXT((#12544,#12548,#12552))REPRESENTATION_CONTEXT('','3D'));
#12557=CARTESIAN_POINT('',(4.292240158749703,3.167401906158773,1.388690212503896));
#12558=DIRECTION('',(0.0,1.0,0.0));
#12559=VECTOR('',#12558,7.500000000000000);
#12560=LINE('',#12557,#12559);
#12561=CARTESIAN_POINT('',(4.292240158749703,10.667401906158773,1.388690212503916));
#12562=TRIMMED_CURVE('',#12560,(PARAMETER_VALUE(0.0),#12557),(PARAMETER_VALUE(1.0),#12561),.T.,.PARAMETER.);
#12563=STYLED_ITEM('',(#5466),#12562);
#12564=MECHANICAL_DESIGN_GEOMETRIC_PRESENTATION_REPRESENTATION('',(#12563),#12556);
#12570=(NAMED_UNIT(*)PLANE_ANGLE_UNIT()SI_UNIT($,.RADIAN.));
#12571=DIMENSIONAL_EXPONENTS(0.0,0.0,0.0,0.0,0.0,0.0,0.0);
#12572=PLANE_ANGLE_MEASURE_WITH_UNIT(PLANE_ANGLE_MEASURE(0.017453292500000),#12570);
#12576=(CONVERSION_BASED_UNIT('DEGREE',#12572)NAMED_UNIT(#12571)PLANE_ANGLE_UNIT());
#12580=(NAMED_UNIT(*)SI_UNIT($,.STERADIAN.)SOLID_ANGLE_UNIT());
#12584=(LENGTH_UNIT()NAMED_UNIT(*)SI_UNIT(.MILLI.,.METRE.));
#12586=UNCERTAINTY_MEASURE_WITH_UNIT(LENGTH_MEASURE(0.000001000000000),#12584,'DISTANCE_ACCURACY_VALUE','');
#12588=(GEOMETRIC_REPRESENTATION_CONTEXT(3)GLOBAL_UNCERTAINTY_ASSIGNED_CONTEXT((#12586))GLOBAL_UNIT_ASSIGNED_CONTEXT((#12576,#12580,#12584))REPRESENTATION_CONTEXT('','3D'));
#12589=CARTESIAN_POINT('',(4.292240158749703,10.667401906158773,1.888690212503916));
#12590=DIRECTION('',(-1.0,0.0,0.0));
#12591=DIRECTION('',(0.0,0.0,1.0));
#12592=AXIS2_PLACEMENT_3D('',#12589,#12590,#12591);
#12593=CIRCLE('',#12592,0.500000000000000);
#12594=CARTESIAN_POINT('',(4.292240158749703,11.167401906158773,1.888690212503916));
#12595=CARTESIAN_POINT('',(4.292240158749703,10.667401906158773,1.388690212503916));
#12596=TRIMMED_CURVE('',#12593,(PARAMETER_VALUE(90.0),#12594),(PARAMETER_VALUE(180.0),#12595),.T.,.PARAMETER.);
#12597=STYLED_ITEM('',(#5466),#12596);
#12598=MECHANICAL_DESIGN_GEOMETRIC_PRESENTATION_REPRESENTATION('',(#12597),#12588);
#12604=(NAMED_UNIT(*)PLANE_ANGLE_UNIT()SI_UNIT($,.RADIAN.));
#12605=DIMENSIONAL_EXPONENTS(0.0,0.0,0.0,0.0,0.0,0.0,0.0);
#12606=PLANE_ANGLE_MEASURE_WITH_UNIT(PLANE_ANGLE_MEASURE(0.017453292500000),#12604);
#12610=(CONVERSION_BASED_UNIT('DEGREE',#12606)NAMED_UNIT(#12605)PLANE_ANGLE_UNIT());
#12614=(NAMED_UNIT(*)SI_UNIT($,.STERADIAN.)SOLID_ANGLE_UNIT());
#12618=(LENGTH_UNIT()NAMED_UNIT(*)SI_UNIT(.MILLI.,.METRE.));
#12620=UNCERTAINTY_MEASURE_WITH_UNIT(LENGTH_MEASURE(0.000001000000000),#12618,'DISTANCE_ACCURACY_VALUE','');
#12622=(GEOMETRIC_REPRESENTATION_CONTEXT(3)GLOBAL_UNCERTAINTY_ASSIGNED_CONTEXT((#12620))GLOBAL_UNIT_ASSIGNED_CONTEXT((#12610,#12614,#12618))REPRESENTATION_CONTEXT('','3D'));
#12623=CARTESIAN_POINT('',(4.292240158749703,11.167401906158773,2.025352907807281));
#12624=DIRECTION('',(0.0,0.0,-1.0));
#12625=VECTOR('',#12624,0.136662695303366);
#12626=LINE('',#12623,#12625);
#12627=CARTESIAN_POINT('',(4.292240158749703,11.167401906158773,1.888690212503916));
#12628=TRIMMED_CURVE('',#12626,(PARAMETER_VALUE(0.0),#12623),(PARAMETER_VALUE(1.0),#12627),.T.,.PARAMETER.);
#12629=STYLED_ITEM('',(#5466),#12628);
#12630=MECHANICAL_DESIGN_GEOMETRIC_PRESENTATION_REPRESENTATION('',(#12629),#12622);
#12636=(NAMED_UNIT(*)PLANE_ANGLE_UNIT()SI_UNIT($,.RADIAN.));
#12637=DIMENSIONAL_EXPONENTS(0.0,0.0,0.0,0.0,0.0,0.0,0.0);
#12638=PLANE_ANGLE_MEASURE_WITH_UNIT(PLANE_ANGLE_MEASURE(0.017453292500000),#12636);
#12642=(CONVERSION_BASED_UNIT('DEGREE',#12638)NAMED_UNIT(#12637)PLANE_ANGLE_UNIT());
#12646=(NAMED_UNIT(*)SI_UNIT($,.STERADIAN.)SOLID_ANGLE_UNIT());
#12650=(LENGTH_UNIT()NAMED_UNIT(*)SI_UNIT(.MILLI.,.METRE.));
#12652=UNCERTAINTY_MEASURE_WITH_UNIT(LENGTH_MEASURE(0.000001000000000),#12650,'DISTANCE_ACCURACY_VALUE','');
#12654=(GEOMETRIC_REPRESENTATION_CONTEXT(3)GLOBAL_UNCERTAINTY_ASSIGNED_CONTEXT((#12652))GLOBAL_UNIT_ASSIGNED_CONTEXT((#12642,#12646,#12650))REPRESENTATION_CONTEXT('','3D'));
#12655=CARTESIAN_POINT('',(4.292240158749703,10.667401906158773,2.025352907807281));
#12656=DIRECTION('',(-1.0,0.0,0.0));
#12657=DIRECTION('',(0.0,0.0,1.0));
#12658=AXIS2_PLACEMENT_3D('',#12655,#12656,#12657);
#12659=CIRCLE('',#12658,0.500000000000000);
#12660=CARTESIAN_POINT('',(4.292240158749703,10.667401906158773,2.525352907807281));
#12661=CARTESIAN_POINT('',(4.292240158749703,11.167401906158773,2.025352907807281));
#12662=TRIMMED_CURVE('',#12659,(PARAMETER_VALUE(0.0),#12660),(PARAMETER_VALUE(90.0),#12661),.T.,.PARAMETER.);
#12663=STYLED_ITEM('',(#5466),#12662);
#12664=MECHANICAL_DESIGN_GEOMETRIC_PRESENTATION_REPRESENTATION('',(#12663),#12654);
#12665=AXIS2_PLACEMENT_3D('',#12666,#12667,#12668);
#12666=CARTESIAN_POINT('',(77.942917143568579,18.238606642591314,1.631058869405600));
#12667=DIRECTION('',(0.0,-0.999999999999999,-1.224647E-016));
#12668=DIRECTION('',(1.0,0.0,0.0));
#12669=NEXT_ASSEMBLY_USAGE_OCCURRENCE('JS-1120-04:1','JS-1120-04:1','JS-1120-04:1',#12,#8675,'JS-1120-04:1');
#12670=PRODUCT_DEFINITION_SHAPE('JS-1120-04:1','JS-1120-04:1',#12669);
#12671=ITEM_DEFINED_TRANSFORMATION('JS-1120-04:1','JS-1120-04:1',#8700,#12665);
#12675=(REPRESENTATION_RELATIONSHIP('JS-1120-04:1','JS-1120-04:1',#8704,#41)REPRESENTATION_RELATIONSHIP_WITH_TRANSFORMATION(#12671)SHAPE_REPRESENTATION_RELATIONSHIP());
#12676=CONTEXT_DEPENDENT_SHAPE_REPRESENTATION(#12675,#12670);
#12677=APPLICATION_CONTEXT('automotive design');
#12678=APPLICATION_PROTOCOL_DEFINITION('International Standard','automotive_design',2001,#12677);
#12679=PRODUCT_CONTEXT('',#12677,'mechanical');
#12680=PRODUCT('C5','C5',$,(#12679));
#12681=PRODUCT_RELATED_PRODUCT_CATEGORY('part',$,(#12680));
#12682=PRODUCT_DEFINITION_FORMATION('',$,#12680);
#12683=PRODUCT_DEFINITION_CONTEXT('part definition',#12677,'design');
#12684=PRODUCT_DEFINITION('',$,#12682,#12683);
#12690=(NAMED_UNIT(*)PLANE_ANGLE_UNIT()SI_UNIT($,.RADIAN.));
#12691=DIMENSIONAL_EXPONENTS(0.0,0.0,0.0,0.0,0.0,0.0,0.0);
#12692=PLANE_ANGLE_MEASURE_WITH_UNIT(PLANE_ANGLE_MEASURE(0.017453292500000),#12690);
#12696=(CONVERSION_BASED_UNIT('DEGREE',#12692)NAMED_UNIT(#12691)PLANE_ANGLE_UNIT());
#12700=(NAMED_UNIT(*)SI_UNIT($,.STERADIAN.)SOLID_ANGLE_UNIT());
#12704=(LENGTH_UNIT()NAMED_UNIT(*)SI_UNIT(.MILLI.,.METRE.));
#12706=UNCERTAINTY_MEASURE_WITH_UNIT(LENGTH_MEASURE(0.010000000000000),#12704,'DISTANCE_ACCURACY_VALUE','');
#12708=(GEOMETRIC_REPRESENTATION_CONTEXT(3)GLOBAL_UNCERTAINTY_ASSIGNED_CONTEXT((#12706))GLOBAL_UNIT_ASSIGNED_CONTEXT((#12696,#12700,#12704))REPRESENTATION_CONTEXT('None','None'));
#12709=AXIS2_PLACEMENT_3D('',#12710,#12711,#12712);
#12710=CARTESIAN_POINT('',(0.0,0.0,0.0));
#12711=DIRECTION('',(0.0,0.0,1.0));
#12712=DIRECTION('',(1.0,0.0,0.0));
#12713=SHAPE_REPRESENTATION('',(#12709),#12708);
#12714=PRODUCT_DEFINITION_SHAPE('','',#12684);
#12715=SHAPE_DEFINITION_REPRESENTATION(#12714,#12713);
#12721=(NAMED_UNIT(*)PLANE_ANGLE_UNIT()SI_UNIT($,.RADIAN.));
#12722=DIMENSIONAL_EXPONENTS(0.0,0.0,0.0,0.0,0.0,0.0,0.0);
#12723=PLANE_ANGLE_MEASURE_WITH_UNIT(PLANE_ANGLE_MEASURE(0.017453292500000),#12721);
#12727=(CONVERSION_BASED_UNIT('DEGREE',#12723)NAMED_UNIT(#12722)PLANE_ANGLE_UNIT());
#12731=(NAMED_UNIT(*)SI_UNIT($,.STERADIAN.)SOLID_ANGLE_UNIT());
#12735=(LENGTH_UNIT()NAMED_UNIT(*)SI_UNIT(.MILLI.,.METRE.));
#12737=UNCERTAINTY_MEASURE_WITH_UNIT(LENGTH_MEASURE(0.000001000000000),#12735,'DISTANCE_ACCURACY_VALUE','');
#12739=(GEOMETRIC_REPRESENTATION_CONTEXT(3)GLOBAL_UNCERTAINTY_ASSIGNED_CONTEXT((#12737))GLOBAL_UNIT_ASSIGNED_CONTEXT((#12727,#12731,#12735))REPRESENTATION_CONTEXT('','3D'));
#12740=CARTESIAN_POINT('',(-14.813663587858073,0.0,1.0));
#12741=DIRECTION('',(0.0,0.0,-1.0));
#12742=DIRECTION('',(-1.0,0.0,0.0));
#12743=AXIS2_PLACEMENT_3D('',#12740,#12741,#12742);
#12744=TOROIDAL_SURFACE('',#12743,8.250000000000000,1.0);
#12745=CARTESIAN_POINT('',(-5.563663587858072,-1.132798E-015,1.0));
#12746=VERTEX_POINT('',#12745);
#12747=CARTESIAN_POINT('',(-14.813663587858073,0.0,1.0));
#12748=DIRECTION('',(0.0,0.0,-1.0));
#12749=DIRECTION('',(-1.0,0.0,0.0));
#12750=AXIS2_PLACEMENT_3D('',#12747,#12748,#12749);
#12751=CIRCLE('',#12750,9.250000000000000);
#12752=EDGE_CURVE('',#12746,#12746,#12751,.T.);
#12753=ORIENTED_EDGE('',*,*,#12752,.T.);
#12754=EDGE_LOOP('',(#12753));
#12755=FACE_OUTER_BOUND('',#12754,.T.);
#12756=CARTESIAN_POINT('',(-6.563663587858072,1.010334E-015,0.0));
#12757=VERTEX_POINT('',#12756);
#12758=CARTESIAN_POINT('',(-14.813663587858073,0.0,0.0));
#12759=DIRECTION('',(0.0,0.0,1.0));
#12760=DIRECTION('',(-1.0,0.0,0.0));
#12761=AXIS2_PLACEMENT_3D('',#12758,#12759,#12760);
#12762=CIRCLE('',#12761,8.250000000000000);
#12763=EDGE_CURVE('',#12757,#12757,#12762,.T.);
#12764=ORIENTED_EDGE('',*,*,#12763,.T.);
#12765=EDGE_LOOP('',(#12764));
#12766=FACE_BOUND('',#12765,.T.);
#12767=ADVANCED_FACE('',(#12755,#12766),#12744,.T.);
#12768=CARTESIAN_POINT('',(-14.813663587858073,0.0,0.0));
#12769=DIRECTION('',(0.0,0.0,1.0));
#12770=DIRECTION('',(-1.0,0.0,0.0));
#12771=AXIS2_PLACEMENT_3D('',#12768,#12769,#12770);
#12772=CYLINDRICAL_SURFACE('',#12771,9.250000000000000);
#12773=CARTESIAN_POINT('',(-5.563663587858072,1.132798E-015,25.0));
#12774=VERTEX_POINT('',#12773);
#12775=CARTESIAN_POINT('',(-14.813663587858073,0.0,25.0));
#12776=DIRECTION('',(0.0,0.0,1.0));
#12777=DIRECTION('',(-1.0,0.0,0.0));
#12778=AXIS2_PLACEMENT_3D('',#12775,#12776,#12777);
#12779=CIRCLE('',#12778,9.250000000000000);
#12780=EDGE_CURVE('',#12774,#12774,#12779,.T.);
#12781=ORIENTED_EDGE('',*,*,#12780,.F.);
#12782=EDGE_LOOP('',(#12781));
#12783=FACE_OUTER_BOUND('',#12782,.T.);
#12784=ORIENTED_EDGE('',*,*,#12752,.F.);
#12785=EDGE_LOOP('',(#12784));
#12786=FACE_BOUND('',#12785,.T.);
#12787=ADVANCED_FACE('',(#12783,#12786),#12772,.T.);
#12788=CARTESIAN_POINT('',(-14.813663587858073,0.0,0.0));
#12789=DIRECTION('',(0.0,0.0,-1.0));
#12790=DIRECTION('',(-1.0,0.0,0.0));
#12791=AXIS2_PLACEMENT_3D('',#12788,#12789,#12790);
#12792=PLANE('',#12791);
#12793=ORIENTED_EDGE('',*,*,#12763,.F.);
#12794=EDGE_LOOP('',(#12793));
#12795=FACE_OUTER_BOUND('',#12794,.T.);
#12796=ADVANCED_FACE('',(#12795),#12792,.T.);
#12797=CARTESIAN_POINT('',(-14.813663587858073,0.0,25.0));
#12798=DIRECTION('',(0.0,0.0,-1.0));
#12799=DIRECTION('',(-1.0,0.0,0.0));
#12800=AXIS2_PLACEMENT_3D('',#12797,#12798,#12799);
#12801=TOROIDAL_SURFACE('',#12800,8.250000000000000,1.0);
#12802=CARTESIAN_POINT('',(-6.563663587858072,-1.010334E-015,26.0));
#12803=VERTEX_POINT('',#12802);
#12804=CARTESIAN_POINT('',(-14.813663587858073,0.0,26.0));
#12805=DIRECTION('',(0.0,0.0,-1.0));
#12806=DIRECTION('',(-1.0,0.0,0.0));
#12807=AXIS2_PLACEMENT_3D('',#12804,#12805,#12806);
#12808=CIRCLE('',#12807,8.250000000000000);
#12809=EDGE_CURVE('',#12803,#12803,#12808,.T.);
#12810=ORIENTED_EDGE('',*,*,#12809,.T.);
#12811=EDGE_LOOP('',(#12810));
#12812=FACE_OUTER_BOUND('',#12811,.T.);
#12813=ORIENTED_EDGE('',*,*,#12780,.T.);
#12814=EDGE_LOOP('',(#12813));
#12815=FACE_BOUND('',#12814,.T.);
#12816=ADVANCED_FACE('',(#12812,#12815),#12801,.T.);
#12817=CARTESIAN_POINT('',(-14.813663587858073,0.0,26.0));
#12818=DIRECTION('',(0.0,0.0,-1.0));
#12819=DIRECTION('',(-1.0,0.0,0.0));
#12820=AXIS2_PLACEMENT_3D('',#12817,#12818,#12819);
#12821=PLANE('',#12820);
#12822=ORIENTED_EDGE('',*,*,#12809,.F.);
#12823=EDGE_LOOP('',(#12822));
#12824=FACE_OUTER_BOUND('',#12823,.T.);
#12825=ADVANCED_FACE('',(#12824),#12821,.F.);
#12826=CLOSED_SHELL('',(#12767,#12787,#12796,#12816,#12825));
#12827=MANIFOLD_SOLID_BREP('\X2\5BE69AD4\X0\1',#12826);
#12828=COLOUR_RGB('\X2\FFFDFFFD\X0\ (\X2\FFFD\X0\H)',0.917647004127502,0.788235008716583,0.341176003217697);
#12829=FILL_AREA_STYLE_COLOUR('\X2\FFFDFFFD\X0\ (\X2\FFFD\X0\H)',#12828);
#12830=FILL_AREA_STYLE('\X2\FFFDFFFD\X0\ (\X2\FFFD\X0\H)',(#12829));
#12831=SURFACE_STYLE_FILL_AREA(#12830);
#12832=SURFACE_SIDE_STYLE('\X2\FFFDFFFD\X0\ (\X2\FFFD\X0\H)',(#12831));
#12833=SURFACE_STYLE_USAGE(.BOTH.,#12832);
#12834=PRESENTATION_STYLE_ASSIGNMENT((#12833));
#12835=STYLED_ITEM('',(#12834),#12827);
#12836=ADVANCED_BREP_SHAPE_REPRESENTATION('ABSR',(#12827),#12708);
#12837=SHAPE_REPRESENTATION_RELATIONSHIP('SRR','None',#12836,#12713);
#12838=AXIS2_PLACEMENT_3D('',#12839,#12840,#12841);
#12839=CARTESIAN_POINT('',(22.888705063390958,2.618194992618288,1.600000000000000));
#12840=DIRECTION('',(0.0,0.0,1.0));
#12841=DIRECTION('',(1.0,0.0,0.0));
#12842=NEXT_ASSEMBLY_USAGE_OCCURRENCE('C5:1','C5:1','C5:1',#12,#12684,'C5:1');
#12843=PRODUCT_DEFINITION_SHAPE('C5:1','C5:1',#12842);
#12844=ITEM_DEFINED_TRANSFORMATION('C5:1','C5:1',#12709,#12838);
#12848=(REPRESENTATION_RELATIONSHIP('C5:1','C5:1',#12713,#41)REPRESENTATION_RELATIONSHIP_WITH_TRANSFORMATION(#12844)SHAPE_REPRESENTATION_RELATIONSHIP());
#12849=CONTEXT_DEPENDENT_SHAPE_REPRESENTATION(#12848,#12843);
#12850=APPLICATION_CONTEXT('automotive design');
#12851=APPLICATION_PROTOCOL_DEFINITION('International Standard','automotive_design',2001,#12850);
#12852=PRODUCT_CONTEXT('',#12850,'mechanical');
#12853=PRODUCT('HS-168','HS-168',$,(#12852));
#12854=PRODUCT_RELATED_PRODUCT_CATEGORY('part',$,(#12853));
#12855=PRODUCT_DEFINITION_FORMATION('',$,#12853);
#12856=PRODUCT_DEFINITION_CONTEXT('part definition',#12850,'design');
#12857=PRODUCT_DEFINITION('',$,#12855,#12856);
#12863=(NAMED_UNIT(*)PLANE_ANGLE_UNIT()SI_UNIT($,.RADIAN.));
#12864=DIMENSIONAL_EXPONENTS(0.0,0.0,0.0,0.0,0.0,0.0,0.0);
#12865=PLANE_ANGLE_MEASURE_WITH_UNIT(PLANE_ANGLE_MEASURE(0.017453292500000),#12863);
#12869=(CONVERSION_BASED_UNIT('DEGREE',#12865)NAMED_UNIT(#12864)PLANE_ANGLE_UNIT());
#12873=(NAMED_UNIT(*)SI_UNIT($,.STERADIAN.)SOLID_ANGLE_UNIT());
#12877=(LENGTH_UNIT()NAMED_UNIT(*)SI_UNIT(.MILLI.,.METRE.));
#12879=UNCERTAINTY_MEASURE_WITH_UNIT(LENGTH_MEASURE(0.010000000000000),#12877,'DISTANCE_ACCURACY_VALUE','');
#12881=(GEOMETRIC_REPRESENTATION_CONTEXT(3)GLOBAL_UNCERTAINTY_ASSIGNED_CONTEXT((#12879))GLOBAL_UNIT_ASSIGNED_CONTEXT((#12869,#12873,#12877))REPRESENTATION_CONTEXT('None','None'));
#12882=AXIS2_PLACEMENT_3D('',#12883,#12884,#12885);
#12883=CARTESIAN_POINT('',(0.0,0.0,0.0));
#12884=DIRECTION('',(0.0,0.0,1.0));
#12885=DIRECTION('',(1.0,0.0,0.0));
#12886=SHAPE_REPRESENTATION('',(#12882),#12881);
#12887=PRODUCT_DEFINITION_SHAPE('','',#12857);
#12888=SHAPE_DEFINITION_REPRESENTATION(#12887,#12886);
#12894=(NAMED_UNIT(*)PLANE_ANGLE_UNIT()SI_UNIT($,.RADIAN.));
#12895=DIMENSIONAL_EXPONENTS(0.0,0.0,0.0,0.0,0.0,0.0,0.0);
#12896=PLANE_ANGLE_MEASURE_WITH_UNIT(PLANE_ANGLE_MEASURE(0.017453292500000),#12894);
#12900=(CONVERSION_BASED_UNIT('DEGREE',#12896)NAMED_UNIT(#12895)PLANE_ANGLE_UNIT());
#12904=(NAMED_UNIT(*)SI_UNIT($,.STERADIAN.)SOLID_ANGLE_UNIT());
#12908=(LENGTH_UNIT()NAMED_UNIT(*)SI_UNIT(.MILLI.,.METRE.));
#12910=UNCERTAINTY_MEASURE_WITH_UNIT(LENGTH_MEASURE(0.000001000000000),#12908,'DISTANCE_ACCURACY_VALUE','');
#12912=(GEOMETRIC_REPRESENTATION_CONTEXT(3)GLOBAL_UNCERTAINTY_ASSIGNED_CONTEXT((#12910))GLOBAL_UNIT_ASSIGNED_CONTEXT((#12900,#12904,#12908))REPRESENTATION_CONTEXT('','3D'));
#12913=CARTESIAN_POINT('',(-153.639054140925050,-78.072136829638225,17.999690282345227));
#12914=CARTESIAN_POINT('',(-153.139054140925050,-78.072136829638225,18.499690282345227));
#12915=CARTESIAN_POINT('',(-153.639054140925050,-80.072136829638225,17.999690282345227));
#12916=CARTESIAN_POINT('',(-153.139054140925050,-79.572136829638225,18.499690282345227));
#12917=CARTESIAN_POINT('',(-153.639054140925050,-80.072136829638225,19.999690282345227));
#12918=CARTESIAN_POINT('',(-153.139054140925050,-79.572136829638225,19.999690282345227));
#12919=CARTESIAN_POINT('',(-153.639054140925050,-80.072136829638225,21.999690282345227));
#12920=CARTESIAN_POINT('',(-153.139054140925050,-79.572136829638225,21.499690282345227));
#12921=CARTESIAN_POINT('',(-153.639054140925050,-78.072136829638225,21.999690282345227));
#12922=CARTESIAN_POINT('',(-153.139054140925050,-78.072136829638225,21.499690282345227));
#12923=CARTESIAN_POINT('',(-153.639054140925050,-76.072136829638225,21.999690282345227));
#12924=CARTESIAN_POINT('',(-153.139054140925050,-76.572136829638225,21.499690282345227));
#12925=CARTESIAN_POINT('',(-153.639054140925050,-76.072136829638225,19.999690282345227));
#12926=CARTESIAN_POINT('',(-153.139054140925050,-76.572136829638225,19.999690282345227));
#12927=CARTESIAN_POINT('',(-153.639054140925050,-76.072136829638225,17.999690282345227));
#12928=CARTESIAN_POINT('',(-153.139054140925050,-76.572136829638225,18.499690282345227));
#12929=CARTESIAN_POINT('',(-153.639054140925050,-78.072136829638225,17.999690282345227));
#12930=CARTESIAN_POINT('',(-153.139054140925050,-78.072136829638225,18.499690282345227));
#12938=(BOUNDED_SURFACE()B_SPLINE_SURFACE(1,2,((#12913,#12915,#12917,#12919,#12921,#12923,#12925,#12927,#12929),(#12914,#12916,#12918,#12920,#12922,#12924,#12926,#12928,#12930)),.UNSPECIFIED.,.F.,.T.,.U.)B_SPLINE_SURFACE_WITH_KNOTS((2,2),(3,2,2,2,3),(-0.202030508910442,0.202030508910442),(0.0,2.748893571891069,5.497787143782139,8.246680715673207,10.995574287564278),.UNSPECIFIED.)GEOMETRIC_REPRESENTATION_ITEM()RATIONAL_B_SPLINE_SURFACE(((1.0,0.707106781186548,1.0,0.707106781186548,1.0,0.707106781186548,1.0,0.707106781186548,1.0),(1.0,0.707106781186548,1.0,0.707106781186548,1.0,0.707106781186548,1.0,0.707106781186548,1.0)))REPRESENTATION_ITEM('')SURFACE());
#12939=CARTESIAN_POINT('',(-153.639054140925050,-78.072136829638225,21.999690282345231));
#12940=VERTEX_POINT('',#12939);
#12941=CARTESIAN_POINT('',(-153.639054140925050,-78.072136829638225,19.999690282345227));
#12942=DIRECTION('',(1.0,0.0,0.0));
#12943=DIRECTION('',(0.0,0.0,1.0));
#12944=AXIS2_PLACEMENT_3D('',#12941,#12942,#12943);
#12945=CIRCLE('',#12944,2.000000000000004);
#12946=EDGE_CURVE('',#12940,#12940,#12945,.T.);
#12947=ORIENTED_EDGE('',*,*,#12946,.F.);
#12948=EDGE_LOOP('',(#12947));
#12949=FACE_OUTER_BOUND('',#12948,.T.);
#12950=CARTESIAN_POINT('',(-153.139054140925050,-78.072136829638225,21.499690282345227));
#12951=VERTEX_POINT('',#12950);
#12952=CARTESIAN_POINT('',(-153.139054140925050,-78.072136829638225,19.999690282345227));
#12953=DIRECTION('',(-1.0,0.0,0.0));
#12954=DIRECTION('',(0.0,0.0,1.0));
#12955=AXIS2_PLACEMENT_3D('',#12952,#12953,#12954);
#12956=CIRCLE('',#12955,1.500000000000000);
#12957=EDGE_CURVE('',#12951,#12951,#12956,.T.);
#12958=ORIENTED_EDGE('',*,*,#12957,.F.);
#12959=EDGE_LOOP('',(#12958));
#12960=FACE_BOUND('',#12959,.T.);
#12961=ADVANCED_FACE('',(#12949,#12960),#12938,.F.);
#12962=CARTESIAN_POINT('',(-153.139054140925050,-78.072136829638225,18.499690282345227));
#12963=CARTESIAN_POINT('',(-151.639054140925050,-78.072136829638225,18.499690282345227));
#12964=CARTESIAN_POINT('',(-153.139054140925050,-79.572136829638225,18.499690282345227));
#12965=CARTESIAN_POINT('',(-151.639054140925050,-79.572136829638225,18.499690282345227));
#12966=CARTESIAN_POINT('',(-153.139054140925050,-79.572136829638225,19.999690282345227));
#12967=CARTESIAN_POINT('',(-151.639054140925050,-79.572136829638225,19.999690282345227));
#12968=CARTESIAN_POINT('',(-153.139054140925050,-79.572136829638225,21.499690282345227));
#12969=CARTESIAN_POINT('',(-151.639054140925050,-79.572136829638225,21.499690282345227));
#12970=CARTESIAN_POINT('',(-153.139054140925050,-78.072136829638225,21.499690282345227));
#12971=CARTESIAN_POINT('',(-151.639054140925050,-78.072136829638225,21.499690282345227));
#12972=CARTESIAN_POINT('',(-153.139054140925050,-76.572136829638225,21.499690282345227));
#12973=CARTESIAN_POINT('',(-151.639054140925050,-76.572136829638225,21.499690282345227));
#12974=CARTESIAN_POINT('',(-153.139054140925050,-76.572136829638225,19.999690282345227));
#12975=CARTESIAN_POINT('',(-151.639054140925050,-76.572136829638225,19.999690282345227));
#12976=CARTESIAN_POINT('',(-153.139054140925050,-76.572136829638225,18.499690282345227));
#12977=CARTESIAN_POINT('',(-151.639054140925050,-76.572136829638225,18.499690282345227));
#12978=CARTESIAN_POINT('',(-153.139054140925050,-78.072136829638225,18.499690282345227));
#12979=CARTESIAN_POINT('',(-151.639054140925050,-78.072136829638225,18.499690282345227));
#12987=(BOUNDED_SURFACE()B_SPLINE_SURFACE(1,2,((#12962,#12964,#12966,#12968,#12970,#12972,#12974,#12976,#12978),(#12963,#12965,#12967,#12969,#12971,#12973,#12975,#12977,#12979)),.UNSPECIFIED.,.F.,.T.,.U.)B_SPLINE_SURFACE_WITH_KNOTS((2,2),(3,2,2,2,3),(-2.333333333333333,-1.333333333333333),(0.0,2.356194490192345,4.712388980384691,7.068583470577035,9.424777960769381),.UNSPECIFIED.)GEOMETRIC_REPRESENTATION_ITEM()RATIONAL_B_SPLINE_SURFACE(((1.0,0.707106781186548,1.0,0.707106781186548,1.0,0.707106781186548,1.0,0.707106781186548,1.0),(1.0,0.707106781186548,1.0,0.707106781186548,1.0,0.707106781186548,1.0,0.707106781186548,1.0)))REPRESENTATION_ITEM('')SURFACE());
#12988=CARTESIAN_POINT('',(-151.639054140925050,-78.072136829638225,18.499690282345227));
#12989=VERTEX_POINT('',#12988);
#12990=CARTESIAN_POINT('',(-151.639054140925050,-78.072136829638225,19.999690282345227));
#12991=DIRECTION('',(-1.0,0.0,0.0));
#12992=DIRECTION('',(0.0,0.0,1.0));
#12993=AXIS2_PLACEMENT_3D('',#12990,#12991,#12992);
#12994=CIRCLE('',#12993,1.500000000000000);
#12995=EDGE_CURVE('',#12989,#12989,#12994,.T.);
#12996=ORIENTED_EDGE('',*,*,#12995,.F.);
#12997=EDGE_LOOP('',(#12996));
#12998=FACE_OUTER_BOUND('',#12997,.T.);
#12999=ORIENTED_EDGE('',*,*,#12957,.T.);
#13000=EDGE_LOOP('',(#12999));
#13001=FACE_BOUND('',#13000,.T.);
#13002=ADVANCED_FACE('',(#12998,#13001),#12987,.F.);
#13003=CARTESIAN_POINT('',(-149.139054140925050,-70.820840432906039,0.0));
#13004=DIRECTION('',(1.0,0.0,0.0));
#13005=DIRECTION('',(0.0,0.0,-1.0));
#13006=AXIS2_PLACEMENT_3D('',#13003,#13004,#13005);
#13007=PLANE('',#13006);
#13008=CARTESIAN_POINT('',(-149.139054140925050,-70.820840432906039,26.0));
#13009=VERTEX_POINT('',#13008);
#13010=CARTESIAN_POINT('',(-149.139054140925050,-72.320840432906039,26.0));
#13011=VERTEX_POINT('',#13010);
#13012=CARTESIAN_POINT('',(-149.139054140925050,-70.820840432906039,26.0));
#13013=DIRECTION('',(0.0,-1.0,0.0));
#13014=VECTOR('',#13013,1.500000000000000);
#13015=LINE('',#13012,#13014);
#13016=EDGE_CURVE('',#13009,#13011,#13015,.T.);
#13017=ORIENTED_EDGE('',*,*,#13016,.T.);
#13018=CARTESIAN_POINT('',(-149.139054140925050,-72.320840432906039,0.0));
#13019=VERTEX_POINT('',#13018);
#13020=CARTESIAN_POINT('',(-149.139054140925050,-72.320840432906039,0.0));
#13021=DIRECTION('',(0.0,0.0,1.0));
#13022=VECTOR('',#13021,26.0);
#13023=LINE('',#13020,#13022);
#13024=EDGE_CURVE('',#13019,#13011,#13023,.T.);
#13025=ORIENTED_EDGE('',*,*,#13024,.F.);
#13026=CARTESIAN_POINT('',(-149.139054140925050,-70.820840432906039,0.0));
#13027=VERTEX_POINT('',#13026);
#13028=CARTESIAN_POINT('',(-149.139054140925050,-70.820840432906039,0.0));
#13029=DIRECTION('',(0.0,-1.0,0.0));
#13030=VECTOR('',#13029,1.500000000000000);
#13031=LINE('',#13028,#13030);
#13032=EDGE_CURVE('',#13027,#13019,#13031,.T.);
#13033=ORIENTED_EDGE('',*,*,#13032,.F.);
#13034=CARTESIAN_POINT('',(-149.139054140925050,-70.820840432906039,0.0));
#13035=DIRECTION('',(0.0,0.0,1.0));
#13036=VECTOR('',#13035,26.0);
#13037=LINE('',#13034,#13036);
#13038=EDGE_CURVE('',#13027,#13009,#13037,.T.);
#13039=ORIENTED_EDGE('',*,*,#13038,.T.);
#13040=EDGE_LOOP('',(#13017,#13025,#13033,#13039));
#13041=FACE_OUTER_BOUND('',#13040,.T.);
#13042=ADVANCED_FACE('',(#13041),#13007,.T.);
#13043=CARTESIAN_POINT('',(-149.139054140925050,-72.320840432906039,0.0));
#13044=DIRECTION('',(0.0,-1.0,0.0));
#13045=DIRECTION('',(0.0,0.0,-1.0));
#13046=AXIS2_PLACEMENT_3D('',#13043,#13044,#13045);
#13047=PLANE('',#13046);
#13048=CARTESIAN_POINT('',(-150.891553977222200,-72.320840432906039,26.0));
#13049=VERTEX_POINT('',#13048);
#13050=CARTESIAN_POINT('',(-149.139054140925050,-72.320840432906039,26.0));
#13051=DIRECTION('',(-1.0,0.0,0.0));
#13052=VECTOR('',#13051,1.752499836297147);
#13053=LINE('',#13050,#13052);
#13054=EDGE_CURVE('',#13011,#13049,#13053,.T.);
#13055=ORIENTED_EDGE('',*,*,#13054,.T.);
#13056=CARTESIAN_POINT('',(-150.891553977222200,-72.320840432906039,0.0));
#13057=VERTEX_POINT('',#13056);
#13058=CARTESIAN_POINT('',(-150.891553977222200,-72.320840432906039,0.0));
#13059=DIRECTION('',(0.0,0.0,1.0));
#13060=VECTOR('',#13059,26.0);
#13061=LINE('',#13058,#13060);
#13062=EDGE_CURVE('',#13057,#13049,#13061,.T.);
#13063=ORIENTED_EDGE('',*,*,#13062,.F.);
#13064=CARTESIAN_POINT('',(-149.139054140925050,-72.320840432906039,0.0));
#13065=DIRECTION('',(-1.0,0.0,0.0));
#13066=VECTOR('',#13065,1.752499836297147);
#13067=LINE('',#13064,#13066);
#13068=EDGE_CURVE('',#13019,#13057,#13067,.T.);
#13069=ORIENTED_EDGE('',*,*,#13068,.F.);
#13070=ORIENTED_EDGE('',*,*,#13024,.T.);
#13071=EDGE_LOOP('',(#13055,#13063,#13069,#13070));
#13072=FACE_OUTER_BOUND('',#13071,.T.);
#13073=ADVANCED_FACE('',(#13072),#13047,.T.);
#13074=CARTESIAN_POINT('',(-151.389053154171960,-73.070836812186826,0.0));
#13075=DIRECTION('',(0.0,0.0,1.0));
#13076=DIRECTION('',(0.552776863277522,0.833329310311994,0.0));
#13077=AXIS2_PLACEMENT_3D('',#13074,#13075,#13076);
#13078=CYLINDRICAL_SURFACE('',#13077,0.900000000000000);
#13079=CARTESIAN_POINT('',(-150.891564894101410,-73.820840432906039,26.0));
#13080=VERTEX_POINT('',#13079);
#13081=CARTESIAN_POINT('',(-151.389053154171960,-73.070836812186826,26.0));
#13082=DIRECTION('',(0.0,0.0,1.000000000000000));
#13083=DIRECTION('',(0.552776863277522,0.833329310311994,0.0));
#13084=AXIS2_PLACEMENT_3D('',#13081,#13082,#13083);
#13085=CIRCLE('',#13084,0.900000000000000);
#13086=EDGE_CURVE('',#13049,#13080,#13085,.T.);
#13087=ORIENTED_EDGE('',*,*,#13086,.T.);
#13088=CARTESIAN_POINT('',(-150.891564894101410,-73.820840432906039,0.0));
#13089=VERTEX_POINT('',#13088);
#13090=CARTESIAN_POINT('',(-150.891564894101410,-73.820840432906039,0.0));
#13091=DIRECTION('',(0.0,0.0,1.0));
#13092=VECTOR('',#13091,26.0);
#13093=LINE('',#13090,#13092);
#13094=EDGE_CURVE('',#13089,#13080,#13093,.T.);
#13095=ORIENTED_EDGE('',*,*,#13094,.F.);
#13096=CARTESIAN_POINT('',(-151.389053154171960,-73.070836812186826,0.0));
#13097=DIRECTION('',(0.0,0.0,1.000000000000000));
#13098=DIRECTION('',(0.552776863277522,0.833329310311994,0.0));
#13099=AXIS2_PLACEMENT_3D('',#13096,#13097,#13098);
#13100=CIRCLE('',#13099,0.900000000000000);
#13101=EDGE_CURVE('',#13057,#13089,#13100,.T.);
#13102=ORIENTED_EDGE('',*,*,#13101,.F.);
#13103=ORIENTED_EDGE('',*,*,#13062,.T.);
#13104=EDGE_LOOP('',(#13087,#13095,#13102,#13103));
#13105=FACE_OUTER_BOUND('',#13104,.T.);
#13106=ADVANCED_FACE('',(#13105),#13078,.F.);
#13107=CARTESIAN_POINT('',(-150.891564894101410,-73.820840432906039,0.0));
#13108=DIRECTION('',(0.0,1.0,0.0));
#13109=DIRECTION('',(0.0,0.0,1.0));
#13110=AXIS2_PLACEMENT_3D('',#13107,#13108,#13109);
#13111=PLANE('',#13110);
#13112=CARTESIAN_POINT('',(-149.139054140925050,-73.820840432906039,26.0));
#13113=VERTEX_POINT('',#13112);
#13114=CARTESIAN_POINT('',(-150.891564894101410,-73.820840432906039,26.0));
#13115=DIRECTION('',(1.0,0.0,0.0));
#13116=VECTOR('',#13115,1.752510753176352);
#13117=LINE('',#13114,#13116);
#13118=EDGE_CURVE('',#13080,#13113,#13117,.T.);
#13119=ORIENTED_EDGE('',*,*,#13118,.T.);
#13120=CARTESIAN_POINT('',(-149.139054140925050,-73.820840432906039,0.0));
#13121=VERTEX_POINT('',#13120);
#13122=CARTESIAN_POINT('',(-149.139054140925050,-73.820840432906039,0.0));
#13123=DIRECTION('',(0.0,0.0,1.0));
#13124=VECTOR('',#13123,26.0);
#13125=LINE('',#13122,#13124);
#13126=EDGE_CURVE('',#13121,#13113,#13125,.T.);
#13127=ORIENTED_EDGE('',*,*,#13126,.F.);
#13128=CARTESIAN_POINT('',(-150.891564894101410,-73.820840432906039,0.0));
#13129=DIRECTION('',(1.0,0.0,0.0));
#13130=VECTOR('',#13129,1.752510753176352);
#13131=LINE('',#13128,#13130);
#13132=EDGE_CURVE('',#13089,#13121,#13131,.T.);
#13133=ORIENTED_EDGE('',*,*,#13132,.F.);
#13134=ORIENTED_EDGE('',*,*,#13094,.T.);
#13135=EDGE_LOOP('',(#13119,#13127,#13133,#13134));
#13136=FACE_OUTER_BOUND('',#13135,.T.);
#13137=ADVANCED_FACE('',(#13136),#13111,.T.);
#13138=CARTESIAN_POINT('',(-149.139054140925050,-73.820840432906039,0.0));
#13139=DIRECTION('',(1.0,0.0,0.0));
#13140=DIRECTION('',(0.0,0.0,-1.0));
#13141=AXIS2_PLACEMENT_3D('',#13138,#13139,#13140);
#13142=PLANE('',#13141);
#13143=CARTESIAN_POINT('',(-149.139054140925050,-75.320840432906039,26.0));
#13144=VERTEX_POINT('',#13143);
#13145=CARTESIAN_POINT('',(-149.139054140925050,-73.820840432906039,26.0));
#13146=DIRECTION('',(0.0,-1.0,0.0));
#13147=VECTOR('',#13146,1.500000000000000);
#13148=LINE('',#13145,#13147);
#13149=EDGE_CURVE('',#13113,#13144,#13148,.T.);
#13150=ORIENTED_EDGE('',*,*,#13149,.T.);
#13151=CARTESIAN_POINT('',(-149.139054140925050,-75.320840432906039,0.0));
#13152=VERTEX_POINT('',#13151);
#13153=CARTESIAN_POINT('',(-149.139054140925050,-75.320840432906039,0.0));
#13154=DIRECTION('',(0.0,0.0,1.0));
#13155=VECTOR('',#13154,26.0);
#13156=LINE('',#13153,#13155);
#13157=EDGE_CURVE('',#13152,#13144,#13156,.T.);
#13158=ORIENTED_EDGE('',*,*,#13157,.F.);
#13159=CARTESIAN_POINT('',(-149.139054140925050,-73.820840432906039,0.0));
#13160=DIRECTION('',(0.0,-1.0,0.0));
#13161=VECTOR('',#13160,1.500000000000000);
#13162=LINE('',#13159,#13161);
#13163=EDGE_CURVE('',#13121,#13152,#13162,.T.);
#13164=ORIENTED_EDGE('',*,*,#13163,.F.);
#13165=ORIENTED_EDGE('',*,*,#13126,.T.);
#13166=EDGE_LOOP('',(#13150,#13158,#13164,#13165));
#13167=FACE_OUTER_BOUND('',#13166,.T.);
#13168=ADVANCED_FACE('',(#13167),#13142,.T.);
#13169=CARTESIAN_POINT('',(-149.139054140925050,-75.320840432906039,0.0));
#13170=DIRECTION('',(0.0,-1.0,0.0));
#13171=DIRECTION('',(0.0,0.0,-1.0));
#13172=AXIS2_PLACEMENT_3D('',#13169,#13170,#13171);
#13173=PLANE('',#13172);
#13174=CARTESIAN_POINT('',(-151.639054140925050,-75.320840432906039,26.0));
#13175=VERTEX_POINT('',#13174);
#13176=CARTESIAN_POINT('',(-149.139054140925050,-75.320840432906039,26.0));
#13177=DIRECTION('',(-1.0,0.0,0.0));
#13178=VECTOR('',#13177,2.500000000000000);
#13179=LINE('',#13176,#13178);
#13180=EDGE_CURVE('',#13144,#13175,#13179,.T.);
#13181=ORIENTED_EDGE('',*,*,#13180,.T.);
#13182=CARTESIAN_POINT('',(-151.639054140925050,-75.320840432906039,0.0));
#13183=VERTEX_POINT('',#13182);
#13184=CARTESIAN_POINT('',(-151.639054140925050,-75.320840432906039,0.0));
#13185=DIRECTION('',(0.0,0.0,1.0));
#13186=VECTOR('',#13185,26.0);
#13187=LINE('',#13184,#13186);
#13188=EDGE_CURVE('',#13183,#13175,#13187,.T.);
#13189=ORIENTED_EDGE('',*,*,#13188,.F.);
#13190=CARTESIAN_POINT('',(-149.139054140925050,-75.320840432906039,0.0));
#13191=DIRECTION('',(-1.0,0.0,0.0));
#13192=VECTOR('',#13191,2.500000000000000);
#13193=LINE('',#13190,#13192);
#13194=EDGE_CURVE('',#13152,#13183,#13193,.T.);
#13195=ORIENTED_EDGE('',*,*,#13194,.F.);
#13196=ORIENTED_EDGE('',*,*,#13157,.T.);
#13197=EDGE_LOOP('',(#13181,#13189,#13195,#13196));
#13198=FACE_OUTER_BOUND('',#13197,.T.);
#13199=ADVANCED_FACE('',(#13198),#13173,.T.);
#13200=CARTESIAN_POINT('',(-151.639054140925050,-75.320840432906039,0.0));
#13201=DIRECTION('',(1.0,0.0,0.0));
#13202=DIRECTION('',(0.0,0.0,-1.0));
#13203=AXIS2_PLACEMENT_3D('',#13200,#13201,#13202);
#13204=PLANE('',#13203);
#13205=CARTESIAN_POINT('',(-151.639054140925050,-81.320840432906039,26.0));
#13206=VERTEX_POINT('',#13205);
#13207=CARTESIAN_POINT('',(-151.639054140925050,-75.320840432906039,26.0));
#13208=DIRECTION('',(0.0,-1.0,0.0));
#13209=VECTOR('',#13208,6.0);
#13210=LINE('',#13207,#13209);
#13211=EDGE_CURVE('',#13175,#13206,#13210,.T.);
#13212=ORIENTED_EDGE('',*,*,#13211,.T.);
#13213=CARTESIAN_POINT('',(-151.639054140925050,-81.320840432906039,0.0));
#13214=VERTEX_POINT('',#13213);
#13215=CARTESIAN_POINT('',(-151.639054140925050,-81.320840432906039,0.0));
#13216=DIRECTION('',(0.0,0.0,1.0));
#13217=VECTOR('',#13216,26.0);
#13218=LINE('',#13215,#13217);
#13219=EDGE_CURVE('',#13214,#13206,#13218,.T.);
#13220=ORIENTED_EDGE('',*,*,#13219,.F.);
#13221=CARTESIAN_POINT('',(-151.639054140925050,-75.320840432906039,0.0));
#13222=DIRECTION('',(0.0,-1.0,0.0));
#13223=VECTOR('',#13222,6.0);
#13224=LINE('',#13221,#13223);
#13225=EDGE_CURVE('',#13183,#13214,#13224,.T.);
#13226=ORIENTED_EDGE('',*,*,#13225,.F.);
#13227=ORIENTED_EDGE('',*,*,#13188,.T.);
#13228=EDGE_LOOP('',(#13212,#13220,#13226,#13227));
#13229=FACE_OUTER_BOUND('',#13228,.T.);
#13230=ORIENTED_EDGE('',*,*,#12995,.T.);
#13231=EDGE_LOOP('',(#13230));
#13232=FACE_BOUND('',#13231,.T.);
#13233=ADVANCED_FACE('',(#13229,#13232),#13204,.T.);
#13234=CARTESIAN_POINT('',(-151.639054140925050,-81.320840432906039,0.0));
#13235=DIRECTION('',(0.0,1.0,0.0));
#13236=DIRECTION('',(0.0,0.0,1.0));
#13237=AXIS2_PLACEMENT_3D('',#13234,#13235,#13236);
#13238=PLANE('',#13237);
#13239=CARTESIAN_POINT('',(-149.139054140925050,-81.320840432906039,26.0));
#13240=VERTEX_POINT('',#13239);
#13241=CARTESIAN_POINT('',(-151.639054140925050,-81.320840432906039,26.0));
#13242=DIRECTION('',(1.0,0.0,0.0));
#13243=VECTOR('',#13242,2.500000000000000);
#13244=LINE('',#13241,#13243);
#13245=EDGE_CURVE('',#13206,#13240,#13244,.T.);
#13246=ORIENTED_EDGE('',*,*,#13245,.T.);
#13247=CARTESIAN_POINT('',(-149.139054140925050,-81.320840432906039,0.0));
#13248=VERTEX_POINT('',#13247);
#13249=CARTESIAN_POINT('',(-149.139054140925050,-81.320840432906039,0.0));
#13250=DIRECTION('',(0.0,0.0,1.0));
#13251=VECTOR('',#13250,26.0);
#13252=LINE('',#13249,#13251);
#13253=EDGE_CURVE('',#13248,#13240,#13252,.T.);
#13254=ORIENTED_EDGE('',*,*,#13253,.F.);
#13255=CARTESIAN_POINT('',(-151.639054140925050,-81.320840432906039,0.0));
#13256=DIRECTION('',(1.0,0.0,0.0));
#13257=VECTOR('',#13256,2.500000000000000);
#13258=LINE('',#13255,#13257);
#13259=EDGE_CURVE('',#13214,#13248,#13258,.T.);
#13260=ORIENTED_EDGE('',*,*,#13259,.F.);
#13261=ORIENTED_EDGE('',*,*,#13219,.T.);
#13262=EDGE_LOOP('',(#13246,#13254,#13260,#13261));
#13263=FACE_OUTER_BOUND('',#13262,.T.);
#13264=ADVANCED_FACE('',(#13263),#13238,.T.);
#13265=CARTESIAN_POINT('',(-149.139054140925050,-81.320840432906039,0.0));
#13266=DIRECTION('',(1.0,0.0,0.0));
#13267=DIRECTION('',(0.0,0.0,-1.0));
#13268=AXIS2_PLACEMENT_3D('',#13265,#13266,#13267);
#13269=PLANE('',#13268);
#13270=CARTESIAN_POINT('',(-149.139054140925050,-82.820840432906039,26.0));
#13271=VERTEX_POINT('',#13270);
#13272=CARTESIAN_POINT('',(-149.139054140925050,-81.320840432906039,26.0));
#13273=DIRECTION('',(0.0,-1.0,0.0));
#13274=VECTOR('',#13273,1.500000000000000);
#13275=LINE('',#13272,#13274);
#13276=EDGE_CURVE('',#13240,#13271,#13275,.T.);
#13277=ORIENTED_EDGE('',*,*,#13276,.T.);
#13278=CARTESIAN_POINT('',(-149.139054140925050,-82.820840432906039,0.0));
#13279=VERTEX_POINT('',#13278);
#13280=CARTESIAN_POINT('',(-149.139054140925050,-82.820840432906039,0.0));
#13281=DIRECTION('',(0.0,0.0,1.0));
#13282=VECTOR('',#13281,26.0);
#13283=LINE('',#13280,#13282);
#13284=EDGE_CURVE('',#13279,#13271,#13283,.T.);
#13285=ORIENTED_EDGE('',*,*,#13284,.F.);
#13286=CARTESIAN_POINT('',(-149.139054140925050,-81.320840432906039,0.0));
#13287=DIRECTION('',(0.0,-1.0,0.0));
#13288=VECTOR('',#13287,1.500000000000000);
#13289=LINE('',#13286,#13288);
#13290=EDGE_CURVE('',#13248,#13279,#13289,.T.);
#13291=ORIENTED_EDGE('',*,*,#13290,.F.);
#13292=ORIENTED_EDGE('',*,*,#13253,.T.);
#13293=EDGE_LOOP('',(#13277,#13285,#13291,#13292));
#13294=FACE_OUTER_BOUND('',#13293,.T.);
#13295=ADVANCED_FACE('',(#13294),#13269,.T.);
#13296=CARTESIAN_POINT('',(-149.139054140925050,-82.820840432906039,0.0));
#13297=DIRECTION('',(0.0,-1.0,0.0));
#13298=DIRECTION('',(0.0,0.0,-1.0));
#13299=AXIS2_PLACEMENT_3D('',#13296,#13297,#13298);
#13300=PLANE('',#13299);
#13301=CARTESIAN_POINT('',(-151.639054140925050,-82.820840432906039,26.0));
#13302=VERTEX_POINT('',#13301);
#13303=CARTESIAN_POINT('',(-149.139054140925050,-82.820840432906039,26.0));
#13304=DIRECTION('',(-1.0,0.0,0.0));
#13305=VECTOR('',#13304,2.500000000000000);
#13306=LINE('',#13303,#13305);
#13307=EDGE_CURVE('',#13271,#13302,#13306,.T.);
#13308=ORIENTED_EDGE('',*,*,#13307,.T.);
#13309=CARTESIAN_POINT('',(-151.639054140925050,-82.820840432906039,0.0));
#13310=VERTEX_POINT('',#13309);
#13311=CARTESIAN_POINT('',(-151.639054140925050,-82.820840432906039,0.0));
#13312=DIRECTION('',(0.0,0.0,1.0));
#13313=VECTOR('',#13312,26.0);
#13314=LINE('',#13311,#13313);
#13315=EDGE_CURVE('',#13310,#13302,#13314,.T.);
#13316=ORIENTED_EDGE('',*,*,#13315,.F.);
#13317=CARTESIAN_POINT('',(-149.139054140925050,-82.820840432906039,0.0));
#13318=DIRECTION('',(-1.0,0.0,0.0));
#13319=VECTOR('',#13318,2.500000000000000);
#13320=LINE('',#13317,#13319);
#13321=EDGE_CURVE('',#13279,#13310,#13320,.T.);
#13322=ORIENTED_EDGE('',*,*,#13321,.F.);
#13323=ORIENTED_EDGE('',*,*,#13284,.T.);
#13324=EDGE_LOOP('',(#13308,#13316,#13322,#13323));
#13325=FACE_OUTER_BOUND('',#13324,.T.);
#13326=ADVANCED_FACE('',(#13325),#13300,.T.);
#13327=CARTESIAN_POINT('',(-151.639054140925050,-82.820840432906039,0.0));
#13328=DIRECTION('',(1.0,0.0,0.0));
#13329=DIRECTION('',(0.0,0.0,-1.0));
#13330=AXIS2_PLACEMENT_3D('',#13327,#13328,#13329);
#13331=PLANE('',#13330);
#13332=CARTESIAN_POINT('',(-151.639054140925050,-84.320840432906039,26.0));
#13333=VERTEX_POINT('',#13332);
#13334=CARTESIAN_POINT('',(-151.639054140925050,-82.820840432906039,26.0));
#13335=DIRECTION('',(0.0,-1.0,0.0));
#13336=VECTOR('',#13335,1.500000000000000);
#13337=LINE('',#13334,#13336);
#13338=EDGE_CURVE('',#13302,#13333,#13337,.T.);
#13339=ORIENTED_EDGE('',*,*,#13338,.T.);
#13340=CARTESIAN_POINT('',(-151.639054140925050,-84.320840432906039,0.0));
#13341=VERTEX_POINT('',#13340);
#13342=CARTESIAN_POINT('',(-151.639054140925050,-84.320840432906039,0.0));
#13343=DIRECTION('',(0.0,0.0,1.0));
#13344=VECTOR('',#13343,26.0);
#13345=LINE('',#13342,#13344);
#13346=EDGE_CURVE('',#13341,#13333,#13345,.T.);
#13347=ORIENTED_EDGE('',*,*,#13346,.F.);
#13348=CARTESIAN_POINT('',(-151.639054140925050,-82.820840432906039,0.0));
#13349=DIRECTION('',(0.0,-1.0,0.0));
#13350=VECTOR('',#13349,1.500000000000000);
#13351=LINE('',#13348,#13350);
#13352=EDGE_CURVE('',#13310,#13341,#13351,.T.);
#13353=ORIENTED_EDGE('',*,*,#13352,.F.);
#13354=ORIENTED_EDGE('',*,*,#13315,.T.);
#13355=EDGE_LOOP('',(#13339,#13347,#13353,#13354));
#13356=FACE_OUTER_BOUND('',#13355,.T.);
#13357=ADVANCED_FACE('',(#13356),#13331,.T.);
#13358=CARTESIAN_POINT('',(-151.639054140925050,-84.320840432906039,0.0));
#13359=DIRECTION('',(0.0,1.0,0.0));
#13360=DIRECTION('',(0.0,0.0,1.0));
#13361=AXIS2_PLACEMENT_3D('',#13358,#13359,#13360);
#13362=PLANE('',#13361);
#13363=CARTESIAN_POINT('',(-149.139054140925050,-84.320840432906039,26.0));
#13364=VERTEX_POINT('',#13363);
#13365=CARTESIAN_POINT('',(-151.639054140925050,-84.320840432906039,26.0));
#13366=DIRECTION('',(1.0,0.0,0.0));
#13367=VECTOR('',#13366,2.500000000000000);
#13368=LINE('',#13365,#13367);
#13369=EDGE_CURVE('',#13333,#13364,#13368,.T.);
#13370=ORIENTED_EDGE('',*,*,#13369,.T.);
#13371=CARTESIAN_POINT('',(-149.139054140925050,-84.320840432906039,0.0));
#13372=VERTEX_POINT('',#13371);
#13373=CARTESIAN_POINT('',(-149.139054140925050,-84.320840432906039,0.0));
#13374=DIRECTION('',(0.0,0.0,1.0));
#13375=VECTOR('',#13374,26.0);
#13376=LINE('',#13373,#13375);
#13377=EDGE_CURVE('',#13372,#13364,#13376,.T.);
#13378=ORIENTED_EDGE('',*,*,#13377,.F.);
#13379=CARTESIAN_POINT('',(-151.639054140925050,-84.320840432906039,0.0));
#13380=DIRECTION('',(1.0,0.0,0.0));
#13381=VECTOR('',#13380,2.500000000000000);
#13382=LINE('',#13379,#13381);
#13383=EDGE_CURVE('',#13341,#13372,#13382,.T.);
#13384=ORIENTED_EDGE('',*,*,#13383,.F.);
#13385=ORIENTED_EDGE('',*,*,#13346,.T.);
#13386=EDGE_LOOP('',(#13370,#13378,#13384,#13385));
#13387=FACE_OUTER_BOUND('',#13386,.T.);
#13388=ADVANCED_FACE('',(#13387),#13362,.T.);
#13389=CARTESIAN_POINT('',(-149.139054140925050,-84.320840432906039,0.0));
#13390=DIRECTION('',(1.0,0.0,0.0));
#13391=DIRECTION('',(0.0,0.0,-1.0));
#13392=AXIS2_PLACEMENT_3D('',#13389,#13390,#13391);
#13393=PLANE('',#13392);
#13394=CARTESIAN_POINT('',(-149.139054140924830,-88.070840432906039,26.0));
#13395=VERTEX_POINT('',#13394);
#13396=CARTESIAN_POINT('',(-149.139054140925050,-84.320840432906039,26.0));
#13397=DIRECTION('',(0.0,-1.0,0.0));
#13398=VECTOR('',#13397,3.750000000000000);
#13399=LINE('',#13396,#13398);
#13400=EDGE_CURVE('',#13364,#13395,#13399,.T.);
#13401=ORIENTED_EDGE('',*,*,#13400,.T.);
#13402=CARTESIAN_POINT('',(-149.139054140924830,-88.070840432906039,0.0));
#13403=VERTEX_POINT('',#13402);
#13404=CARTESIAN_POINT('',(-149.139054140924830,-88.070840432906039,0.0));
#13405=DIRECTION('',(0.0,0.0,1.0));
#13406=VECTOR('',#13405,26.0);
#13407=LINE('',#13404,#13406);
#13408=EDGE_CURVE('',#13403,#13395,#13407,.T.);
#13409=ORIENTED_EDGE('',*,*,#13408,.F.);
#13410=CARTESIAN_POINT('',(-149.139054140925050,-84.320840432906039,0.0));
#13411=DIRECTION('',(0.0,-1.0,0.0));
#13412=VECTOR('',#13411,3.750000000000000);
#13413=LINE('',#13410,#13412);
#13414=EDGE_CURVE('',#13372,#13403,#13413,.T.);
#13415=ORIENTED_EDGE('',*,*,#13414,.F.);
#13416=ORIENTED_EDGE('',*,*,#13377,.T.);
#13417=EDGE_LOOP('',(#13401,#13409,#13415,#13416));
#13418=FACE_OUTER_BOUND('',#13417,.T.);
#13419=ADVANCED_FACE('',(#13418),#13393,.T.);
#13420=CARTESIAN_POINT('',(-149.639054140924830,-88.070840432906039,0.0));
#13421=DIRECTION('',(0.0,0.0,1.0));
#13422=DIRECTION('',(0.0,1.0,0.0));
#13423=AXIS2_PLACEMENT_3D('',#13420,#13421,#13422);
#13424=CYLINDRICAL_SURFACE('',#13423,0.500000000000000);
#13425=CARTESIAN_POINT('',(-149.639054140924830,-88.570840432906039,26.0));
#13426=VERTEX_POINT('',#13425);
#13427=CARTESIAN_POINT('',(-149.639054140924830,-88.070840432906039,26.0));
#13428=DIRECTION('',(0.0,0.0,-1.0));
#13429=DIRECTION('',(0.0,1.0,0.0));
#13430=AXIS2_PLACEMENT_3D('',#13427,#13428,#13429);
#13431=CIRCLE('',#13430,0.500000000000000);
#13432=EDGE_CURVE('',#13395,#13426,#13431,.T.);
#13433=ORIENTED_EDGE('',*,*,#13432,.T.);
#13434=CARTESIAN_POINT('',(-149.639054140924830,-88.570840432906039,0.0));
#13435=VERTEX_POINT('',#13434);
#13436=CARTESIAN_POINT('',(-149.639054140924830,-88.570840432906039,0.0));
#13437=DIRECTION('',(0.0,0.0,1.0));
#13438=VECTOR('',#13437,26.0);
#13439=LINE('',#13436,#13438);
#13440=EDGE_CURVE('',#13435,#13426,#13439,.T.);
#13441=ORIENTED_EDGE('',*,*,#13440,.F.);
#13442=CARTESIAN_POINT('',(-149.639054140924830,-88.070840432906039,0.0));
#13443=DIRECTION('',(0.0,0.0,-1.0));
#13444=DIRECTION('',(0.0,1.0,0.0));
#13445=AXIS2_PLACEMENT_3D('',#13442,#13443,#13444);
#13446=CIRCLE('',#13445,0.500000000000000);
#13447=EDGE_CURVE('',#13403,#13435,#13446,.T.);
#13448=ORIENTED_EDGE('',*,*,#13447,.F.);
#13449=ORIENTED_EDGE('',*,*,#13408,.T.);
#13450=EDGE_LOOP('',(#13433,#13441,#13448,#13449));
#13451=FACE_OUTER_BOUND('',#13450,.T.);
#13452=ADVANCED_FACE('',(#13451),#13424,.T.);
#13453=CARTESIAN_POINT('',(-149.639054140924830,-88.570840432906039,0.0));
#13454=DIRECTION('',(0.0,-1.0,0.0));
#13455=DIRECTION('',(0.0,0.0,-1.0));
#13456=AXIS2_PLACEMENT_3D('',#13453,#13454,#13455);
#13457=PLANE('',#13456);
#13458=CARTESIAN_POINT('',(-150.639053154171960,-88.570840432906039,26.0));
#13459=VERTEX_POINT('',#13458);
#13460=CARTESIAN_POINT('',(-149.639054140924830,-88.570840432906039,26.0));
#13461=DIRECTION('',(-1.0,0.0,0.0));
#13462=VECTOR('',#13461,0.999999013247134);
#13463=LINE('',#13460,#13462);
#13464=EDGE_CURVE('',#13426,#13459,#13463,.T.);
#13465=ORIENTED_EDGE('',*,*,#13464,.T.);
#13466=CARTESIAN_POINT('',(-150.639053154171960,-88.570840432906039,0.0));
#13467=VERTEX_POINT('',#13466);
#13468=CARTESIAN_POINT('',(-150.639053154171960,-88.570840432906039,0.0));
#13469=DIRECTION('',(0.0,0.0,1.0));
#13470=VECTOR('',#13469,26.0);
#13471=LINE('',#13468,#13470);
#13472=EDGE_CURVE('',#13467,#13459,#13471,.T.);
#13473=ORIENTED_EDGE('',*,*,#13472,.F.);
#13474=CARTESIAN_POINT('',(-149.639054140924830,-88.570840432906039,0.0));
#13475=DIRECTION('',(-1.0,0.0,0.0));
#13476=VECTOR('',#13475,0.999999013247134);
#13477=LINE('',#13474,#13476);
#13478=EDGE_CURVE('',#13435,#13467,#13477,.T.);
#13479=ORIENTED_EDGE('',*,*,#13478,.F.);
#13480=ORIENTED_EDGE('',*,*,#13440,.T.);
#13481=EDGE_LOOP('',(#13465,#13473,#13479,#13480));
#13482=FACE_OUTER_BOUND('',#13481,.T.);
#13483=ADVANCED_FACE('',(#13482),#13457,.T.);
#13484=CARTESIAN_POINT('',(-150.639053154171960,-88.570840432906039,0.0));
#13485=DIRECTION('',(-1.0,0.0,0.0));
#13486=DIRECTION('',(0.0,0.0,1.0));
#13487=AXIS2_PLACEMENT_3D('',#13484,#13485,#13486);
#13488=PLANE('',#13487);
#13489=CARTESIAN_POINT('',(-150.639053154171960,-86.818330530740141,26.0));
#13490=VERTEX_POINT('',#13489);
#13491=CARTESIAN_POINT('',(-150.639053154171960,-88.570840432906039,26.0));
#13492=DIRECTION('',(0.0,1.0,0.0));
#13493=VECTOR('',#13492,1.752509902165897);
#13494=LINE('',#13491,#13493);
#13495=EDGE_CURVE('',#13459,#13490,#13494,.T.);
#13496=ORIENTED_EDGE('',*,*,#13495,.T.);
#13497=CARTESIAN_POINT('',(-150.639053154171960,-86.818330530740141,0.0));
#13498=VERTEX_POINT('',#13497);
#13499=CARTESIAN_POINT('',(-150.639053154171960,-86.818330530740141,0.0));
#13500=DIRECTION('',(0.0,0.0,1.0));
#13501=VECTOR('',#13500,26.0);
#13502=LINE('',#13499,#13501);
#13503=EDGE_CURVE('',#13498,#13490,#13502,.T.);
#13504=ORIENTED_EDGE('',*,*,#13503,.F.);
#13505=CARTESIAN_POINT('',(-150.639053154171960,-88.570840432906039,0.0));
#13506=DIRECTION('',(0.0,1.0,0.0));
#13507=VECTOR('',#13506,1.752509902165897);
#13508=LINE('',#13505,#13507);
#13509=EDGE_CURVE('',#13467,#13498,#13508,.T.);
#13510=ORIENTED_EDGE('',*,*,#13509,.F.);
#13511=ORIENTED_EDGE('',*,*,#13472,.T.);
#13512=EDGE_LOOP('',(#13496,#13504,#13510,#13511));
#13513=FACE_OUTER_BOUND('',#13512,.T.);
#13514=ADVANCED_FACE('',(#13513),#13488,.T.);
#13515=CARTESIAN_POINT('',(-151.389053154171960,-86.320836812186826,0.0));
#13516=DIRECTION('',(0.0,0.0,1.0));
#13517=DIRECTION('',(0.833333333333338,-0.552770798392560,0.0));
#13518=AXIS2_PLACEMENT_3D('',#13515,#13516,#13517);
#13519=CYLINDRICAL_SURFACE('',#13518,0.900000000000000);
#13520=CARTESIAN_POINT('',(-152.139053154171960,-86.818330530740141,26.0));
#13521=VERTEX_POINT('',#13520);
#13522=CARTESIAN_POINT('',(-151.389053154171960,-86.320836812186826,26.0));
#13523=DIRECTION('',(0.0,0.0,1.0));
#13524=DIRECTION('',(0.833333333333338,-0.552770798392560,0.0));
#13525=AXIS2_PLACEMENT_3D('',#13522,#13523,#13524);
#13526=CIRCLE('',#13525,0.900000000000000);
#13527=EDGE_CURVE('',#13490,#13521,#13526,.T.);
#13528=ORIENTED_EDGE('',*,*,#13527,.T.);
#13529=CARTESIAN_POINT('',(-152.139053154171960,-86.818330530740141,0.0));
#13530=VERTEX_POINT('',#13529);
#13531=CARTESIAN_POINT('',(-152.139053154171960,-86.818330530740141,0.0));
#13532=DIRECTION('',(0.0,0.0,1.0));
#13533=VECTOR('',#13532,26.0);
#13534=LINE('',#13531,#13533);
#13535=EDGE_CURVE('',#13530,#13521,#13534,.T.);
#13536=ORIENTED_EDGE('',*,*,#13535,.F.);
#13537=CARTESIAN_POINT('',(-151.389053154171960,-86.320836812186826,0.0));
#13538=DIRECTION('',(0.0,0.0,1.0));
#13539=DIRECTION('',(0.833333333333338,-0.552770798392560,0.0));
#13540=AXIS2_PLACEMENT_3D('',#13537,#13538,#13539);
#13541=CIRCLE('',#13540,0.900000000000000);
#13542=EDGE_CURVE('',#13498,#13530,#13541,.T.);
#13543=ORIENTED_EDGE('',*,*,#13542,.F.);
#13544=ORIENTED_EDGE('',*,*,#13503,.T.);
#13545=EDGE_LOOP('',(#13528,#13536,#13543,#13544));
#13546=FACE_OUTER_BOUND('',#13545,.T.);
#13547=ADVANCED_FACE('',(#13546),#13519,.F.);
#13548=CARTESIAN_POINT('',(-152.139053154171960,-86.818330530740141,0.0));
#13549=DIRECTION('',(1.0,0.0,0.0));
#13550=DIRECTION('',(0.0,0.0,-1.0));
#13551=AXIS2_PLACEMENT_3D('',#13548,#13549,#13550);
#13552=PLANE('',#13551);
#13553=CARTESIAN_POINT('',(-152.139053154171960,-88.570840432906039,26.0));
#13554=VERTEX_POINT('',#13553);
#13555=CARTESIAN_POINT('',(-152.139053154171960,-86.818330530740141,26.0));
#13556=DIRECTION('',(0.0,-1.0,0.0));
#13557=VECTOR('',#13556,1.752509902165897);
#13558=LINE('',#13555,#13557);
#13559=EDGE_CURVE('',#13521,#13554,#13558,.T.);
#13560=ORIENTED_EDGE('',*,*,#13559,.T.);
#13561=CARTESIAN_POINT('',(-152.139053154171960,-88.570840432906039,0.0));
#13562=VERTEX_POINT('',#13561);
#13563=CARTESIAN_POINT('',(-152.139053154171960,-88.570840432906039,0.0));
#13564=DIRECTION('',(0.0,0.0,1.0));
#13565=VECTOR('',#13564,26.0);
#13566=LINE('',#13563,#13565);
#13567=EDGE_CURVE('',#13562,#13554,#13566,.T.);
#13568=ORIENTED_EDGE('',*,*,#13567,.F.);
#13569=CARTESIAN_POINT('',(-152.139053154171960,-86.818330530740141,0.0));
#13570=DIRECTION('',(0.0,-1.0,0.0));
#13571=VECTOR('',#13570,1.752509902165897);
#13572=LINE('',#13569,#13571);
#13573=EDGE_CURVE('',#13530,#13562,#13572,.T.);
#13574=ORIENTED_EDGE('',*,*,#13573,.F.);
#13575=ORIENTED_EDGE('',*,*,#13535,.T.);
#13576=EDGE_LOOP('',(#13560,#13568,#13574,#13575));
#13577=FACE_OUTER_BOUND('',#13576,.T.);
#13578=ADVANCED_FACE('',(#13577),#13552,.T.);
#13579=CARTESIAN_POINT('',(-152.139053154171960,-88.570840432906039,0.0));
#13580=DIRECTION('',(0.0,-1.0,0.0));
#13581=DIRECTION('',(0.0,0.0,-1.0));
#13582=AXIS2_PLACEMENT_3D('',#13579,#13580,#13581);
#13583=PLANE('',#13582);
#13584=CARTESIAN_POINT('',(-153.639054140925050,-88.570840432906039,26.0));
#13585=VERTEX_POINT('',#13584);
#13586=CARTESIAN_POINT('',(-152.139053154171960,-88.570840432906039,26.0));
#13587=DIRECTION('',(-1.0,0.0,0.0));
#13588=VECTOR('',#13587,1.500000986753094);
#13589=LINE('',#13586,#13588);
#13590=EDGE_CURVE('',#13554,#13585,#13589,.T.);
#13591=ORIENTED_EDGE('',*,*,#13590,.T.);
#13592=CARTESIAN_POINT('',(-153.639054140925050,-88.570840432906039,0.0));
#13593=VERTEX_POINT('',#13592);
#13594=CARTESIAN_POINT('',(-153.639054140925050,-88.570840432906039,0.0));
#13595=DIRECTION('',(0.0,0.0,1.0));
#13596=VECTOR('',#13595,26.0);
#13597=LINE('',#13594,#13596);
#13598=EDGE_CURVE('',#13593,#13585,#13597,.T.);
#13599=ORIENTED_EDGE('',*,*,#13598,.F.);
#13600=CARTESIAN_POINT('',(-152.139053154171960,-88.570840432906039,0.0));
#13601=DIRECTION('',(-1.0,0.0,0.0));
#13602=VECTOR('',#13601,1.500000986753094);
#13603=LINE('',#13600,#13602);
#13604=EDGE_CURVE('',#13562,#13593,#13603,.T.);
#13605=ORIENTED_EDGE('',*,*,#13604,.F.);
#13606=ORIENTED_EDGE('',*,*,#13567,.T.);
#13607=EDGE_LOOP('',(#13591,#13599,#13605,#13606));
#13608=FACE_OUTER_BOUND('',#13607,.T.);
#13609=ADVANCED_FACE('',(#13608),#13583,.T.);
#13610=CARTESIAN_POINT('',(-153.639054140925050,-88.570840432906039,0.0));
#13611=DIRECTION('',(-1.0,0.0,0.0));
#13612=DIRECTION('',(0.0,0.0,1.0));
#13613=AXIS2_PLACEMENT_3D('',#13610,#13611,#13612);
#13614=PLANE('',#13613);
#13615=CARTESIAN_POINT('',(-153.639054140925050,-86.320840432906039,26.0));
#13616=VERTEX_POINT('',#13615);
#13617=CARTESIAN_POINT('',(-153.639054140925050,-88.570840432906039,26.0));
#13618=DIRECTION('',(0.0,1.0,0.0));
#13619=VECTOR('',#13618,2.250000000000000);
#13620=LINE('',#13617,#13619);
#13621=EDGE_CURVE('',#13585,#13616,#13620,.T.);
#13622=ORIENTED_EDGE('',*,*,#13621,.T.);
#13623=CARTESIAN_POINT('',(-153.639054140925050,-86.320840432906039,0.0));
#13624=VERTEX_POINT('',#13623);
#13625=CARTESIAN_POINT('',(-153.639054140925050,-86.320840432906039,0.0));
#13626=DIRECTION('',(0.0,0.0,1.0));
#13627=VECTOR('',#13626,26.0);
#13628=LINE('',#13625,#13627);
#13629=EDGE_CURVE('',#13624,#13616,#13628,.T.);
#13630=ORIENTED_EDGE('',*,*,#13629,.F.);
#13631=CARTESIAN_POINT('',(-153.639054140925050,-88.570840432906039,0.0));
#13632=DIRECTION('',(0.0,1.0,0.0));
#13633=VECTOR('',#13632,2.250000000000000);
#13634=LINE('',#13631,#13633);
#13635=EDGE_CURVE('',#13593,#13624,#13634,.T.);
#13636=ORIENTED_EDGE('',*,*,#13635,.F.);
#13637=ORIENTED_EDGE('',*,*,#13598,.T.);
#13638=EDGE_LOOP('',(#13622,#13630,#13636,#13637));
#13639=FACE_OUTER_BOUND('',#13638,.T.);
#13640=ADVANCED_FACE('',(#13639),#13614,.T.);
#13641=CARTESIAN_POINT('',(-153.639054140925050,-86.320840432906039,0.0));
#13642=DIRECTION('',(0.0,-1.0,0.0));
#13643=DIRECTION('',(0.0,0.0,-1.0));
#13644=AXIS2_PLACEMENT_3D('',#13641,#13642,#13643);
#13645=PLANE('',#13644);
#13646=CARTESIAN_POINT('',(-155.139054140925050,-86.320840432906039,26.0));
#13647=VERTEX_POINT('',#13646);
#13648=CARTESIAN_POINT('',(-153.639054140925050,-86.320840432906039,26.0));
#13649=DIRECTION('',(-1.0,0.0,0.0));
#13650=VECTOR('',#13649,1.500000000000000);
#13651=LINE('',#13648,#13650);
#13652=EDGE_CURVE('',#13616,#13647,#13651,.T.);
#13653=ORIENTED_EDGE('',*,*,#13652,.T.);
#13654=CARTESIAN_POINT('',(-155.139054140925050,-86.320840432906039,0.0));
#13655=VERTEX_POINT('',#13654);
#13656=CARTESIAN_POINT('',(-155.139054140925050,-86.320840432906039,0.0));
#13657=DIRECTION('',(0.0,0.0,1.0));
#13658=VECTOR('',#13657,26.0);
#13659=LINE('',#13656,#13658);
#13660=EDGE_CURVE('',#13655,#13647,#13659,.T.);
#13661=ORIENTED_EDGE('',*,*,#13660,.F.);
#13662=CARTESIAN_POINT('',(-153.639054140925050,-86.320840432906039,0.0));
#13663=DIRECTION('',(-1.0,0.0,0.0));
#13664=VECTOR('',#13663,1.500000000000000);
#13665=LINE('',#13662,#13664);
#13666=EDGE_CURVE('',#13624,#13655,#13665,.T.);
#13667=ORIENTED_EDGE('',*,*,#13666,.F.);
#13668=ORIENTED_EDGE('',*,*,#13629,.T.);
#13669=EDGE_LOOP('',(#13653,#13661,#13667,#13668));
#13670=FACE_OUTER_BOUND('',#13669,.T.);
#13671=ADVANCED_FACE('',(#13670),#13645,.T.);
#13672=CARTESIAN_POINT('',(-155.139054140925050,-86.320840432906039,0.0));
#13673=DIRECTION('',(1.0,0.0,0.0));
#13674=DIRECTION('',(0.0,0.0,-1.0));
#13675=AXIS2_PLACEMENT_3D('',#13672,#13673,#13674);
#13676=PLANE('',#13675);
#13677=CARTESIAN_POINT('',(-155.139054140925050,-88.570840432906039,26.0));
#13678=VERTEX_POINT('',#13677);
#13679=CARTESIAN_POINT('',(-155.139054140925050,-86.320840432906039,26.0));
#13680=DIRECTION('',(0.0,-1.0,0.0));
#13681=VECTOR('',#13680,2.250000000000000);
#13682=LINE('',#13679,#13681);
#13683=EDGE_CURVE('',#13647,#13678,#13682,.T.);
#13684=ORIENTED_EDGE('',*,*,#13683,.T.);
#13685=CARTESIAN_POINT('',(-155.139054140925050,-88.570840432906039,0.0));
#13686=VERTEX_POINT('',#13685);
#13687=CARTESIAN_POINT('',(-155.139054140925050,-88.570840432906039,0.0));
#13688=DIRECTION('',(0.0,0.0,1.0));
#13689=VECTOR('',#13688,26.0);
#13690=LINE('',#13687,#13689);
#13691=EDGE_CURVE('',#13686,#13678,#13690,.T.);
#13692=ORIENTED_EDGE('',*,*,#13691,.F.);
#13693=CARTESIAN_POINT('',(-155.139054140925050,-86.320840432906039,0.0));
#13694=DIRECTION('',(0.0,-1.0,0.0));
#13695=VECTOR('',#13694,2.250000000000000);
#13696=LINE('',#13693,#13695);
#13697=EDGE_CURVE('',#13655,#13686,#13696,.T.);
#13698=ORIENTED_EDGE('',*,*,#13697,.F.);
#13699=ORIENTED_EDGE('',*,*,#13660,.T.);
#13700=EDGE_LOOP('',(#13684,#13692,#13698,#13699));
#13701=FACE_OUTER_BOUND('',#13700,.T.);
#13702=ADVANCED_FACE('',(#13701),#13676,.T.);
#13703=CARTESIAN_POINT('',(-155.139054140925050,-88.570840432906039,0.0));
#13704=DIRECTION('',(0.0,-1.0,0.0));
#13705=DIRECTION('',(0.0,0.0,-1.0));
#13706=AXIS2_PLACEMENT_3D('',#13703,#13704,#13705);
#13707=PLANE('',#13706);
#13708=CARTESIAN_POINT('',(-156.639054140925050,-88.570840432906039,26.0));
#13709=VERTEX_POINT('',#13708);
#13710=CARTESIAN_POINT('',(-155.139054140925050,-88.570840432906039,26.0));
#13711=DIRECTION('',(-1.0,0.0,0.0));
#13712=VECTOR('',#13711,1.500000000000000);
#13713=LINE('',#13710,#13712);
#13714=EDGE_CURVE('',#13678,#13709,#13713,.T.);
#13715=ORIENTED_EDGE('',*,*,#13714,.T.);
#13716=CARTESIAN_POINT('',(-156.639054140925050,-88.570840432906039,0.0));
#13717=VERTEX_POINT('',#13716);
#13718=CARTESIAN_POINT('',(-156.639054140925050,-88.570840432906039,0.0));
#13719=DIRECTION('',(0.0,0.0,1.0));
#13720=VECTOR('',#13719,26.0);
#13721=LINE('',#13718,#13720);
#13722=EDGE_CURVE('',#13717,#13709,#13721,.T.);
#13723=ORIENTED_EDGE('',*,*,#13722,.F.);
#13724=CARTESIAN_POINT('',(-155.139054140925050,-88.570840432906039,0.0));
#13725=DIRECTION('',(-1.0,0.0,0.0));
#13726=VECTOR('',#13725,1.500000000000000);
#13727=LINE('',#13724,#13726);
#13728=EDGE_CURVE('',#13686,#13717,#13727,.T.);
#13729=ORIENTED_EDGE('',*,*,#13728,.F.);
#13730=ORIENTED_EDGE('',*,*,#13691,.T.);
#13731=EDGE_LOOP('',(#13715,#13723,#13729,#13730));
#13732=FACE_OUTER_BOUND('',#13731,.T.);
#13733=ADVANCED_FACE('',(#13732),#13707,.T.);
#13734=CARTESIAN_POINT('',(-156.639054140925050,-88.570840432906039,0.0));
#13735=DIRECTION('',(-1.0,0.0,0.0));
#13736=DIRECTION('',(0.0,0.0,1.0));
#13737=AXIS2_PLACEMENT_3D('',#13734,#13735,#13736);
#13738=PLANE('',#13737);
#13739=CARTESIAN_POINT('',(-156.639054140925050,-86.320840432906039,26.0));
#13740=VERTEX_POINT('',#13739);
#13741=CARTESIAN_POINT('',(-156.639054140925050,-88.570840432906039,26.0));
#13742=DIRECTION('',(0.0,1.0,0.0));
#13743=VECTOR('',#13742,2.250000000000000);
#13744=LINE('',#13741,#13743);
#13745=EDGE_CURVE('',#13709,#13740,#13744,.T.);
#13746=ORIENTED_EDGE('',*,*,#13745,.T.);
#13747=CARTESIAN_POINT('',(-156.639054140925050,-86.320840432906039,0.0));
#13748=VERTEX_POINT('',#13747);
#13749=CARTESIAN_POINT('',(-156.639054140925050,-86.320840432906039,0.0));
#13750=DIRECTION('',(0.0,0.0,1.0));
#13751=VECTOR('',#13750,26.0);
#13752=LINE('',#13749,#13751);
#13753=EDGE_CURVE('',#13748,#13740,#13752,.T.);
#13754=ORIENTED_EDGE('',*,*,#13753,.F.);
#13755=CARTESIAN_POINT('',(-156.639054140925050,-88.570840432906039,0.0));
#13756=DIRECTION('',(0.0,1.0,0.0));
#13757=VECTOR('',#13756,2.250000000000000);
#13758=LINE('',#13755,#13757);
#13759=EDGE_CURVE('',#13717,#13748,#13758,.T.);
#13760=ORIENTED_EDGE('',*,*,#13759,.F.);
#13761=ORIENTED_EDGE('',*,*,#13722,.T.);
#13762=EDGE_LOOP('',(#13746,#13754,#13760,#13761));
#13763=FACE_OUTER_BOUND('',#13762,.T.);
#13764=ADVANCED_FACE('',(#13763),#13738,.T.);
#13765=CARTESIAN_POINT('',(-156.639054140925050,-86.320840432906039,0.0));
#13766=DIRECTION('',(0.0,-1.0,0.0));
#13767=DIRECTION('',(0.0,0.0,-1.0));
#13768=AXIS2_PLACEMENT_3D('',#13765,#13766,#13767);
#13769=PLANE('',#13768);
#13770=CARTESIAN_POINT('',(-158.139054140925050,-86.320840432906039,26.0));
#13771=VERTEX_POINT('',#13770);
#13772=CARTESIAN_POINT('',(-156.639054140925050,-86.320840432906039,26.0));
#13773=DIRECTION('',(-1.0,0.0,0.0));
#13774=VECTOR('',#13773,1.500000000000000);
#13775=LINE('',#13772,#13774);
#13776=EDGE_CURVE('',#13740,#13771,#13775,.T.);
#13777=ORIENTED_EDGE('',*,*,#13776,.T.);
#13778=CARTESIAN_POINT('',(-158.139054140925050,-86.320840432906039,0.0));
#13779=VERTEX_POINT('',#13778);
#13780=CARTESIAN_POINT('',(-158.139054140925050,-86.320840432906039,0.0));
#13781=DIRECTION('',(0.0,0.0,1.0));
#13782=VECTOR('',#13781,26.0);
#13783=LINE('',#13780,#13782);
#13784=EDGE_CURVE('',#13779,#13771,#13783,.T.);
#13785=ORIENTED_EDGE('',*,*,#13784,.F.);
#13786=CARTESIAN_POINT('',(-156.639054140925050,-86.320840432906039,0.0));
#13787=DIRECTION('',(-1.0,0.0,0.0));
#13788=VECTOR('',#13787,1.500000000000000);
#13789=LINE('',#13786,#13788);
#13790=EDGE_CURVE('',#13748,#13779,#13789,.T.);
#13791=ORIENTED_EDGE('',*,*,#13790,.F.);
#13792=ORIENTED_EDGE('',*,*,#13753,.T.);
#13793=EDGE_LOOP('',(#13777,#13785,#13791,#13792));
#13794=FACE_OUTER_BOUND('',#13793,.T.);
#13795=ADVANCED_FACE('',(#13794),#13769,.T.);
#13796=CARTESIAN_POINT('',(-158.139054140925050,-86.320840432906039,0.0));
#13797=DIRECTION('',(1.0,0.0,0.0));
#13798=DIRECTION('',(0.0,0.0,-1.0));
#13799=AXIS2_PLACEMENT_3D('',#13796,#13797,#13798);
#13800=PLANE('',#13799);
#13801=CARTESIAN_POINT('',(-158.139054140925050,-88.570840432906039,26.0));
#13802=VERTEX_POINT('',#13801);
#13803=CARTESIAN_POINT('',(-158.139054140925050,-86.320840432906039,26.0));
#13804=DIRECTION('',(0.0,-1.0,0.0));
#13805=VECTOR('',#13804,2.250000000000000);
#13806=LINE('',#13803,#13805);
#13807=EDGE_CURVE('',#13771,#13802,#13806,.T.);
#13808=ORIENTED_EDGE('',*,*,#13807,.T.);
#13809=CARTESIAN_POINT('',(-158.139054140925050,-88.570840432906039,0.0));
#13810=VERTEX_POINT('',#13809);
#13811=CARTESIAN_POINT('',(-158.139054140925050,-88.570840432906039,0.0));
#13812=DIRECTION('',(0.0,0.0,1.0));
#13813=VECTOR('',#13812,26.0);
#13814=LINE('',#13811,#13813);
#13815=EDGE_CURVE('',#13810,#13802,#13814,.T.);
#13816=ORIENTED_EDGE('',*,*,#13815,.F.);
#13817=CARTESIAN_POINT('',(-158.139054140925050,-86.320840432906039,0.0));
#13818=DIRECTION('',(0.0,-1.0,0.0));
#13819=VECTOR('',#13818,2.250000000000000);
#13820=LINE('',#13817,#13819);
#13821=EDGE_CURVE('',#13779,#13810,#13820,.T.);
#13822=ORIENTED_EDGE('',*,*,#13821,.F.);
#13823=ORIENTED_EDGE('',*,*,#13784,.T.);
#13824=EDGE_LOOP('',(#13808,#13816,#13822,#13823));
#13825=FACE_OUTER_BOUND('',#13824,.T.);
#13826=ADVANCED_FACE('',(#13825),#13800,.T.);
#13827=CARTESIAN_POINT('',(-158.139054140925050,-88.570840432906039,0.0));
#13828=DIRECTION('',(0.0,-1.0,0.0));
#13829=DIRECTION('',(0.0,0.0,-1.0));
#13830=AXIS2_PLACEMENT_3D('',#13827,#13828,#13829);
#13831=PLANE('',#13830);
#13832=CARTESIAN_POINT('',(-159.639054140925050,-88.570840432906039,26.0));
#13833=VERTEX_POINT('',#13832);
#13834=CARTESIAN_POINT('',(-158.139054140925050,-88.570840432906039,26.0));
#13835=DIRECTION('',(-1.0,0.0,0.0));
#13836=VECTOR('',#13835,1.500000000000000);
#13837=LINE('',#13834,#13836);
#13838=EDGE_CURVE('',#13802,#13833,#13837,.T.);
#13839=ORIENTED_EDGE('',*,*,#13838,.T.);
#13840=CARTESIAN_POINT('',(-159.639054140925050,-88.570840432906039,0.0));
#13841=VERTEX_POINT('',#13840);
#13842=CARTESIAN_POINT('',(-159.639054140925050,-88.570840432906039,0.0));
#13843=DIRECTION('',(0.0,0.0,1.0));
#13844=VECTOR('',#13843,26.0);
#13845=LINE('',#13842,#13844);
#13846=EDGE_CURVE('',#13841,#13833,#13845,.T.);
#13847=ORIENTED_EDGE('',*,*,#13846,.F.);
#13848=CARTESIAN_POINT('',(-158.139054140925050,-88.570840432906039,0.0));
#13849=DIRECTION('',(-1.0,0.0,0.0));
#13850=VECTOR('',#13849,1.500000000000000);
#13851=LINE('',#13848,#13850);
#13852=EDGE_CURVE('',#13810,#13841,#13851,.T.);
#13853=ORIENTED_EDGE('',*,*,#13852,.F.);
#13854=ORIENTED_EDGE('',*,*,#13815,.T.);
#13855=EDGE_LOOP('',(#13839,#13847,#13853,#13854));
#13856=FACE_OUTER_BOUND('',#13855,.T.);
#13857=ADVANCED_FACE('',(#13856),#13831,.T.);
#13858=CARTESIAN_POINT('',(-159.639054140925050,-88.570840432906039,0.0));
#13859=DIRECTION('',(-1.0,0.0,0.0));
#13860=DIRECTION('',(0.0,0.0,1.0));
#13861=AXIS2_PLACEMENT_3D('',#13858,#13859,#13860);
#13862=PLANE('',#13861);
#13863=CARTESIAN_POINT('',(-159.639054140925050,-86.320840432906039,26.0));
#13864=VERTEX_POINT('',#13863);
#13865=CARTESIAN_POINT('',(-159.639054140925050,-88.570840432906039,26.0));
#13866=DIRECTION('',(0.0,1.0,0.0));
#13867=VECTOR('',#13866,2.250000000000000);
#13868=LINE('',#13865,#13867);
#13869=EDGE_CURVE('',#13833,#13864,#13868,.T.);
#13870=ORIENTED_EDGE('',*,*,#13869,.T.);
#13871=CARTESIAN_POINT('',(-159.639054140925050,-86.320840432906039,0.0));
#13872=VERTEX_POINT('',#13871);
#13873=CARTESIAN_POINT('',(-159.639054140925050,-86.320840432906039,0.0));
#13874=DIRECTION('',(0.0,0.0,1.0));
#13875=VECTOR('',#13874,26.0);
#13876=LINE('',#13873,#13875);
#13877=EDGE_CURVE('',#13872,#13864,#13876,.T.);
#13878=ORIENTED_EDGE('',*,*,#13877,.F.);
#13879=CARTESIAN_POINT('',(-159.639054140925050,-88.570840432906039,0.0));
#13880=DIRECTION('',(0.0,1.0,0.0));
#13881=VECTOR('',#13880,2.250000000000000);
#13882=LINE('',#13879,#13881);
#13883=EDGE_CURVE('',#13841,#13872,#13882,.T.);
#13884=ORIENTED_EDGE('',*,*,#13883,.F.);
#13885=ORIENTED_EDGE('',*,*,#13846,.T.);
#13886=EDGE_LOOP('',(#13870,#13878,#13884,#13885));
#13887=FACE_OUTER_BOUND('',#13886,.T.);
#13888=ADVANCED_FACE('',(#13887),#13862,.T.);
#13889=CARTESIAN_POINT('',(-159.639054140925050,-86.320840432906039,0.0));
#13890=DIRECTION('',(0.0,-1.0,0.0));
#13891=DIRECTION('',(0.0,0.0,-1.0));
#13892=AXIS2_PLACEMENT_3D('',#13889,#13890,#13891);
#13893=PLANE('',#13892);
#13894=CARTESIAN_POINT('',(-161.139054140925050,-86.320840432906039,26.0));
#13895=VERTEX_POINT('',#13894);
#13896=CARTESIAN_POINT('',(-159.639054140925050,-86.320840432906039,26.0));
#13897=DIRECTION('',(-1.0,0.0,0.0));
#13898=VECTOR('',#13897,1.500000000000000);
#13899=LINE('',#13896,#13898);
#13900=EDGE_CURVE('',#13864,#13895,#13899,.T.);
#13901=ORIENTED_EDGE('',*,*,#13900,.T.);
#13902=CARTESIAN_POINT('',(-161.139054140925050,-86.320840432906039,0.0));
#13903=VERTEX_POINT('',#13902);
#13904=CARTESIAN_POINT('',(-161.139054140925050,-86.320840432906039,0.0));
#13905=DIRECTION('',(0.0,0.0,1.0));
#13906=VECTOR('',#13905,26.0);
#13907=LINE('',#13904,#13906);
#13908=EDGE_CURVE('',#13903,#13895,#13907,.T.);
#13909=ORIENTED_EDGE('',*,*,#13908,.F.);
#13910=CARTESIAN_POINT('',(-159.639054140925050,-86.320840432906039,0.0));
#13911=DIRECTION('',(-1.0,0.0,0.0));
#13912=VECTOR('',#13911,1.500000000000000);
#13913=LINE('',#13910,#13912);
#13914=EDGE_CURVE('',#13872,#13903,#13913,.T.);
#13915=ORIENTED_EDGE('',*,*,#13914,.F.);
#13916=ORIENTED_EDGE('',*,*,#13877,.T.);
#13917=EDGE_LOOP('',(#13901,#13909,#13915,#13916));
#13918=FACE_OUTER_BOUND('',#13917,.T.);
#13919=ADVANCED_FACE('',(#13918),#13893,.T.);
#13920=CARTESIAN_POINT('',(-161.139054140925050,-86.320840432906039,0.0));
#13921=DIRECTION('',(1.0,0.0,0.0));
#13922=DIRECTION('',(0.0,0.0,-1.0));
#13923=AXIS2_PLACEMENT_3D('',#13920,#13921,#13922);
#13924=PLANE('',#13923);
#13925=CARTESIAN_POINT('',(-161.139054140925050,-88.570840432906039,26.0));
#13926=VERTEX_POINT('',#13925);
#13927=CARTESIAN_POINT('',(-161.139054140925050,-86.320840432906039,26.0));
#13928=DIRECTION('',(0.0,-1.0,0.0));
#13929=VECTOR('',#13928,2.250000000000000);
#13930=LINE('',#13927,#13929);
#13931=EDGE_CURVE('',#13895,#13926,#13930,.T.);
#13932=ORIENTED_EDGE('',*,*,#13931,.T.);
#13933=CARTESIAN_POINT('',(-161.139054140925050,-88.570840432906039,0.0));
#13934=VERTEX_POINT('',#13933);
#13935=CARTESIAN_POINT('',(-161.139054140925050,-88.570840432906039,0.0));
#13936=DIRECTION('',(0.0,0.0,1.0));
#13937=VECTOR('',#13936,26.0);
#13938=LINE('',#13935,#13937);
#13939=EDGE_CURVE('',#13934,#13926,#13938,.T.);
#13940=ORIENTED_EDGE('',*,*,#13939,.F.);
#13941=CARTESIAN_POINT('',(-161.139054140925050,-86.320840432906039,0.0));
#13942=DIRECTION('',(0.0,-1.0,0.0));
#13943=VECTOR('',#13942,2.250000000000000);
#13944=LINE('',#13941,#13943);
#13945=EDGE_CURVE('',#13903,#13934,#13944,.T.);
#13946=ORIENTED_EDGE('',*,*,#13945,.F.);
#13947=ORIENTED_EDGE('',*,*,#13908,.T.);
#13948=EDGE_LOOP('',(#13932,#13940,#13946,#13947));
#13949=FACE_OUTER_BOUND('',#13948,.T.);
#13950=ADVANCED_FACE('',(#13949),#13924,.T.);
#13951=CARTESIAN_POINT('',(-161.139054140925050,-88.570840432906039,0.0));
#13952=DIRECTION('',(0.0,-1.0,0.0));
#13953=DIRECTION('',(0.0,0.0,-1.0));
#13954=AXIS2_PLACEMENT_3D('',#13951,#13952,#13953);
#13955=PLANE('',#13954);
#13956=CARTESIAN_POINT('',(-162.639054140925050,-88.570840432906039,26.0));
#13957=VERTEX_POINT('',#13956);
#13958=CARTESIAN_POINT('',(-161.139054140925050,-88.570840432906039,26.0));
#13959=DIRECTION('',(-1.0,0.0,0.0));
#13960=VECTOR('',#13959,1.500000000000000);
#13961=LINE('',#13958,#13960);
#13962=EDGE_CURVE('',#13926,#13957,#13961,.T.);
#13963=ORIENTED_EDGE('',*,*,#13962,.T.);
#13964=CARTESIAN_POINT('',(-162.639054140925050,-88.570840432906039,0.0));
#13965=VERTEX_POINT('',#13964);
#13966=CARTESIAN_POINT('',(-162.639054140925050,-88.570840432906039,0.0));
#13967=DIRECTION('',(0.0,0.0,1.0));
#13968=VECTOR('',#13967,26.0);
#13969=LINE('',#13966,#13968);
#13970=EDGE_CURVE('',#13965,#13957,#13969,.T.);
#13971=ORIENTED_EDGE('',*,*,#13970,.F.);
#13972=CARTESIAN_POINT('',(-161.139054140925050,-88.570840432906039,0.0));
#13973=DIRECTION('',(-1.0,0.0,0.0));
#13974=VECTOR('',#13973,1.500000000000000);
#13975=LINE('',#13972,#13974);
#13976=EDGE_CURVE('',#13934,#13965,#13975,.T.);
#13977=ORIENTED_EDGE('',*,*,#13976,.F.);
#13978=ORIENTED_EDGE('',*,*,#13939,.T.);
#13979=EDGE_LOOP('',(#13963,#13971,#13977,#13978));
#13980=FACE_OUTER_BOUND('',#13979,.T.);
#13981=ADVANCED_FACE('',(#13980),#13955,.T.);
#13982=CARTESIAN_POINT('',(-162.639054140925050,-88.570840432906039,0.0));
#13983=DIRECTION('',(-1.0,0.0,0.0));
#13984=DIRECTION('',(0.0,0.0,1.0));
#13985=AXIS2_PLACEMENT_3D('',#13982,#13983,#13984);
#13986=PLANE('',#13985);
#13987=CARTESIAN_POINT('',(-162.639054140925050,-86.320840432906039,26.0));
#13988=VERTEX_POINT('',#13987);
#13989=CARTESIAN_POINT('',(-162.639054140925050,-88.570840432906039,26.0));
#13990=DIRECTION('',(0.0,1.0,0.0));
#13991=VECTOR('',#13990,2.250000000000000);
#13992=LINE('',#13989,#13991);
#13993=EDGE_CURVE('',#13957,#13988,#13992,.T.);
#13994=ORIENTED_EDGE('',*,*,#13993,.T.);
#13995=CARTESIAN_POINT('',(-162.639054140925050,-86.320840432906039,0.0));
#13996=VERTEX_POINT('',#13995);
#13997=CARTESIAN_POINT('',(-162.639054140925050,-86.320840432906039,0.0));
#13998=DIRECTION('',(0.0,0.0,1.0));
#13999=VECTOR('',#13998,26.0);
#14000=LINE('',#13997,#13999);
#14001=EDGE_CURVE('',#13996,#13988,#14000,.T.);
#14002=ORIENTED_EDGE('',*,*,#14001,.F.);
#14003=CARTESIAN_POINT('',(-162.639054140925050,-88.570840432906039,0.0));
#14004=DIRECTION('',(0.0,1.0,0.0));
#14005=VECTOR('',#14004,2.250000000000000);
#14006=LINE('',#14003,#14005);
#14007=EDGE_CURVE('',#13965,#13996,#14006,.T.);
#14008=ORIENTED_EDGE('',*,*,#14007,.F.);
#14009=ORIENTED_EDGE('',*,*,#13970,.T.);
#14010=EDGE_LOOP('',(#13994,#14002,#14008,#14009));
#14011=FACE_OUTER_BOUND('',#14010,.T.);
#14012=ADVANCED_FACE('',(#14011),#13986,.T.);
#14013=CARTESIAN_POINT('',(-162.639054140925050,-86.320840432906039,0.0));
#14014=DIRECTION('',(0.0,-1.0,0.0));
#14015=DIRECTION('',(0.0,0.0,-1.0));
#14016=AXIS2_PLACEMENT_3D('',#14013,#14014,#14015);
#14017=PLANE('',#14016);
#14018=CARTESIAN_POINT('',(-164.139054140925080,-86.320840432906039,26.0));
#14019=VERTEX_POINT('',#14018);
#14020=CARTESIAN_POINT('',(-162.639054140925050,-86.320840432906039,26.0));
#14021=DIRECTION('',(-1.0,0.0,0.0));
#14022=VECTOR('',#14021,1.500000000000028);
#14023=LINE('',#14020,#14022);
#14024=EDGE_CURVE('',#13988,#14019,#14023,.T.);
#14025=ORIENTED_EDGE('',*,*,#14024,.T.);
#14026=CARTESIAN_POINT('',(-164.139054140925080,-86.320840432906039,0.0));
#14027=VERTEX_POINT('',#14026);
#14028=CARTESIAN_POINT('',(-164.139054140925080,-86.320840432906039,0.0));
#14029=DIRECTION('',(0.0,0.0,1.0));
#14030=VECTOR('',#14029,26.0);
#14031=LINE('',#14028,#14030);
#14032=EDGE_CURVE('',#14027,#14019,#14031,.T.);
#14033=ORIENTED_EDGE('',*,*,#14032,.F.);
#14034=CARTESIAN_POINT('',(-162.639054140925050,-86.320840432906039,0.0));
#14035=DIRECTION('',(-1.0,0.0,0.0));
#14036=VECTOR('',#14035,1.500000000000028);
#14037=LINE('',#14034,#14036);
#14038=EDGE_CURVE('',#13996,#14027,#14037,.T.);
#14039=ORIENTED_EDGE('',*,*,#14038,.F.);
#14040=ORIENTED_EDGE('',*,*,#14001,.T.);
#14041=EDGE_LOOP('',(#14025,#14033,#14039,#14040));
#14042=FACE_OUTER_BOUND('',#14041,.T.);
#14043=ADVANCED_FACE('',(#14042),#14017,.T.);
#14044=CARTESIAN_POINT('',(-164.139054140925080,-86.320840432906039,0.0));
#14045=DIRECTION('',(1.0,0.0,0.0));
#14046=DIRECTION('',(0.0,0.0,-1.0));
#14047=AXIS2_PLACEMENT_3D('',#14044,#14045,#14046);
#14048=PLANE('',#14047);
#14049=CARTESIAN_POINT('',(-164.139054140925080,-88.570840432906039,26.0));
#14050=VERTEX_POINT('',#14049);
#14051=CARTESIAN_POINT('',(-164.139054140925080,-86.320840432906039,26.0));
#14052=DIRECTION('',(0.0,-1.0,0.0));
#14053=VECTOR('',#14052,2.250000000000000);
#14054=LINE('',#14051,#14053);
#14055=EDGE_CURVE('',#14019,#14050,#14054,.T.);
#14056=ORIENTED_EDGE('',*,*,#14055,.T.);
#14057=CARTESIAN_POINT('',(-164.139054140925080,-88.570840432906039,0.0));
#14058=VERTEX_POINT('',#14057);
#14059=CARTESIAN_POINT('',(-164.139054140925080,-88.570840432906039,0.0));
#14060=DIRECTION('',(0.0,0.0,1.0));
#14061=VECTOR('',#14060,26.0);
#14062=LINE('',#14059,#14061);
#14063=EDGE_CURVE('',#14058,#14050,#14062,.T.);
#14064=ORIENTED_EDGE('',*,*,#14063,.F.);
#14065=CARTESIAN_POINT('',(-164.139054140925080,-86.320840432906039,0.0));
#14066=DIRECTION('',(0.0,-1.0,0.0));
#14067=VECTOR('',#14066,2.250000000000000);
#14068=LINE('',#14065,#14067);
#14069=EDGE_CURVE('',#14027,#14058,#14068,.T.);
#14070=ORIENTED_EDGE('',*,*,#14069,.F.);
#14071=ORIENTED_EDGE('',*,*,#14032,.T.);
#14072=EDGE_LOOP('',(#14056,#14064,#14070,#14071));
#14073=FACE_OUTER_BOUND('',#14072,.T.);
#14074=ADVANCED_FACE('',(#14073),#14048,.T.);
#14075=CARTESIAN_POINT('',(-164.139054140925080,-88.570840432906039,0.0));
#14076=DIRECTION('',(0.0,-1.0,0.0));
#14077=DIRECTION('',(0.0,0.0,-1.0));
#14078=AXIS2_PLACEMENT_3D('',#14075,#14076,#14077);
#14079=PLANE('',#14078);
#14080=CARTESIAN_POINT('',(-165.639054140925140,-88.570840432906039,26.0));
#14081=VERTEX_POINT('',#14080);
#14082=CARTESIAN_POINT('',(-164.139054140925080,-88.570840432906039,26.0));
#14083=DIRECTION('',(-1.0,0.0,0.0));
#14084=VECTOR('',#14083,1.500000000000057);
#14085=LINE('',#14082,#14084);
#14086=EDGE_CURVE('',#14050,#14081,#14085,.T.);
#14087=ORIENTED_EDGE('',*,*,#14086,.T.);
#14088=CARTESIAN_POINT('',(-165.639054140925140,-88.570840432906039,0.0));
#14089=VERTEX_POINT('',#14088);
#14090=CARTESIAN_POINT('',(-165.639054140925140,-88.570840432906039,0.0));
#14091=DIRECTION('',(0.0,0.0,1.0));
#14092=VECTOR('',#14091,26.0);
#14093=LINE('',#14090,#14092);
#14094=EDGE_CURVE('',#14089,#14081,#14093,.T.);
#14095=ORIENTED_EDGE('',*,*,#14094,.F.);
#14096=CARTESIAN_POINT('',(-164.139054140925080,-88.570840432906039,0.0));
#14097=DIRECTION('',(-1.0,0.0,0.0));
#14098=VECTOR('',#14097,1.500000000000057);
#14099=LINE('',#14096,#14098);
#14100=EDGE_CURVE('',#14058,#14089,#14099,.T.);
#14101=ORIENTED_EDGE('',*,*,#14100,.F.);
#14102=ORIENTED_EDGE('',*,*,#14063,.T.);
#14103=EDGE_LOOP('',(#14087,#14095,#14101,#14102));
#14104=FACE_OUTER_BOUND('',#14103,.T.);
#14105=ADVANCED_FACE('',(#14104),#14079,.T.);
#14106=CARTESIAN_POINT('',(-165.639054140925140,-88.570840432906039,0.0));
#14107=DIRECTION('',(-1.0,0.0,0.0));
#14108=DIRECTION('',(0.0,0.0,1.0));
#14109=AXIS2_PLACEMENT_3D('',#14106,#14107,#14108);
#14110=PLANE('',#14109);
#14111=CARTESIAN_POINT('',(-165.639054140925050,-86.818334151459339,26.0));
#14112=VERTEX_POINT('',#14111);
#14113=CARTESIAN_POINT('',(-165.639054140925140,-88.570840432906039,26.0));
#14114=DIRECTION('',(0.0,1.0,0.0));
#14115=VECTOR('',#14114,1.752506281446685);
#14116=LINE('',#14113,#14115);
#14117=EDGE_CURVE('',#14081,#14112,#14116,.T.);
#14118=ORIENTED_EDGE('',*,*,#14117,.T.);
#14119=CARTESIAN_POINT('',(-165.639054140925050,-86.818334151459339,0.0));
#14120=VERTEX_POINT('',#14119);
#14121=CARTESIAN_POINT('',(-165.639054140925050,-86.818334151459339,0.0));
#14122=DIRECTION('',(0.0,0.0,1.0));
#14123=VECTOR('',#14122,26.0);
#14124=LINE('',#14121,#14123);
#14125=EDGE_CURVE('',#14120,#14112,#14124,.T.);
#14126=ORIENTED_EDGE('',*,*,#14125,.F.);
#14127=CARTESIAN_POINT('',(-165.639054140925140,-88.570840432906039,0.0));
#14128=DIRECTION('',(0.0,1.0,0.0));
#14129=VECTOR('',#14128,1.752506281446685);
#14130=LINE('',#14127,#14129);
#14131=EDGE_CURVE('',#14089,#14120,#14130,.T.);
#14132=ORIENTED_EDGE('',*,*,#14131,.F.);
#14133=ORIENTED_EDGE('',*,*,#14094,.T.);
#14134=EDGE_LOOP('',(#14118,#14126,#14132,#14133));
#14135=FACE_OUTER_BOUND('',#14134,.T.);
#14136=ADVANCED_FACE('',(#14135),#14110,.T.);
#14137=CARTESIAN_POINT('',(-166.389054140925050,-86.320840432906039,0.0));
#14138=DIRECTION('',(0.0,0.0,1.0));
#14139=DIRECTION('',(0.833333333333332,-0.552770798392569,0.0));
#14140=AXIS2_PLACEMENT_3D('',#14137,#14138,#14139);
#14141=CYLINDRICAL_SURFACE('',#14140,0.900000000000000);
#14142=CARTESIAN_POINT('',(-167.139054140925050,-86.818334151459339,26.0));
#14143=VERTEX_POINT('',#14142);
#14144=CARTESIAN_POINT('',(-166.389054140925050,-86.320840432906039,26.0));
#14145=DIRECTION('',(0.0,0.0,1.0));
#14146=DIRECTION('',(0.833333333333332,-0.552770798392569,0.0));
#14147=AXIS2_PLACEMENT_3D('',#14144,#14145,#14146);
#14148=CIRCLE('',#14147,0.900000000000000);
#14149=EDGE_CURVE('',#14112,#14143,#14148,.T.);
#14150=ORIENTED_EDGE('',*,*,#14149,.T.);
#14151=CARTESIAN_POINT('',(-167.139054140925050,-86.818334151459339,0.0));
#14152=VERTEX_POINT('',#14151);
#14153=CARTESIAN_POINT('',(-167.139054140925050,-86.818334151459339,0.0));
#14154=DIRECTION('',(0.0,0.0,1.0));
#14155=VECTOR('',#14154,26.0);
#14156=LINE('',#14153,#14155);
#14157=EDGE_CURVE('',#14152,#14143,#14156,.T.);
#14158=ORIENTED_EDGE('',*,*,#14157,.F.);
#14159=CARTESIAN_POINT('',(-166.389054140925050,-86.320840432906039,0.0));
#14160=DIRECTION('',(0.0,0.0,1.0));
#14161=DIRECTION('',(0.833333333333332,-0.552770798392569,0.0));
#14162=AXIS2_PLACEMENT_3D('',#14159,#14160,#14161);
#14163=CIRCLE('',#14162,0.900000000000000);
#14164=EDGE_CURVE('',#14120,#14152,#14163,.T.);
#14165=ORIENTED_EDGE('',*,*,#14164,.F.);
#14166=ORIENTED_EDGE('',*,*,#14125,.T.);
#14167=EDGE_LOOP('',(#14150,#14158,#14165,#14166));
#14168=FACE_OUTER_BOUND('',#14167,.T.);
#14169=ADVANCED_FACE('',(#14168),#14141,.F.);
#14170=CARTESIAN_POINT('',(-167.139054140925050,-86.818334151459339,0.0));
#14171=DIRECTION('',(1.0,0.0,0.0));
#14172=DIRECTION('',(0.0,0.0,-1.0));
#14173=AXIS2_PLACEMENT_3D('',#14170,#14171,#14172);
#14174=PLANE('',#14173);
#14175=CARTESIAN_POINT('',(-167.139054140925050,-88.570840432906039,26.0));
#14176=VERTEX_POINT('',#14175);
#14177=CARTESIAN_POINT('',(-167.139054140925050,-86.818334151459339,26.0));
#14178=DIRECTION('',(0.0,-1.0,0.0));
#14179=VECTOR('',#14178,1.752506281446685);
#14180=LINE('',#14177,#14179);
#14181=EDGE_CURVE('',#14143,#14176,#14180,.T.);
#14182=ORIENTED_EDGE('',*,*,#14181,.T.);
#14183=CARTESIAN_POINT('',(-167.139054140925050,-88.570840432906039,0.0));
#14184=VERTEX_POINT('',#14183);
#14185=CARTESIAN_POINT('',(-167.139054140925050,-88.570840432906039,0.0));
#14186=DIRECTION('',(0.0,0.0,1.0));
#14187=VECTOR('',#14186,26.0);
#14188=LINE('',#14185,#14187);
#14189=EDGE_CURVE('',#14184,#14176,#14188,.T.);
#14190=ORIENTED_EDGE('',*,*,#14189,.F.);
#14191=CARTESIAN_POINT('',(-167.139054140925050,-86.818334151459339,0.0));
#14192=DIRECTION('',(0.0,-1.0,0.0));
#14193=VECTOR('',#14192,1.752506281446685);
#14194=LINE('',#14191,#14193);
#14195=EDGE_CURVE('',#14152,#14184,#14194,.T.);
#14196=ORIENTED_EDGE('',*,*,#14195,.F.);
#14197=ORIENTED_EDGE('',*,*,#14157,.T.);
#14198=EDGE_LOOP('',(#14182,#14190,#14196,#14197));
#14199=FACE_OUTER_BOUND('',#14198,.T.);
#14200=ADVANCED_FACE('',(#14199),#14174,.T.);
#14201=CARTESIAN_POINT('',(-167.139054140925050,-88.570840432906039,0.0));
#14202=DIRECTION('',(0.0,-1.0,0.0));
#14203=DIRECTION('',(0.0,0.0,-1.0));
#14204=AXIS2_PLACEMENT_3D('',#14201,#14202,#14203);
#14205=PLANE('',#14204);
#14206=CARTESIAN_POINT('',(-168.639054140925050,-88.570840432906039,26.0));
#14207=VERTEX_POINT('',#14206);
#14208=CARTESIAN_POINT('',(-167.139054140925050,-88.570840432906039,26.0));
#14209=DIRECTION('',(-1.0,0.0,0.0));
#14210=VECTOR('',#14209,1.500000000000028);
#14211=LINE('',#14208,#14210);
#14212=EDGE_CURVE('',#14176,#14207,#14211,.T.);
#14213=ORIENTED_EDGE('',*,*,#14212,.T.);
#14214=CARTESIAN_POINT('',(-168.639054140925050,-88.570840432906039,0.0));
#14215=VERTEX_POINT('',#14214);
#14216=CARTESIAN_POINT('',(-168.639054140925050,-88.570840432906039,0.0));
#14217=DIRECTION('',(0.0,0.0,1.0));
#14218=VECTOR('',#14217,26.0);
#14219=LINE('',#14216,#14218);
#14220=EDGE_CURVE('',#14215,#14207,#14219,.T.);
#14221=ORIENTED_EDGE('',*,*,#14220,.F.);
#14222=CARTESIAN_POINT('',(-167.139054140925050,-88.570840432906039,0.0));
#14223=DIRECTION('',(-1.0,0.0,0.0));
#14224=VECTOR('',#14223,1.500000000000028);
#14225=LINE('',#14222,#14224);
#14226=EDGE_CURVE('',#14184,#14215,#14225,.T.);
#14227=ORIENTED_EDGE('',*,*,#14226,.F.);
#14228=ORIENTED_EDGE('',*,*,#14189,.T.);
#14229=EDGE_LOOP('',(#14213,#14221,#14227,#14228));
#14230=FACE_OUTER_BOUND('',#14229,.T.);
#14231=ADVANCED_FACE('',(#14230),#14205,.T.);
#14232=CARTESIAN_POINT('',(-168.639054140925050,-88.570840432906039,0.0));
#14233=DIRECTION('',(-1.0,0.0,0.0));
#14234=DIRECTION('',(0.0,0.0,1.0));
#14235=AXIS2_PLACEMENT_3D('',#14232,#14233,#14234);
#14236=PLANE('',#14235);
#14237=CARTESIAN_POINT('',(-168.639054140925050,-84.320840432906039,26.0));
#14238=VERTEX_POINT('',#14237);
#14239=CARTESIAN_POINT('',(-168.639054140925050,-88.570840432906039,26.0));
#14240=DIRECTION('',(0.0,1.0,0.0));
#14241=VECTOR('',#14240,4.249999999999986);
#14242=LINE('',#14239,#14241);
#14243=EDGE_CURVE('',#14207,#14238,#14242,.T.);
#14244=ORIENTED_EDGE('',*,*,#14243,.T.);
#14245=CARTESIAN_POINT('',(-168.639054140925050,-84.320840432906039,0.0));
#14246=VERTEX_POINT('',#14245);
#14247=CARTESIAN_POINT('',(-168.639054140925050,-84.320840432906039,0.0));
#14248=DIRECTION('',(0.0,0.0,1.0));
#14249=VECTOR('',#14248,26.0);
#14250=LINE('',#14247,#14249);
#14251=EDGE_CURVE('',#14246,#14238,#14250,.T.);
#14252=ORIENTED_EDGE('',*,*,#14251,.F.);
#14253=CARTESIAN_POINT('',(-168.639054140925050,-88.570840432906039,0.0));
#14254=DIRECTION('',(0.0,1.0,0.0));
#14255=VECTOR('',#14254,4.249999999999986);
#14256=LINE('',#14253,#14255);
#14257=EDGE_CURVE('',#14215,#14246,#14256,.T.);
#14258=ORIENTED_EDGE('',*,*,#14257,.F.);
#14259=ORIENTED_EDGE('',*,*,#14220,.T.);
#14260=EDGE_LOOP('',(#14244,#14252,#14258,#14259));
#14261=FACE_OUTER_BOUND('',#14260,.T.);
#14262=ADVANCED_FACE('',(#14261),#14236,.T.);
#14263=CARTESIAN_POINT('',(-168.639054140925050,-84.320840432906039,0.0));
#14264=DIRECTION('',(0.0,1.0,0.0));
#14265=DIRECTION('',(0.0,0.0,1.0));
#14266=AXIS2_PLACEMENT_3D('',#14263,#14264,#14265);
#14267=PLANE('',#14266);
#14268=CARTESIAN_POINT('',(-154.139054140925050,-84.320840432906039,26.0));
#14269=VERTEX_POINT('',#14268);
#14270=CARTESIAN_POINT('',(-168.639054140925050,-84.320840432906039,26.0));
#14271=DIRECTION('',(1.0,0.0,0.0));
#14272=VECTOR('',#14271,14.500000000000000);
#14273=LINE('',#14270,#14272);
#14274=EDGE_CURVE('',#14238,#14269,#14273,.T.);
#14275=ORIENTED_EDGE('',*,*,#14274,.T.);
#14276=CARTESIAN_POINT('',(-154.139054140925050,-84.320840432906039,0.0));
#14277=VERTEX_POINT('',#14276);
#14278=CARTESIAN_POINT('',(-154.139054140925050,-84.320840432906039,0.0));
#14279=DIRECTION('',(0.0,0.0,1.0));
#14280=VECTOR('',#14279,26.0);
#14281=LINE('',#14278,#14280);
#14282=EDGE_CURVE('',#14277,#14269,#14281,.T.);
#14283=ORIENTED_EDGE('',*,*,#14282,.F.);
#14284=CARTESIAN_POINT('',(-168.639054140925050,-84.320840432906039,0.0));
#14285=DIRECTION('',(1.0,0.0,0.0));
#14286=VECTOR('',#14285,14.500000000000000);
#14287=LINE('',#14284,#14286);
#14288=EDGE_CURVE('',#14246,#14277,#14287,.T.);
#14289=ORIENTED_EDGE('',*,*,#14288,.F.);
#14290=ORIENTED_EDGE('',*,*,#14251,.T.);
#14291=EDGE_LOOP('',(#14275,#14283,#14289,#14290));
#14292=FACE_OUTER_BOUND('',#14291,.T.);
#14293=ADVANCED_FACE('',(#14292),#14267,.T.);
#14294=CARTESIAN_POINT('',(-154.139054140925050,-83.820840432906039,0.0));
#14295=DIRECTION('',(0.0,0.0,1.0));
#14296=DIRECTION('',(0.0,-1.0,0.0));
#14297=AXIS2_PLACEMENT_3D('',#14294,#14295,#14296);
#14298=CYLINDRICAL_SURFACE('',#14297,0.500000000000000);
#14299=CARTESIAN_POINT('',(-153.639054140925050,-83.820840432906039,26.0));
#14300=VERTEX_POINT('',#14299);
#14301=CARTESIAN_POINT('',(-154.139054140925050,-83.820840432906039,26.0));
#14302=DIRECTION('',(0.0,0.0,1.0));
#14303=DIRECTION('',(0.0,-1.0,0.0));
#14304=AXIS2_PLACEMENT_3D('',#14301,#14302,#14303);
#14305=CIRCLE('',#14304,0.500000000000000);
#14306=EDGE_CURVE('',#14269,#14300,#14305,.T.);
#14307=ORIENTED_EDGE('',*,*,#14306,.T.);
#14308=CARTESIAN_POINT('',(-153.639054140925050,-83.820840432906039,0.0));
#14309=VERTEX_POINT('',#14308);
#14310=CARTESIAN_POINT('',(-153.639054140925050,-83.820840432906039,0.0));
#14311=DIRECTION('',(0.0,0.0,1.0));
#14312=VECTOR('',#14311,26.0);
#14313=LINE('',#14310,#14312);
#14314=EDGE_CURVE('',#14309,#14300,#14313,.T.);
#14315=ORIENTED_EDGE('',*,*,#14314,.F.);
#14316=CARTESIAN_POINT('',(-154.139054140925050,-83.820840432906039,0.0));
#14317=DIRECTION('',(0.0,0.0,1.0));
#14318=DIRECTION('',(0.0,-1.0,0.0));
#14319=AXIS2_PLACEMENT_3D('',#14316,#14317,#14318);
#14320=CIRCLE('',#14319,0.500000000000000);
#14321=EDGE_CURVE('',#14277,#14309,#14320,.T.);
#14322=ORIENTED_EDGE('',*,*,#14321,.F.);
#14323=ORIENTED_EDGE('',*,*,#14282,.T.);
#14324=EDGE_LOOP('',(#14307,#14315,#14322,#14323));
#14325=FACE_OUTER_BOUND('',#14324,.T.);
#14326=ADVANCED_FACE('',(#14325),#14298,.F.);
#14327=CARTESIAN_POINT('',(-153.639054140925050,-83.820840432906039,0.0));
#14328=DIRECTION('',(-1.0,0.0,0.0));
#14329=DIRECTION('',(0.0,0.0,1.0));
#14330=AXIS2_PLACEMENT_3D('',#14327,#14328,#14329);
#14331=PLANE('',#14330);
#14332=CARTESIAN_POINT('',(-153.639054140925050,-72.820840432906039,26.0));
#14333=VERTEX_POINT('',#14332);
#14334=CARTESIAN_POINT('',(-153.639054140925050,-83.820840432906039,26.0));
#14335=DIRECTION('',(0.0,1.0,0.0));
#14336=VECTOR('',#14335,11.0);
#14337=LINE('',#14334,#14336);
#14338=EDGE_CURVE('',#14300,#14333,#14337,.T.);
#14339=ORIENTED_EDGE('',*,*,#14338,.T.);
#14340=CARTESIAN_POINT('',(-153.639054140925050,-72.820840432906039,0.0));
#14341=VERTEX_POINT('',#14340);
#14342=CARTESIAN_POINT('',(-153.639054140925050,-72.820840432906039,0.0));
#14343=DIRECTION('',(0.0,0.0,1.0));
#14344=VECTOR('',#14343,26.0);
#14345=LINE('',#14342,#14344);
#14346=EDGE_CURVE('',#14341,#14333,#14345,.T.);
#14347=ORIENTED_EDGE('',*,*,#14346,.F.);
#14348=CARTESIAN_POINT('',(-153.639054140925050,-83.820840432906039,0.0));
#14349=DIRECTION('',(0.0,1.0,0.0));
#14350=VECTOR('',#14349,11.0);
#14351=LINE('',#14348,#14350);
#14352=EDGE_CURVE('',#14309,#14341,#14351,.T.);
#14353=ORIENTED_EDGE('',*,*,#14352,.F.);
#14354=ORIENTED_EDGE('',*,*,#14314,.T.);
#14355=EDGE_LOOP('',(#14339,#14347,#14353,#14354));
#14356=FACE_OUTER_BOUND('',#14355,.T.);
#14357=ORIENTED_EDGE('',*,*,#12946,.T.);
#14358=EDGE_LOOP('',(#14357));
#14359=FACE_BOUND('',#14358,.T.);
#14360=ADVANCED_FACE('',(#14356,#14359),#14331,.T.);
#14361=CARTESIAN_POINT('',(-154.139054140925050,-72.820840432906039,0.0));
#14362=DIRECTION('',(0.0,0.0,1.0));
#14363=DIRECTION('',(1.0,0.0,0.0));
#14364=AXIS2_PLACEMENT_3D('',#14361,#14362,#14363);
#14365=CYLINDRICAL_SURFACE('',#14364,0.500000000000000);
#14366=CARTESIAN_POINT('',(-154.139054140925050,-72.320840432906039,26.0));
#14367=VERTEX_POINT('',#14366);
#14368=CARTESIAN_POINT('',(-154.139054140925050,-72.820840432906039,26.0));
#14369=DIRECTION('',(0.0,0.0,1.0));
#14370=DIRECTION('',(1.0,0.0,0.0));
#14371=AXIS2_PLACEMENT_3D('',#14368,#14369,#14370);
#14372=CIRCLE('',#14371,0.500000000000000);
#14373=EDGE_CURVE('',#14333,#14367,#14372,.T.);
#14374=ORIENTED_EDGE('',*,*,#14373,.T.);
#14375=CARTESIAN_POINT('',(-154.139054140925050,-72.320840432906039,0.0));
#14376=VERTEX_POINT('',#14375);
#14377=CARTESIAN_POINT('',(-154.139054140925050,-72.320840432906039,0.0));
#14378=DIRECTION('',(0.0,0.0,1.0));
#14379=VECTOR('',#14378,26.0);
#14380=LINE('',#14377,#14379);
#14381=EDGE_CURVE('',#14376,#14367,#14380,.T.);
#14382=ORIENTED_EDGE('',*,*,#14381,.F.);
#14383=CARTESIAN_POINT('',(-154.139054140925050,-72.820840432906039,0.0));
#14384=DIRECTION('',(0.0,0.0,1.0));
#14385=DIRECTION('',(1.0,0.0,0.0));
#14386=AXIS2_PLACEMENT_3D('',#14383,#14384,#14385);
#14387=CIRCLE('',#14386,0.500000000000000);
#14388=EDGE_CURVE('',#14341,#14376,#14387,.T.);
#14389=ORIENTED_EDGE('',*,*,#14388,.F.);
#14390=ORIENTED_EDGE('',*,*,#14346,.T.);
#14391=EDGE_LOOP('',(#14374,#14382,#14389,#14390));
#14392=FACE_OUTER_BOUND('',#14391,.T.);
#14393=ADVANCED_FACE('',(#14392),#14365,.F.);
#14394=CARTESIAN_POINT('',(-154.139054140925050,-72.320840432906039,0.0));
#14395=DIRECTION('',(0.0,-1.0,0.0));
#14396=DIRECTION('',(0.0,0.0,-1.0));
#14397=AXIS2_PLACEMENT_3D('',#14394,#14395,#14396);
#14398=PLANE('',#14397);
#14399=CARTESIAN_POINT('',(-166.139054140925050,-72.320840432906039,26.0));
#14400=VERTEX_POINT('',#14399);
#14401=CARTESIAN_POINT('',(-154.139054140925050,-72.320840432906039,26.0));
#14402=DIRECTION('',(-1.0,0.0,0.0));
#14403=VECTOR('',#14402,12.0);
#14404=LINE('',#14401,#14403);
#14405=EDGE_CURVE('',#14367,#14400,#14404,.T.);
#14406=ORIENTED_EDGE('',*,*,#14405,.T.);
#14407=CARTESIAN_POINT('',(-166.139054140925050,-72.320840432906039,0.0));
#14408=VERTEX_POINT('',#14407);
#14409=CARTESIAN_POINT('',(-166.139054140925050,-72.320840432906039,0.0));
#14410=DIRECTION('',(0.0,0.0,1.0));
#14411=VECTOR('',#14410,26.0);
#14412=LINE('',#14409,#14411);
#14413=EDGE_CURVE('',#14408,#14400,#14412,.T.);
#14414=ORIENTED_EDGE('',*,*,#14413,.F.);
#14415=CARTESIAN_POINT('',(-154.139054140925050,-72.320840432906039,0.0));
#14416=DIRECTION('',(-1.0,0.0,0.0));
#14417=VECTOR('',#14416,12.0);
#14418=LINE('',#14415,#14417);
#14419=EDGE_CURVE('',#14376,#14408,#14418,.T.);
#14420=ORIENTED_EDGE('',*,*,#14419,.F.);
#14421=ORIENTED_EDGE('',*,*,#14381,.T.);
#14422=EDGE_LOOP('',(#14406,#14414,#14420,#14421));
#14423=FACE_OUTER_BOUND('',#14422,.T.);
#14424=ADVANCED_FACE('',(#14423),#14398,.T.);
#14425=CARTESIAN_POINT('',(-166.139054140925050,-72.320840432906039,0.0));
#14426=DIRECTION('',(-1.0,0.0,0.0));
#14427=DIRECTION('',(0.0,0.0,1.0));
#14428=AXIS2_PLACEMENT_3D('',#14425,#14426,#14427);
#14429=PLANE('',#14428);
#14430=CARTESIAN_POINT('',(-166.139054140925050,-70.820840432906039,26.0));
#14431=VERTEX_POINT('',#14430);
#14432=CARTESIAN_POINT('',(-166.139054140925050,-72.320840432906039,26.0));
#14433=DIRECTION('',(0.0,1.0,0.0));
#14434=VECTOR('',#14433,1.500000000000000);
#14435=LINE('',#14432,#14434);
#14436=EDGE_CURVE('',#14400,#14431,#14435,.T.);
#14437=ORIENTED_EDGE('',*,*,#14436,.T.);
#14438=CARTESIAN_POINT('',(-166.139054140925050,-70.820840432906039,0.0));
#14439=VERTEX_POINT('',#14438);
#14440=CARTESIAN_POINT('',(-166.139054140925050,-70.820840432906039,0.0));
#14441=DIRECTION('',(0.0,0.0,1.0));
#14442=VECTOR('',#14441,26.0);
#14443=LINE('',#14440,#14442);
#14444=EDGE_CURVE('',#14439,#14431,#14443,.T.);
#14445=ORIENTED_EDGE('',*,*,#14444,.F.);
#14446=CARTESIAN_POINT('',(-166.139054140925050,-72.320840432906039,0.0));
#14447=DIRECTION('',(0.0,1.0,0.0));
#14448=VECTOR('',#14447,1.500000000000000);
#14449=LINE('',#14446,#14448);
#14450=EDGE_CURVE('',#14408,#14439,#14449,.T.);
#14451=ORIENTED_EDGE('',*,*,#14450,.F.);
#14452=ORIENTED_EDGE('',*,*,#14413,.T.);
#14453=EDGE_LOOP('',(#14437,#14445,#14451,#14452));
#14454=FACE_OUTER_BOUND('',#14453,.T.);
#14455=ADVANCED_FACE('',(#14454),#14429,.T.);
#14456=CARTESIAN_POINT('',(-166.139054140925050,-70.820840432906039,0.0));
#14457=DIRECTION('',(0.0,1.0,0.0));
#14458=DIRECTION('',(0.0,0.0,1.0));
#14459=AXIS2_PLACEMENT_3D('',#14456,#14457,#14458);
#14460=PLANE('',#14459);
#14461=CARTESIAN_POINT('',(-166.139054140925050,-70.820840432906039,26.0));
#14462=DIRECTION('',(1.0,0.0,0.0));
#14463=VECTOR('',#14462,17.0);
#14464=LINE('',#14461,#14463);
#14465=EDGE_CURVE('',#14431,#13009,#14464,.T.);
#14466=ORIENTED_EDGE('',*,*,#14465,.T.);
#14467=ORIENTED_EDGE('',*,*,#13038,.F.);
#14468=CARTESIAN_POINT('',(-166.139054140925050,-70.820840432906039,0.0));
#14469=DIRECTION('',(1.0,0.0,0.0));
#14470=VECTOR('',#14469,17.0);
#14471=LINE('',#14468,#14470);
#14472=EDGE_CURVE('',#14439,#13027,#14471,.T.);
#14473=ORIENTED_EDGE('',*,*,#14472,.F.);
#14474=ORIENTED_EDGE('',*,*,#14444,.T.);
#14475=EDGE_LOOP('',(#14466,#14467,#14473,#14474));
#14476=FACE_OUTER_BOUND('',#14475,.T.);
#14477=ADVANCED_FACE('',(#14476),#14460,.T.);
#14478=CARTESIAN_POINT('',(-157.054362790459810,-80.916129198035179,26.0));
#14479=DIRECTION('',(0.0,0.0,1.0));
#14480=DIRECTION('',(1.0,0.0,0.0));
#14481=AXIS2_PLACEMENT_3D('',#14478,#14479,#14480);
#14482=PLANE('',#14481);
#14483=ORIENTED_EDGE('',*,*,#13016,.F.);
#14484=ORIENTED_EDGE('',*,*,#14465,.F.);
#14485=ORIENTED_EDGE('',*,*,#14436,.F.);
#14486=ORIENTED_EDGE('',*,*,#14405,.F.);
#14487=ORIENTED_EDGE('',*,*,#14373,.F.);
#14488=ORIENTED_EDGE('',*,*,#14338,.F.);
#14489=ORIENTED_EDGE('',*,*,#14306,.F.);
#14490=ORIENTED_EDGE('',*,*,#14274,.F.);
#14491=ORIENTED_EDGE('',*,*,#14243,.F.);
#14492=ORIENTED_EDGE('',*,*,#14212,.F.);
#14493=ORIENTED_EDGE('',*,*,#14181,.F.);
#14494=ORIENTED_EDGE('',*,*,#14149,.F.);
#14495=ORIENTED_EDGE('',*,*,#14117,.F.);
#14496=ORIENTED_EDGE('',*,*,#14086,.F.);
#14497=ORIENTED_EDGE('',*,*,#14055,.F.);
#14498=ORIENTED_EDGE('',*,*,#14024,.F.);
#14499=ORIENTED_EDGE('',*,*,#13993,.F.);
#14500=ORIENTED_EDGE('',*,*,#13962,.F.);
#14501=ORIENTED_EDGE('',*,*,#13931,.F.);
#14502=ORIENTED_EDGE('',*,*,#13900,.F.);
#14503=ORIENTED_EDGE('',*,*,#13869,.F.);
#14504=ORIENTED_EDGE('',*,*,#13838,.F.);
#14505=ORIENTED_EDGE('',*,*,#13807,.F.);
#14506=ORIENTED_EDGE('',*,*,#13776,.F.);
#14507=ORIENTED_EDGE('',*,*,#13745,.F.);
#14508=ORIENTED_EDGE('',*,*,#13714,.F.);
#14509=ORIENTED_EDGE('',*,*,#13683,.F.);
#14510=ORIENTED_EDGE('',*,*,#13652,.F.);
#14511=ORIENTED_EDGE('',*,*,#13621,.F.);
#14512=ORIENTED_EDGE('',*,*,#13590,.F.);
#14513=ORIENTED_EDGE('',*,*,#13559,.F.);
#14514=ORIENTED_EDGE('',*,*,#13527,.F.);
#14515=ORIENTED_EDGE('',*,*,#13495,.F.);
#14516=ORIENTED_EDGE('',*,*,#13464,.F.);
#14517=ORIENTED_EDGE('',*,*,#13432,.F.);
#14518=ORIENTED_EDGE('',*,*,#13400,.F.);
#14519=ORIENTED_EDGE('',*,*,#13369,.F.);
#14520=ORIENTED_EDGE('',*,*,#13338,.F.);
#14521=ORIENTED_EDGE('',*,*,#13307,.F.);
#14522=ORIENTED_EDGE('',*,*,#13276,.F.);
#14523=ORIENTED_EDGE('',*,*,#13245,.F.);
#14524=ORIENTED_EDGE('',*,*,#13211,.F.);
#14525=ORIENTED_EDGE('',*,*,#13180,.F.);
#14526=ORIENTED_EDGE('',*,*,#13149,.F.);
#14527=ORIENTED_EDGE('',*,*,#13118,.F.);
#14528=ORIENTED_EDGE('',*,*,#13086,.F.);
#14529=ORIENTED_EDGE('',*,*,#13054,.F.);
#14530=EDGE_LOOP('',(#14483,#14484,#14485,#14486,#14487,#14488,#14489,#14490,#14491,#14492,#14493,#14494,#14495,#14496,#14497,#14498,#14499,#14500,#14501,#14502,#14503,#14504,#14505,#14506,#14507,#14508,#14509,#14510,#14511,#14512,#14513,#14514,#14515,#14516,#14517,#14518,#14519,#14520,#14521,#14522,#14523,#14524,#14525,#14526,#14527,#14528,#14529));
#14531=FACE_OUTER_BOUND('',#14530,.T.);
#14532=ADVANCED_FACE('',(#14531),#14482,.T.);
#14533=CARTESIAN_POINT('',(-157.054362790459860,-80.916129198035165,0.0));
#14534=DIRECTION('',(0.0,0.0,1.0));
#14535=DIRECTION('',(1.0,0.0,0.0));
#14536=AXIS2_PLACEMENT_3D('',#14533,#14534,#14535);
#14537=PLANE('',#14536);
#14538=ORIENTED_EDGE('',*,*,#14472,.T.);
#14539=ORIENTED_EDGE('',*,*,#13032,.T.);
#14540=ORIENTED_EDGE('',*,*,#13068,.T.);
#14541=ORIENTED_EDGE('',*,*,#13101,.T.);
#14542=ORIENTED_EDGE('',*,*,#13132,.T.);
#14543=ORIENTED_EDGE('',*,*,#13163,.T.);
#14544=ORIENTED_EDGE('',*,*,#13194,.T.);
#14545=ORIENTED_EDGE('',*,*,#13225,.T.);
#14546=ORIENTED_EDGE('',*,*,#13259,.T.);
#14547=ORIENTED_EDGE('',*,*,#13290,.T.);
#14548=ORIENTED_EDGE('',*,*,#13321,.T.);
#14549=ORIENTED_EDGE('',*,*,#13352,.T.);
#14550=ORIENTED_EDGE('',*,*,#13383,.T.);
#14551=ORIENTED_EDGE('',*,*,#13414,.T.);
#14552=ORIENTED_EDGE('',*,*,#13447,.T.);
#14553=ORIENTED_EDGE('',*,*,#13478,.T.);
#14554=ORIENTED_EDGE('',*,*,#13509,.T.);
#14555=ORIENTED_EDGE('',*,*,#13542,.T.);
#14556=ORIENTED_EDGE('',*,*,#13573,.T.);
#14557=ORIENTED_EDGE('',*,*,#13604,.T.);
#14558=ORIENTED_EDGE('',*,*,#13635,.T.);
#14559=ORIENTED_EDGE('',*,*,#13666,.T.);
#14560=ORIENTED_EDGE('',*,*,#13697,.T.);
#14561=ORIENTED_EDGE('',*,*,#13728,.T.);
#14562=ORIENTED_EDGE('',*,*,#13759,.T.);
#14563=ORIENTED_EDGE('',*,*,#13790,.T.);
#14564=ORIENTED_EDGE('',*,*,#13821,.T.);
#14565=ORIENTED_EDGE('',*,*,#13852,.T.);
#14566=ORIENTED_EDGE('',*,*,#13883,.T.);
#14567=ORIENTED_EDGE('',*,*,#13914,.T.);
#14568=ORIENTED_EDGE('',*,*,#13945,.T.);
#14569=ORIENTED_EDGE('',*,*,#13976,.T.);
#14570=ORIENTED_EDGE('',*,*,#14007,.T.);
#14571=ORIENTED_EDGE('',*,*,#14038,.T.);
#14572=ORIENTED_EDGE('',*,*,#14069,.T.);
#14573=ORIENTED_EDGE('',*,*,#14100,.T.);
#14574=ORIENTED_EDGE('',*,*,#14131,.T.);
#14575=ORIENTED_EDGE('',*,*,#14164,.T.);
#14576=ORIENTED_EDGE('',*,*,#14195,.T.);
#14577=ORIENTED_EDGE('',*,*,#14226,.T.);
#14578=ORIENTED_EDGE('',*,*,#14257,.T.);
#14579=ORIENTED_EDGE('',*,*,#14288,.T.);
#14580=ORIENTED_EDGE('',*,*,#14321,.T.);
#14581=ORIENTED_EDGE('',*,*,#14352,.T.);
#14582=ORIENTED_EDGE('',*,*,#14388,.T.);
#14583=ORIENTED_EDGE('',*,*,#14419,.T.);
#14584=ORIENTED_EDGE('',*,*,#14450,.T.);
#14585=EDGE_LOOP('',(#14538,#14539,#14540,#14541,#14542,#14543,#14544,#14545,#14546,#14547,#14548,#14549,#14550,#14551,#14552,#14553,#14554,#14555,#14556,#14557,#14558,#14559,#14560,#14561,#14562,#14563,#14564,#14565,#14566,#14567,#14568,#14569,#14570,#14571,#14572,#14573,#14574,#14575,#14576,#14577,#14578,#14579,#14580,#14581,#14582,#14583,#14584));
#14586=FACE_OUTER_BOUND('',#14585,.T.);
#14587=ADVANCED_FACE('',(#14586),#14537,.F.);
#14588=CLOSED_SHELL('',(#12961,#13002,#13042,#13073,#13106,#13137,#13168,#13199,#13233,#13264,#13295,#13326,#13357,#13388,#13419,#13452,#13483,#13514,#13547,#13578,#13609,#13640,#13671,#13702,#13733,#13764,#13795,#13826,#13857,#13888,#13919,#13950,#13981,#14012,#14043,#14074,#14105,#14136,#14169,#14200,#14231,#14262,#14293,#14326,#14360,#14393,#14424,#14455,#14477,#14532,#14587));
#14589=MANIFOLD_SOLID_BREP('\X2\5BE69AD4\X0\1',#14588);
#14590=COLOUR_RGB('\X2\FFFD\X0\H\X2\FFFDFFFD\X0\',0.643136978149414,0.549019992351532,1.0);
#14591=FILL_AREA_STYLE_COLOUR('\X2\FFFD\X0\H\X2\FFFDFFFD\X0\',#14590);
#14592=FILL_AREA_STYLE('\X2\FFFD\X0\H\X2\FFFDFFFD\X0\',(#14591));
#14593=SURFACE_STYLE_FILL_AREA(#14592);
#14594=SURFACE_SIDE_STYLE('\X2\FFFD\X0\H\X2\FFFDFFFD\X0\',(#14593));
#14595=SURFACE_STYLE_USAGE(.BOTH.,#14594);
#14596=PRESENTATION_STYLE_ASSIGNMENT((#14595));
#14597=STYLED_ITEM('',(#14596),#14589);
#14598=ADVANCED_BREP_SHAPE_REPRESENTATION('ABSR',(#14589),#12881);
#14599=SHAPE_REPRESENTATION_RELATIONSHIP('SRR','None',#14598,#12886);
#14600=AXIS2_PLACEMENT_3D('',#14601,#14602,#14603);
#14601=CARTESIAN_POINT('',(189.194081706114390,80.346287608231464,1.600000000000000));
#14602=DIRECTION('',(0.0,0.0,1.0));
#14603=DIRECTION('',(1.0,0.0,0.0));
#14604=NEXT_ASSEMBLY_USAGE_OCCURRENCE('HS-168:1','HS-168:1','HS-168:1',#12,#12857,'HS-168:1');
#14605=PRODUCT_DEFINITION_SHAPE('HS-168:1','HS-168:1',#14604);
#14606=ITEM_DEFINED_TRANSFORMATION('HS-168:1','HS-168:1',#12882,#14600);
#14610=(REPRESENTATION_RELATIONSHIP('HS-168:1','HS-168:1',#12886,#41)REPRESENTATION_RELATIONSHIP_WITH_TRANSFORMATION(#14606)SHAPE_REPRESENTATION_RELATIONSHIP());
#14611=CONTEXT_DEPENDENT_SHAPE_REPRESENTATION(#14610,#14605);
#14612=APPLICATION_CONTEXT('automotive design');
#14613=APPLICATION_PROTOCOL_DEFINITION('International Standard','automotive_design',2001,#14612);
#14614=PRODUCT_CONTEXT('',#14612,'mechanical');
#14615=PRODUCT('HS-172','HS-172',$,(#14614));
#14616=PRODUCT_RELATED_PRODUCT_CATEGORY('part',$,(#14615));
#14617=PRODUCT_DEFINITION_FORMATION('',$,#14615);
#14618=PRODUCT_DEFINITION_CONTEXT('part definition',#14612,'design');
#14619=PRODUCT_DEFINITION('',$,#14617,#14618);
#14625=(NAMED_UNIT(*)PLANE_ANGLE_UNIT()SI_UNIT($,.RADIAN.));
#14626=DIMENSIONAL_EXPONENTS(0.0,0.0,0.0,0.0,0.0,0.0,0.0);
#14627=PLANE_ANGLE_MEASURE_WITH_UNIT(PLANE_ANGLE_MEASURE(0.017453292500000),#14625);
#14631=(CONVERSION_BASED_UNIT('DEGREE',#14627)NAMED_UNIT(#14626)PLANE_ANGLE_UNIT());
#14635=(NAMED_UNIT(*)SI_UNIT($,.STERADIAN.)SOLID_ANGLE_UNIT());
#14639=(LENGTH_UNIT()NAMED_UNIT(*)SI_UNIT(.MILLI.,.METRE.));
#14641=UNCERTAINTY_MEASURE_WITH_UNIT(LENGTH_MEASURE(0.010000000000000),#14639,'DISTANCE_ACCURACY_VALUE','');
#14643=(GEOMETRIC_REPRESENTATION_CONTEXT(3)GLOBAL_UNCERTAINTY_ASSIGNED_CONTEXT((#14641))GLOBAL_UNIT_ASSIGNED_CONTEXT((#14631,#14635,#14639))REPRESENTATION_CONTEXT('None','None'));
#14644=AXIS2_PLACEMENT_3D('',#14645,#14646,#14647);
#14645=CARTESIAN_POINT('',(0.0,0.0,0.0));
#14646=DIRECTION('',(0.0,0.0,1.0));
#14647=DIRECTION('',(1.0,0.0,0.0));
#14648=SHAPE_REPRESENTATION('',(#14644),#14643);
#14649=PRODUCT_DEFINITION_SHAPE('','',#14619);
#14650=SHAPE_DEFINITION_REPRESENTATION(#14649,#14648);
#14656=(NAMED_UNIT(*)PLANE_ANGLE_UNIT()SI_UNIT($,.RADIAN.));
#14657=DIMENSIONAL_EXPONENTS(0.0,0.0,0.0,0.0,0.0,0.0,0.0);
#14658=PLANE_ANGLE_MEASURE_WITH_UNIT(PLANE_ANGLE_MEASURE(0.017453292500000),#14656);
#14662=(CONVERSION_BASED_UNIT('DEGREE',#14658)NAMED_UNIT(#14657)PLANE_ANGLE_UNIT());
#14666=(NAMED_UNIT(*)SI_UNIT($,.STERADIAN.)SOLID_ANGLE_UNIT());
#14670=(LENGTH_UNIT()NAMED_UNIT(*)SI_UNIT(.MILLI.,.METRE.));
#14672=UNCERTAINTY_MEASURE_WITH_UNIT(LENGTH_MEASURE(0.000001000000000),#14670,'DISTANCE_ACCURACY_VALUE','');
#14674=(GEOMETRIC_REPRESENTATION_CONTEXT(3)GLOBAL_UNCERTAINTY_ASSIGNED_CONTEXT((#14672))GLOBAL_UNIT_ASSIGNED_CONTEXT((#14662,#14666,#14670))REPRESENTATION_CONTEXT('','3D'));
#14675=CARTESIAN_POINT('',(-15.605573215927970,39.599376103161383,6.000000000000001));
#14676=DIRECTION('',(0.0,0.0,1.0));
#14677=DIRECTION('',(1.0,0.0,0.0));
#14678=AXIS2_PLACEMENT_3D('',#14675,#14676,#14677);
#14679=PLANE('',#14678);
#14680=CARTESIAN_POINT('',(-15.605573215927734,37.099376103161440,6.000000000000596));
#14681=VERTEX_POINT('',#14680);
#14682=CARTESIAN_POINT('',(-13.605573215927954,37.099376103161390,6.000000000000001));
#14683=VERTEX_POINT('',#14682);
#14684=CARTESIAN_POINT('',(-15.605573215927734,37.099376103161433,6.000000000000001));
#14685=DIRECTION('',(1.0,0.0,0.0));
#14686=VECTOR('',#14685,1.999999999999780);
#14687=LINE('',#14684,#14686);
#14688=EDGE_CURVE('',#14681,#14683,#14687,.T.);
#14689=ORIENTED_EDGE('',*,*,#14688,.F.);
#14690=CARTESIAN_POINT('',(-15.605573215927970,39.599376103161383,6.000000000000001));
#14691=VERTEX_POINT('',#14690);
#14692=CARTESIAN_POINT('',(-15.605573215927970,39.599376103161383,6.000000000000001));
#14693=DIRECTION('',(0.0,-1.0,0.0));
#14694=VECTOR('',#14693,2.500000000000000);
#14695=LINE('',#14692,#14694);
#14696=EDGE_CURVE('',#14691,#14681,#14695,.T.);
#14697=ORIENTED_EDGE('',*,*,#14696,.F.);
#14698=CARTESIAN_POINT('',(-13.605573215927969,39.599376103161390,6.000000000000001));
#14699=VERTEX_POINT('',#14698);
#14700=CARTESIAN_POINT('',(-13.605573215927969,39.599376103161390,6.000000000000001));
#14701=DIRECTION('',(-1.0,0.0,0.0));
#14702=VECTOR('',#14701,2.000000000000002);
#14703=LINE('',#14700,#14702);
#14704=EDGE_CURVE('',#14699,#14691,#14703,.T.);
#14705=ORIENTED_EDGE('',*,*,#14704,.F.);
#14706=CARTESIAN_POINT('',(-13.605573215927969,39.599376103161390,6.000000000000001));
#14707=DIRECTION('',(0.0,-1.0,0.0));
#14708=VECTOR('',#14707,2.500000000000000);
#14709=LINE('',#14706,#14708);
#14710=EDGE_CURVE('',#14699,#14683,#14709,.T.);
#14711=ORIENTED_EDGE('',*,*,#14710,.T.);
#14712=EDGE_LOOP('',(#14689,#14697,#14705,#14711));
#14713=FACE_OUTER_BOUND('',#14712,.T.);
#14714=ADVANCED_FACE('',(#14713),#14679,.F.);
#14715=CARTESIAN_POINT('',(-13.605573215927969,39.599376103161390,6.000000000000001));
#14716=DIRECTION('',(1.0,5.329071E-015,2.264855E-013));
#14717=DIRECTION('',(2.264855E-013,0.0,-1.0));
#14718=AXIS2_PLACEMENT_3D('',#14715,#14716,#14717);
#14719=PLANE('',#14718);
#14720=CARTESIAN_POINT('',(-13.605573215927048,37.099376103161390,2.000000000000002));
#14721=VERTEX_POINT('',#14720);
#14722=CARTESIAN_POINT('',(-13.605573215927956,37.099376103161440,6.000000000000001));
#14723=DIRECTION('',(2.264855E-013,0.0,-1.0));
#14724=VECTOR('',#14723,3.999999999999999);
#14725=LINE('',#14722,#14724);
#14726=EDGE_CURVE('',#14683,#14721,#14725,.T.);
#14727=ORIENTED_EDGE('',*,*,#14726,.F.);
#14728=ORIENTED_EDGE('',*,*,#14710,.F.);
#14729=CARTESIAN_POINT('',(-13.605573215927063,39.599376103161390,2.000000000000002));
#14730=VERTEX_POINT('',#14729);
#14731=CARTESIAN_POINT('',(-13.605573215927063,39.599376103161390,2.000000000000002));
#14732=DIRECTION('',(-2.264855E-013,0.0,1.0));
#14733=VECTOR('',#14732,3.999999999999999);
#14734=LINE('',#14731,#14733);
#14735=EDGE_CURVE('',#14730,#14699,#14734,.T.);
#14736=ORIENTED_EDGE('',*,*,#14735,.F.);
#14737=CARTESIAN_POINT('',(-13.605573215927063,39.599376103161390,2.000000000000002));
#14738=DIRECTION('',(0.0,-1.0,0.0));
#14739=VECTOR('',#14738,2.500000000000000);
#14740=LINE('',#14737,#14739);
#14741=EDGE_CURVE('',#14730,#14721,#14740,.T.);
#14742=ORIENTED_EDGE('',*,*,#14741,.T.);
#14743=EDGE_LOOP('',(#14727,#14728,#14736,#14742));
#14744=FACE_OUTER_BOUND('',#14743,.T.);
#14745=ADVANCED_FACE('',(#14744),#14719,.F.);
#14746=CARTESIAN_POINT('',(-13.605573215927063,39.599376103161390,2.000000000000002));
#14747=DIRECTION('',(0.0,0.0,1.0));
#14748=DIRECTION('',(1.0,0.0,0.0));
#14749=AXIS2_PLACEMENT_3D('',#14746,#14747,#14748);
#14750=PLANE('',#14749);
#14751=CARTESIAN_POINT('',(-11.105573215927272,37.099376103161404,2.000000000000002));
#14752=VERTEX_POINT('',#14751);
#14753=CARTESIAN_POINT('',(-13.605573215927048,37.099376103161440,2.000000000000002));
#14754=DIRECTION('',(1.0,0.0,0.0));
#14755=VECTOR('',#14754,2.499999999999776);
#14756=LINE('',#14753,#14755);
#14757=EDGE_CURVE('',#14721,#14752,#14756,.T.);
#14758=ORIENTED_EDGE('',*,*,#14757,.F.);
#14759=ORIENTED_EDGE('',*,*,#14741,.F.);
#14760=CARTESIAN_POINT('',(-11.105573215927285,39.599376103161404,2.000000000000002));
#14761=VERTEX_POINT('',#14760);
#14762=CARTESIAN_POINT('',(-11.105573215927286,39.599376103161404,2.000000000000002));
#14763=DIRECTION('',(-1.0,0.0,0.0));
#14764=VECTOR('',#14763,2.499999999999776);
#14765=LINE('',#14762,#14764);
#14766=EDGE_CURVE('',#14761,#14730,#14765,.T.);
#14767=ORIENTED_EDGE('',*,*,#14766,.F.);
#14768=CARTESIAN_POINT('',(-11.105573215927285,39.599376103161404,2.000000000000002));
#14769=DIRECTION('',(0.0,-1.0,0.0));
#14770=VECTOR('',#14769,2.500000000000000);
#14771=LINE('',#14768,#14770);
#14772=EDGE_CURVE('',#14761,#14752,#14771,.T.);
#14773=ORIENTED_EDGE('',*,*,#14772,.T.);
#14774=EDGE_LOOP('',(#14758,#14759,#14767,#14773));
#14775=FACE_OUTER_BOUND('',#14774,.T.);
#14776=ADVANCED_FACE('',(#14775),#14750,.F.);
#14777=CARTESIAN_POINT('',(-11.105573215927285,39.599376103161404,2.000000000000002));
#14778=DIRECTION('',(-1.0,0.0,0.0));
#14779=DIRECTION('',(0.0,0.0,1.0));
#14780=AXIS2_PLACEMENT_3D('',#14777,#14778,#14779);
#14781=PLANE('',#14780);
#14782=CARTESIAN_POINT('',(-11.105573215927272,37.099376103161404,6.000000000000001));
#14783=VERTEX_POINT('',#14782);
#14784=CARTESIAN_POINT('',(-11.105573215927272,37.099376103161447,2.000000000000002));
#14785=DIRECTION('',(0.0,0.0,1.0));
#14786=VECTOR('',#14785,3.999999999999999);
#14787=LINE('',#14784,#14786);
#14788=EDGE_CURVE('',#14752,#14783,#14787,.T.);
#14789=ORIENTED_EDGE('',*,*,#14788,.F.);
#14790=ORIENTED_EDGE('',*,*,#14772,.F.);
#14791=CARTESIAN_POINT('',(-11.105573215927285,39.599376103161404,6.000000000000001));
#14792=VERTEX_POINT('',#14791);
#14793=CARTESIAN_POINT('',(-11.105573215927285,39.599376103161404,6.000000000000001));
#14794=DIRECTION('',(0.0,0.0,-1.0));
#14795=VECTOR('',#14794,3.999999999999999);
#14796=LINE('',#14793,#14795);
#14797=EDGE_CURVE('',#14792,#14761,#14796,.T.);
#14798=ORIENTED_EDGE('',*,*,#14797,.F.);
#14799=CARTESIAN_POINT('',(-11.105573215927285,39.599376103161404,6.000000000000001));
#14800=DIRECTION('',(0.0,-1.0,0.0));
#14801=VECTOR('',#14800,2.500000000000000);
#14802=LINE('',#14799,#14801);
#14803=EDGE_CURVE('',#14792,#14783,#14802,.T.);
#14804=ORIENTED_EDGE('',*,*,#14803,.T.);
#14805=EDGE_LOOP('',(#14789,#14790,#14798,#14804));
#14806=FACE_OUTER_BOUND('',#14805,.T.);
#14807=ADVANCED_FACE('',(#14806),#14781,.F.);
#14808=CARTESIAN_POINT('',(-9.598770177844029,39.599376103161411,6.000000000000001));
#14809=DIRECTION('',(0.0,0.0,1.0));
#14810=DIRECTION('',(1.0,0.0,0.0));
#14811=AXIS2_PLACEMENT_3D('',#14808,#14809,#14810);
#14812=PLANE('',#14811);
#14813=CARTESIAN_POINT('',(0.394426784071134,37.099376103161461,6.000000000000001));
#14814=VERTEX_POINT('',#14813);
#14815=CARTESIAN_POINT('',(-11.105573215927272,37.099376103161447,6.000000000000001));
#14816=DIRECTION('',(1.0,0.0,0.0));
#14817=VECTOR('',#14816,11.499999999998405);
#14818=LINE('',#14815,#14817);
#14819=EDGE_CURVE('',#14783,#14814,#14818,.T.);
#14820=ORIENTED_EDGE('',*,*,#14819,.F.);
#14821=ORIENTED_EDGE('',*,*,#14803,.F.);
#14822=CARTESIAN_POINT('',(0.394426784071120,39.599376103161461,6.000000000000001));
#14823=VERTEX_POINT('',#14822);
#14824=CARTESIAN_POINT('',(0.394426784071120,39.599376103161468,6.000000000000001));
#14825=DIRECTION('',(-1.0,0.0,0.0));
#14826=VECTOR('',#14825,11.499999999998405);
#14827=LINE('',#14824,#14826);
#14828=EDGE_CURVE('',#14823,#14792,#14827,.T.);
#14829=ORIENTED_EDGE('',*,*,#14828,.F.);
#14830=CARTESIAN_POINT('',(0.394426784071120,39.599376103161461,6.000000000000001));
#14831=DIRECTION('',(0.0,-1.0,0.0));
#14832=VECTOR('',#14831,2.500000000000000);
#14833=LINE('',#14830,#14832);
#14834=EDGE_CURVE('',#14823,#14814,#14833,.T.);
#14835=ORIENTED_EDGE('',*,*,#14834,.T.);
#14836=EDGE_LOOP('',(#14820,#14821,#14829,#14835));
#14837=FACE_OUTER_BOUND('',#14836,.T.);
#14838=ADVANCED_FACE('',(#14837),#14812,.F.);
#14839=CARTESIAN_POINT('',(0.394426784071120,39.599376103161461,6.000000000000001));
#14840=DIRECTION('',(1.0,5.329071E-015,2.287059E-013));
#14841=DIRECTION('',(2.287059E-013,0.0,-1.0));
#14842=AXIS2_PLACEMENT_3D('',#14839,#14840,#14841);
#14843=PLANE('',#14842);
#14844=CARTESIAN_POINT('',(0.394426784072048,37.099376103161461,2.000000000000002));
#14845=VERTEX_POINT('',#14844);
#14846=CARTESIAN_POINT('',(0.394426784071134,37.099376103161475,6.000000000000001));
#14847=DIRECTION('',(2.287059E-013,0.0,-1.0));
#14848=VECTOR('',#14847,3.999999999999999);
#14849=LINE('',#14846,#14848);
#14850=EDGE_CURVE('',#14814,#14845,#14849,.T.);
#14851=ORIENTED_EDGE('',*,*,#14850,.F.);
#14852=ORIENTED_EDGE('',*,*,#14834,.F.);
#14853=CARTESIAN_POINT('',(0.394426784072035,39.599376103161468,2.000000000000002));
#14854=VERTEX_POINT('',#14853);
#14855=CARTESIAN_POINT('',(0.394426784072035,39.599376103161468,2.000000000000002));
#14856=DIRECTION('',(-2.287059E-013,0.0,1.0));
#14857=VECTOR('',#14856,3.999999999999999);
#14858=LINE('',#14855,#14857);
#14859=EDGE_CURVE('',#14854,#14823,#14858,.T.);
#14860=ORIENTED_EDGE('',*,*,#14859,.F.);
#14861=CARTESIAN_POINT('',(0.394426784072035,39.599376103161468,2.000000000000002));
#14862=DIRECTION('',(0.0,-1.0,0.0));
#14863=VECTOR('',#14862,2.500000000000007);
#14864=LINE('',#14861,#14863);
#14865=EDGE_CURVE('',#14854,#14845,#14864,.T.);
#14866=ORIENTED_EDGE('',*,*,#14865,.T.);
#14867=EDGE_LOOP('',(#14851,#14852,#14860,#14866));
#14868=FACE_OUTER_BOUND('',#14867,.T.);
#14869=ADVANCED_FACE('',(#14868),#14843,.F.);
#14870=CARTESIAN_POINT('',(0.394426784072035,39.599376103161468,2.000000000000002));
#14871=DIRECTION('',(0.0,0.0,1.0));
#14872=DIRECTION('',(1.0,0.0,0.0));
#14873=AXIS2_PLACEMENT_3D('',#14870,#14871,#14872);
#14874=PLANE('',#14873);
#14875=CARTESIAN_POINT('',(2.894426784071817,37.099376103161475,2.000000000000002));
#14876=VERTEX_POINT('',#14875);
#14877=CARTESIAN_POINT('',(0.394426784072048,37.099376103161475,2.000000000000002));
#14878=DIRECTION('',(1.0,0.0,0.0));
#14879=VECTOR('',#14878,2.499999999999769);
#14880=LINE('',#14877,#14879);
#14881=EDGE_CURVE('',#14845,#14876,#14880,.T.);
#14882=ORIENTED_EDGE('',*,*,#14881,.F.);
#14883=ORIENTED_EDGE('',*,*,#14865,.F.);
#14884=CARTESIAN_POINT('',(2.894426784071804,39.599376103161475,2.000000000000002));
#14885=VERTEX_POINT('',#14884);
#14886=CARTESIAN_POINT('',(2.894426784071805,39.599376103161475,2.000000000000002));
#14887=DIRECTION('',(-1.0,0.0,0.0));
#14888=VECTOR('',#14887,2.499999999999769);
#14889=LINE('',#14886,#14888);
#14890=EDGE_CURVE('',#14885,#14854,#14889,.T.);
#14891=ORIENTED_EDGE('',*,*,#14890,.F.);
#14892=CARTESIAN_POINT('',(2.894426784071804,39.599376103161475,2.000000000000002));
#14893=DIRECTION('',(0.0,-1.0,0.0));
#14894=VECTOR('',#14893,2.500000000000000);
#14895=LINE('',#14892,#14894);
#14896=EDGE_CURVE('',#14885,#14876,#14895,.T.);
#14897=ORIENTED_EDGE('',*,*,#14896,.T.);
#14898=EDGE_LOOP('',(#14882,#14883,#14891,#14897));
#14899=FACE_OUTER_BOUND('',#14898,.T.);
#14900=ADVANCED_FACE('',(#14899),#14874,.F.);
#14901=CARTESIAN_POINT('',(2.894426784071804,39.599376103161475,2.000000000000002));
#14902=DIRECTION('',(-1.0,0.0,0.0));
#14903=DIRECTION('',(0.0,0.0,1.0));
#14904=AXIS2_PLACEMENT_3D('',#14901,#14902,#14903);
#14905=PLANE('',#14904);
#14906=CARTESIAN_POINT('',(2.894426784071817,37.099376103161475,6.000000000000001));
#14907=VERTEX_POINT('',#14906);
#14908=CARTESIAN_POINT('',(2.894426784071817,37.099376103161482,2.000000000000002));
#14909=DIRECTION('',(0.0,0.0,1.0));
#14910=VECTOR('',#14909,3.999999999999999);
#14911=LINE('',#14908,#14910);
#14912=EDGE_CURVE('',#14876,#14907,#14911,.T.);
#14913=ORIENTED_EDGE('',*,*,#14912,.F.);
#14914=ORIENTED_EDGE('',*,*,#14896,.F.);
#14915=CARTESIAN_POINT('',(2.894426784071804,39.599376103161475,6.000000000000001));
#14916=VERTEX_POINT('',#14915);
#14917=CARTESIAN_POINT('',(2.894426784071804,39.599376103161475,6.000000000000001));
#14918=DIRECTION('',(0.0,0.0,-1.0));
#14919=VECTOR('',#14918,3.999999999999999);
#14920=LINE('',#14917,#14919);
#14921=EDGE_CURVE('',#14916,#14885,#14920,.T.);
#14922=ORIENTED_EDGE('',*,*,#14921,.F.);
#14923=CARTESIAN_POINT('',(2.894426784071804,39.599376103161475,6.000000000000001));
#14924=DIRECTION('',(0.0,-1.0,0.0));
#14925=VECTOR('',#14924,2.500000000000000);
#14926=LINE('',#14923,#14925);
#14927=EDGE_CURVE('',#14916,#14907,#14926,.T.);
#14928=ORIENTED_EDGE('',*,*,#14927,.T.);
#14929=EDGE_LOOP('',(#14913,#14914,#14922,#14928));
#14930=FACE_OUTER_BOUND('',#14929,.T.);
#14931=ADVANCED_FACE('',(#14930),#14905,.F.);
#14932=CARTESIAN_POINT('',(2.894426784071804,39.599376103161475,6.000000000000001));
#14933=DIRECTION('',(0.0,0.0,1.0));
#14934=DIRECTION('',(1.0,0.0,0.0));
#14935=AXIS2_PLACEMENT_3D('',#14932,#14933,#14934);
#14936=PLANE('',#14935);
#14937=CARTESIAN_POINT('',(5.894426784071594,37.099376103161489,6.000000000000001));
#14938=VERTEX_POINT('',#14937);
#14939=CARTESIAN_POINT('',(2.894426784071817,37.099376103161482,6.000000000000001));
#14940=DIRECTION('',(1.0,0.0,0.0));
#14941=VECTOR('',#14940,2.999999999999776);
#14942=LINE('',#14939,#14941);
#14943=EDGE_CURVE('',#14907,#14938,#14942,.T.);
#14944=ORIENTED_EDGE('',*,*,#14943,.F.);
#14945=ORIENTED_EDGE('',*,*,#14927,.F.);
#14946=CARTESIAN_POINT('',(5.894426784071580,39.599376103161489,6.000000000000001));
#14947=VERTEX_POINT('',#14946);
#14948=CARTESIAN_POINT('',(5.894426784071579,39.599376103161489,6.000000000000001));
#14949=DIRECTION('',(-1.0,0.0,0.0));
#14950=VECTOR('',#14949,2.999999999999776);
#14951=LINE('',#14948,#14950);
#14952=EDGE_CURVE('',#14947,#14916,#14951,.T.);
#14953=ORIENTED_EDGE('',*,*,#14952,.F.);
#14954=CARTESIAN_POINT('',(5.894426784071811,37.099376103161482,6.000000000000001));
#14955=DIRECTION('',(0.0,1.0,0.0));
#14956=VECTOR('',#14955,2.500000000000007);
#14957=LINE('',#14954,#14956);
#14958=EDGE_CURVE('',#14938,#14947,#14957,.T.);
#14959=ORIENTED_EDGE('',*,*,#14958,.F.);
#14960=EDGE_LOOP('',(#14944,#14945,#14953,#14959));
#14961=FACE_OUTER_BOUND('',#14960,.T.);
#14962=ADVANCED_FACE('',(#14961),#14936,.F.);
#14963=CARTESIAN_POINT('',(-15.605573215927970,39.599376103161383,0.0));
#14964=DIRECTION('',(-1.0,0.0,0.0));
#14965=DIRECTION('',(0.0,0.0,1.0));
#14966=AXIS2_PLACEMENT_3D('',#14963,#14964,#14965);
#14967=PLANE('',#14966);
#14968=CARTESIAN_POINT('',(-15.605573215927734,39.599376103161411,2.000000000000184));
#14969=VERTEX_POINT('',#14968);
#14970=CARTESIAN_POINT('',(-15.605573215927734,37.099376103161440,2.000000000000184));
#14971=VERTEX_POINT('',#14970);
#14972=CARTESIAN_POINT('',(-15.605573215927734,39.599376103161411,2.000000000000184));
#14973=DIRECTION('',(0.0,-1.0,0.0));
#14974=VECTOR('',#14973,2.499999999999972);
#14975=LINE('',#14972,#14974);
#14976=EDGE_CURVE('',#14969,#14971,#14975,.T.);
#14977=ORIENTED_EDGE('',*,*,#14976,.F.);
#14978=CARTESIAN_POINT('',(-15.605573215927970,39.599376103161383,6.000000000000001));
#14979=DIRECTION('',(0.0,0.0,-1.0));
#14980=VECTOR('',#14979,3.999999999999817);
#14981=LINE('',#14978,#14980);
#14982=EDGE_CURVE('',#14691,#14969,#14981,.T.);
#14983=ORIENTED_EDGE('',*,*,#14982,.F.);
#14984=ORIENTED_EDGE('',*,*,#14696,.T.);
#14985=CARTESIAN_POINT('',(-15.605573215927958,37.099376103161433,2.000000000000184));
#14986=DIRECTION('',(0.0,0.0,1.0));
#14987=VECTOR('',#14986,4.000000000000412);
#14988=LINE('',#14985,#14987);
#14989=EDGE_CURVE('',#14971,#14681,#14988,.T.);
#14990=ORIENTED_EDGE('',*,*,#14989,.F.);
#14991=EDGE_LOOP('',(#14977,#14983,#14984,#14990));
#14992=FACE_OUTER_BOUND('',#14991,.T.);
#14993=ADVANCED_FACE('',(#14992),#14967,.F.);
#14994=CARTESIAN_POINT('',(-16.105573215928189,39.599376103161376,0.0));
#14995=DIRECTION('',(0.0,1.0,0.0));
#14996=DIRECTION('',(0.0,0.0,1.0));
#14997=AXIS2_PLACEMENT_3D('',#14994,#14995,#14996);
#14998=PLANE('',#14997);
#14999=ORIENTED_EDGE('',*,*,#14952,.T.);
#15000=ORIENTED_EDGE('',*,*,#14921,.T.);
#15001=ORIENTED_EDGE('',*,*,#14890,.T.);
#15002=ORIENTED_EDGE('',*,*,#14859,.T.);
#15003=ORIENTED_EDGE('',*,*,#14828,.T.);
#15004=ORIENTED_EDGE('',*,*,#14797,.T.);
#15005=ORIENTED_EDGE('',*,*,#14766,.T.);
#15006=ORIENTED_EDGE('',*,*,#14735,.T.);
#15007=ORIENTED_EDGE('',*,*,#14704,.T.);
#15008=ORIENTED_EDGE('',*,*,#14982,.T.);
#15009=CARTESIAN_POINT('',(-16.105573215928189,39.599376103161411,2.000000000000184));
#15010=VERTEX_POINT('',#15009);
#15011=CARTESIAN_POINT('',(-15.605573215927736,39.599376103161376,2.000000000000184));
#15012=DIRECTION('',(-1.0,0.0,0.0));
#15013=VECTOR('',#15012,0.500000000000457);
#15014=LINE('',#15011,#15013);
#15015=EDGE_CURVE('',#14969,#15010,#15014,.T.);
#15016=ORIENTED_EDGE('',*,*,#15015,.T.);
#15017=CARTESIAN_POINT('',(-16.105573215928189,39.599376103161376,28.000000000000004));
#15018=VERTEX_POINT('',#15017);
#15019=CARTESIAN_POINT('',(-16.105573215928189,39.599376103161376,2.000000000000184));
#15020=DIRECTION('',(0.0,0.0,1.0));
#15021=VECTOR('',#15020,25.999999999999819);
#15022=LINE('',#15019,#15021);
#15023=EDGE_CURVE('',#15010,#15018,#15022,.T.);
#15024=ORIENTED_EDGE('',*,*,#15023,.T.);
#15025=CARTESIAN_POINT('',(5.894426784071584,39.599376103161489,28.000000000000004));
#15026=VERTEX_POINT('',#15025);
#15027=CARTESIAN_POINT('',(-16.105573215928192,39.599376103161376,28.000000000000004));
#15028=DIRECTION('',(1.0,0.0,0.0));
#15029=VECTOR('',#15028,21.999999999999776);
#15030=LINE('',#15027,#15029);
#15031=EDGE_CURVE('',#15018,#15026,#15030,.T.);
#15032=ORIENTED_EDGE('',*,*,#15031,.T.);
#15033=CARTESIAN_POINT('',(5.894426784071584,39.599376103161489,6.000000000000001));
#15034=DIRECTION('',(0.0,0.0,1.0));
#15035=VECTOR('',#15034,22.000000000000004);
#15036=LINE('',#15033,#15035);
#15037=EDGE_CURVE('',#14947,#15026,#15036,.T.);
#15038=ORIENTED_EDGE('',*,*,#15037,.F.);
#15039=EDGE_LOOP('',(#14999,#15000,#15001,#15002,#15003,#15004,#15005,#15006,#15007,#15008,#15016,#15024,#15032,#15038));
#15040=FACE_OUTER_BOUND('',#15039,.T.);
#15041=ADVANCED_FACE('',(#15040),#14998,.T.);
#15042=CARTESIAN_POINT('',(5.894426784071811,37.099376103161489,0.0));
#15043=DIRECTION('',(0.0,-1.0,0.0));
#15044=DIRECTION('',(0.0,0.0,-1.0));
#15045=AXIS2_PLACEMENT_3D('',#15042,#15043,#15044);
#15046=PLANE('',#15045);
#15047=ORIENTED_EDGE('',*,*,#14989,.T.);
#15048=CARTESIAN_POINT('',(-18.105573215927734,37.099376103161440,6.000000000000596));
#15049=VERTEX_POINT('',#15048);
#15050=CARTESIAN_POINT('',(-15.605573215927734,37.099376103161440,6.000000000000596));
#15051=DIRECTION('',(-1.0,0.0,0.0));
#15052=VECTOR('',#15051,2.500000000000000);
#15053=LINE('',#15050,#15052);
#15054=EDGE_CURVE('',#14681,#15049,#15053,.T.);
#15055=ORIENTED_EDGE('',*,*,#15054,.T.);
#15056=CARTESIAN_POINT('',(-18.105573215927734,37.099376103161440,2.000000000000184));
#15057=VERTEX_POINT('',#15056);
#15058=CARTESIAN_POINT('',(-18.105573215928182,37.099376103161440,2.000000000000184));
#15059=DIRECTION('',(0.0,0.0,1.0));
#15060=VECTOR('',#15059,4.000000000000413);
#15061=LINE('',#15058,#15060);
#15062=EDGE_CURVE('',#15057,#15049,#15061,.T.);
#15063=ORIENTED_EDGE('',*,*,#15062,.F.);
#15064=CARTESIAN_POINT('',(-15.605573215927734,37.099376103161440,2.000000000000184));
#15065=DIRECTION('',(-1.0,0.0,0.0));
#15066=VECTOR('',#15065,2.500000000000000);
#15067=LINE('',#15064,#15066);
#15068=EDGE_CURVE('',#14971,#15057,#15067,.T.);
#15069=ORIENTED_EDGE('',*,*,#15068,.F.);
#15070=EDGE_LOOP('',(#15047,#15055,#15063,#15069));
#15071=FACE_OUTER_BOUND('',#15070,.T.);
#15072=ADVANCED_FACE('',(#15071),#15046,.T.);
#15073=CARTESIAN_POINT('',(-18.105573215927667,7.849376103161263,18.000000000000192));
#15074=CARTESIAN_POINT('',(-17.855573215927574,7.849376103161268,18.250000000000284));
#15075=CARTESIAN_POINT('',(-18.105573215927638,6.349376103161208,18.000000000000192));
#15076=CARTESIAN_POINT('',(-17.855573215927549,6.599376103161304,18.250000000000284));
#15077=CARTESIAN_POINT('',(-18.105573215927638,6.349376103161206,19.500000000000249));
#15078=CARTESIAN_POINT('',(-17.855573215927549,6.599376103161304,19.500000000000249));
#15079=CARTESIAN_POINT('',(-18.105573215927638,6.349376103161208,21.000000000000306));
#15080=CARTESIAN_POINT('',(-17.855573215927549,6.599376103161304,20.750000000000213));
#15081=CARTESIAN_POINT('',(-18.105573215927667,7.849376103161263,21.000000000000306));
#15082=CARTESIAN_POINT('',(-17.855573215927574,7.849376103161268,20.750000000000213));
#15083=CARTESIAN_POINT('',(-18.105573215927695,9.349376103161319,21.000000000000306));
#15084=CARTESIAN_POINT('',(-17.855573215927599,9.099376103161232,20.750000000000213));
#15085=CARTESIAN_POINT('',(-18.105573215927695,9.349376103161319,19.500000000000249));
#15086=CARTESIAN_POINT('',(-17.855573215927599,9.099376103161234,19.500000000000249));
#15087=CARTESIAN_POINT('',(-18.105573215927695,9.349376103161319,18.000000000000192));
#15088=CARTESIAN_POINT('',(-17.855573215927599,9.099376103161232,18.250000000000284));
#15089=CARTESIAN_POINT('',(-18.105573215927667,7.849376103161263,18.000000000000192));
#15090=CARTESIAN_POINT('',(-17.855573215927574,7.849376103161268,18.250000000000284));
#15098=(BOUNDED_SURFACE()B_SPLINE_SURFACE(1,2,((#15073,#15075,#15077,#15079,#15081,#15083,#15085,#15087,#15089),(#15074,#15076,#15078,#15080,#15082,#15084,#15086,#15088,#15090)),.UNSPECIFIED.,.F.,.T.,.U.)B_SPLINE_SURFACE_WITH_KNOTS((2,2),(3,2,2,2,3),(-0.128564869306703,0.128564869306682),(0.0,2.159844949342983,4.319689898685965,6.479534848028949,8.639379797371930),.UNSPECIFIED.)GEOMETRIC_REPRESENTATION_ITEM()RATIONAL_B_SPLINE_SURFACE(((1.0,0.707106781186548,1.0,0.707106781186548,1.0,0.707106781186548,1.0,0.707106781186548,1.0),(1.0,0.707106781186548,1.0,0.707106781186548,1.0,0.707106781186548,1.0,0.707106781186548,1.0)))REPRESENTATION_ITEM('')SURFACE());
#15099=CARTESIAN_POINT('',(-18.105573215927610,7.849376103161263,21.000000000000249));
#15100=VERTEX_POINT('',#15099);
#15101=CARTESIAN_POINT('',(-18.105573215927610,7.849376103161263,19.500000000000249));
#15102=DIRECTION('',(1.0,0.0,0.0));
#15103=DIRECTION('',(0.0,0.0,1.0));
#15104=AXIS2_PLACEMENT_3D('',#15101,#15102,#15103);
#15105=CIRCLE('',#15104,1.499999999999999);
#15106=EDGE_CURVE('',#15100,#15100,#15105,.T.);
#15107=ORIENTED_EDGE('',*,*,#15106,.F.);
#15108=EDGE_LOOP('',(#15107));
#15109=FACE_OUTER_BOUND('',#15108,.T.);
#15110=CARTESIAN_POINT('',(-17.855573215927606,7.849376103161267,20.750000000000249));
#15111=VERTEX_POINT('',#15110);
#15112=CARTESIAN_POINT('',(-17.855573215927610,7.849376103161263,19.500000000000249));
#15113=DIRECTION('',(-1.0,0.0,0.0));
#15114=DIRECTION('',(0.0,0.0,1.0));
#15115=AXIS2_PLACEMENT_3D('',#15112,#15113,#15114);
#15116=CIRCLE('',#15115,1.250000000000000);
#15117=EDGE_CURVE('',#15111,#15111,#15116,.T.);
#15118=ORIENTED_EDGE('',*,*,#15117,.F.);
#15119=EDGE_LOOP('',(#15118));
#15120=FACE_BOUND('',#15119,.T.);
#15121=ADVANCED_FACE('',(#15109,#15120),#15098,.F.);
#15122=CARTESIAN_POINT('',(-18.105573215928057,27.849376103161266,18.000000000000192));
#15123=CARTESIAN_POINT('',(-17.855573215927965,27.849376103161273,18.250000000000284));
#15124=CARTESIAN_POINT('',(-18.105573215928029,26.349376103161209,18.000000000000192));
#15125=CARTESIAN_POINT('',(-17.855573215927940,26.599376103161308,18.250000000000284));
#15126=CARTESIAN_POINT('',(-18.105573215928029,26.349376103161209,19.500000000000249));
#15127=CARTESIAN_POINT('',(-17.855573215927940,26.599376103161308,19.500000000000249));
#15128=CARTESIAN_POINT('',(-18.105573215928029,26.349376103161209,21.000000000000306));
#15129=CARTESIAN_POINT('',(-17.855573215927940,26.599376103161308,20.750000000000213));
#15130=CARTESIAN_POINT('',(-18.105573215928057,27.849376103161266,21.000000000000306));
#15131=CARTESIAN_POINT('',(-17.855573215927965,27.849376103161273,20.750000000000213));
#15132=CARTESIAN_POINT('',(-18.105573215928086,29.349376103161323,21.000000000000306));
#15133=CARTESIAN_POINT('',(-17.855573215927990,29.099376103161237,20.750000000000213));
#15134=CARTESIAN_POINT('',(-18.105573215928086,29.349376103161323,19.500000000000249));
#15135=CARTESIAN_POINT('',(-17.855573215927990,29.099376103161237,19.500000000000249));
#15136=CARTESIAN_POINT('',(-18.105573215928086,29.349376103161323,18.000000000000192));
#15137=CARTESIAN_POINT('',(-17.855573215927990,29.099376103161237,18.250000000000284));
#15138=CARTESIAN_POINT('',(-18.105573215928057,27.849376103161266,18.000000000000192));
#15139=CARTESIAN_POINT('',(-17.855573215927965,27.849376103161273,18.250000000000284));
#15147=(BOUNDED_SURFACE()B_SPLINE_SURFACE(1,2,((#15122,#15124,#15126,#15128,#15130,#15132,#15134,#15136,#15138),(#15123,#15125,#15127,#15129,#15131,#15133,#15135,#15137,#15139)),.UNSPECIFIED.,.F.,.T.,.U.)B_SPLINE_SURFACE_WITH_KNOTS((2,2),(3,2,2,2,3),(-0.128564869306703,0.128564869306682),(0.0,2.159844949342983,4.319689898685965,6.479534848028949,8.639379797371930),.UNSPECIFIED.)GEOMETRIC_REPRESENTATION_ITEM()RATIONAL_B_SPLINE_SURFACE(((1.0,0.707106781186548,1.0,0.707106781186548,1.0,0.707106781186548,1.0,0.707106781186548,1.0),(1.0,0.707106781186548,1.0,0.707106781186548,1.0,0.707106781186548,1.0,0.707106781186548,1.0)))REPRESENTATION_ITEM('')SURFACE());
#15148=CARTESIAN_POINT('',(-18.105573215928001,27.849376103161262,21.000000000000249));
#15149=VERTEX_POINT('',#15148);
#15150=CARTESIAN_POINT('',(-18.105573215928001,27.849376103161262,19.500000000000249));
#15151=DIRECTION('',(1.0,0.0,0.0));
#15152=DIRECTION('',(0.0,0.0,1.0));
#15153=AXIS2_PLACEMENT_3D('',#15150,#15151,#15152);
#15154=CIRCLE('',#15153,1.500000000000000);
#15155=EDGE_CURVE('',#15149,#15149,#15154,.T.);
#15156=ORIENTED_EDGE('',*,*,#15155,.F.);
#15157=EDGE_LOOP('',(#15156));
#15158=FACE_OUTER_BOUND('',#15157,.T.);
#15159=CARTESIAN_POINT('',(-17.855573215927997,27.849376103161269,20.750000000000249));
#15160=VERTEX_POINT('',#15159);
#15161=CARTESIAN_POINT('',(-17.855573215928001,27.849376103161262,19.500000000000249));
#15162=DIRECTION('',(-1.0,0.0,0.0));
#15163=DIRECTION('',(0.0,0.0,1.0));
#15164=AXIS2_PLACEMENT_3D('',#15161,#15162,#15163);
#15165=CIRCLE('',#15164,1.250000000000000);
#15166=EDGE_CURVE('',#15160,#15160,#15165,.T.);
#15167=ORIENTED_EDGE('',*,*,#15166,.F.);
#15168=EDGE_LOOP('',(#15167));
#15169=FACE_BOUND('',#15168,.T.);
#15170=ADVANCED_FACE('',(#15158,#15169),#15147,.F.);
#15171=CARTESIAN_POINT('',(-15.605573215927734,7.849376103161263,19.500000000000249));
#15172=DIRECTION('',(-1.0,0.0,0.0));
#15173=DIRECTION('',(0.0,0.0,1.0));
#15174=AXIS2_PLACEMENT_3D('',#15171,#15172,#15173);
#15175=CYLINDRICAL_SURFACE('',#15174,1.250000000000000);
#15176=ORIENTED_EDGE('',*,*,#15117,.T.);
#15177=EDGE_LOOP('',(#15176));
#15178=FACE_OUTER_BOUND('',#15177,.T.);
#15179=CARTESIAN_POINT('',(-15.605573215927734,7.849376103161263,18.250000000000249));
#15180=VERTEX_POINT('',#15179);
#15181=CARTESIAN_POINT('',(-15.605573215927734,7.849376103161263,19.500000000000249));
#15182=DIRECTION('',(-1.0,0.0,0.0));
#15183=DIRECTION('',(0.0,0.0,1.0));
#15184=AXIS2_PLACEMENT_3D('',#15181,#15182,#15183);
#15185=CIRCLE('',#15184,1.250000000000000);
#15186=EDGE_CURVE('',#15180,#15180,#15185,.T.);
#15187=ORIENTED_EDGE('',*,*,#15186,.F.);
#15188=EDGE_LOOP('',(#15187));
#15189=FACE_BOUND('',#15188,.T.);
#15190=ADVANCED_FACE('',(#15178,#15189),#15175,.F.);
#15191=CARTESIAN_POINT('',(-15.605573215927734,27.849376103161262,19.500000000000249));
#15192=DIRECTION('',(-1.0,0.0,0.0));
#15193=DIRECTION('',(0.0,0.0,1.0));
#15194=AXIS2_PLACEMENT_3D('',#15191,#15192,#15193);
#15195=CYLINDRICAL_SURFACE('',#15194,1.250000000000000);
#15196=ORIENTED_EDGE('',*,*,#15166,.T.);
#15197=EDGE_LOOP('',(#15196));
#15198=FACE_OUTER_BOUND('',#15197,.T.);
#15199=CARTESIAN_POINT('',(-15.605573215927734,27.849376103161262,18.250000000000249));
#15200=VERTEX_POINT('',#15199);
#15201=CARTESIAN_POINT('',(-15.605573215927734,27.849376103161262,19.500000000000249));
#15202=DIRECTION('',(-1.0,0.0,0.0));
#15203=DIRECTION('',(0.0,0.0,1.0));
#15204=AXIS2_PLACEMENT_3D('',#15201,#15202,#15203);
#15205=CIRCLE('',#15204,1.250000000000000);
#15206=EDGE_CURVE('',#15200,#15200,#15205,.T.);
#15207=ORIENTED_EDGE('',*,*,#15206,.F.);
#15208=EDGE_LOOP('',(#15207));
#15209=FACE_BOUND('',#15208,.T.);
#15210=ADVANCED_FACE('',(#15198,#15209),#15195,.F.);
#15211=CARTESIAN_POINT('',(-15.605573215927734,-2.895837343267202,2.000000000000415));
#15212=DIRECTION('',(0.0,1.0,0.0));
#15213=DIRECTION('',(0.0,0.0,1.0));
#15214=AXIS2_PLACEMENT_3D('',#15211,#15212,#15213);
#15215=PLANE('',#15214);
#15216=CARTESIAN_POINT('',(-18.105573215927734,-2.895837343267202,2.000000000000415));
#15217=VERTEX_POINT('',#15216);
#15218=CARTESIAN_POINT('',(-18.105573215927734,-2.895837343267145,6.000000000000827));
#15219=VERTEX_POINT('',#15218);
#15220=CARTESIAN_POINT('',(-18.105573215927397,-2.895837343267202,2.000000000000415));
#15221=DIRECTION('',(0.0,0.0,1.0));
#15222=VECTOR('',#15221,4.000000000000412);
#15223=LINE('',#15220,#15222);
#15224=EDGE_CURVE('',#15217,#15219,#15223,.T.);
#15225=ORIENTED_EDGE('',*,*,#15224,.F.);
#15226=CARTESIAN_POINT('',(-15.605573215927734,-2.895837343267202,2.000000000000415));
#15227=VERTEX_POINT('',#15226);
#15228=CARTESIAN_POINT('',(-15.605573215927734,-2.895837343267202,2.000000000000415));
#15229=DIRECTION('',(-1.0,0.0,0.0));
#15230=VECTOR('',#15229,2.500000000000000);
#15231=LINE('',#15228,#15230);
#15232=EDGE_CURVE('',#15227,#15217,#15231,.T.);
#15233=ORIENTED_EDGE('',*,*,#15232,.F.);
#15234=CARTESIAN_POINT('',(-15.605573215927734,-2.895837343267145,6.000000000000827));
#15235=VERTEX_POINT('',#15234);
#15236=CARTESIAN_POINT('',(-15.605573215927734,-2.895837343267146,6.000000000000826));
#15237=DIRECTION('',(0.0,0.0,-1.0));
#15238=VECTOR('',#15237,4.000000000000411);
#15239=LINE('',#15236,#15238);
#15240=EDGE_CURVE('',#15235,#15227,#15239,.T.);
#15241=ORIENTED_EDGE('',*,*,#15240,.F.);
#15242=CARTESIAN_POINT('',(-15.605573215927734,-2.895837343267145,6.000000000000827));
#15243=DIRECTION('',(-1.0,0.0,0.0));
#15244=VECTOR('',#15243,2.500000000000000);
#15245=LINE('',#15242,#15244);
#15246=EDGE_CURVE('',#15235,#15219,#15245,.T.);
#15247=ORIENTED_EDGE('',*,*,#15246,.T.);
#15248=EDGE_LOOP('',(#15225,#15233,#15241,#15247));
#15249=FACE_OUTER_BOUND('',#15248,.T.);
#15250=ADVANCED_FACE('',(#15249),#15215,.F.);
#15251=CARTESIAN_POINT('',(-15.605573215927734,-0.395837343267202,1.999999999999740));
#15252=DIRECTION('',(0.0,2.700062E-013,1.0));
#15253=DIRECTION('',(1.0,0.0,0.0));
#15254=AXIS2_PLACEMENT_3D('',#15251,#15252,#15253);
#15255=PLANE('',#15254);
#15256=CARTESIAN_POINT('',(-18.105573215927734,-0.395837343267202,1.999999999999740));
#15257=VERTEX_POINT('',#15256);
#15258=CARTESIAN_POINT('',(-18.105573215927443,-0.395837343267202,1.999999999999740));
#15259=DIRECTION('',(1.847411E-014,-1.0,2.700951E-013));
#15260=VECTOR('',#15259,2.500000000000000);
#15261=LINE('',#15258,#15260);
#15262=EDGE_CURVE('',#15257,#15217,#15261,.T.);
#15263=ORIENTED_EDGE('',*,*,#15262,.F.);
#15264=CARTESIAN_POINT('',(-15.605573215927734,-0.395837343267202,1.999999999999740));
#15265=VERTEX_POINT('',#15264);
#15266=CARTESIAN_POINT('',(-15.605573215927734,-0.395837343267202,1.999999999999740));
#15267=DIRECTION('',(-1.0,0.0,0.0));
#15268=VECTOR('',#15267,2.500000000000000);
#15269=LINE('',#15266,#15268);
#15270=EDGE_CURVE('',#15265,#15257,#15269,.T.);
#15271=ORIENTED_EDGE('',*,*,#15270,.F.);
#15272=CARTESIAN_POINT('',(-15.605573215927734,-2.895837343267203,2.000000000000415));
#15273=DIRECTION('',(0.0,1.0,-2.700951E-013));
#15274=VECTOR('',#15273,2.500000000000004);
#15275=LINE('',#15272,#15274);
#15276=EDGE_CURVE('',#15227,#15265,#15275,.T.);
#15277=ORIENTED_EDGE('',*,*,#15276,.F.);
#15278=ORIENTED_EDGE('',*,*,#15232,.T.);
#15279=EDGE_LOOP('',(#15263,#15271,#15277,#15278));
#15280=FACE_OUTER_BOUND('',#15279,.T.);
#15281=ADVANCED_FACE('',(#15280),#15255,.F.);
#15282=CARTESIAN_POINT('',(-15.605573215927734,-0.395837343267145,6.000000000000827));
#15283=DIRECTION('',(0.0,-1.0,0.0));
#15284=DIRECTION('',(0.0,0.0,-1.0));
#15285=AXIS2_PLACEMENT_3D('',#15282,#15283,#15284);
#15286=PLANE('',#15285);
#15287=CARTESIAN_POINT('',(-18.105573215927734,-0.395837343267145,6.000000000000827));
#15288=VERTEX_POINT('',#15287);
#15289=CARTESIAN_POINT('',(-18.105573215927446,-0.395837343267145,6.000000000000827));
#15290=DIRECTION('',(0.0,0.0,-1.0));
#15291=VECTOR('',#15290,4.000000000001087);
#15292=LINE('',#15289,#15291);
#15293=EDGE_CURVE('',#15288,#15257,#15292,.T.);
#15294=ORIENTED_EDGE('',*,*,#15293,.F.);
#15295=CARTESIAN_POINT('',(-15.605573215927734,-0.395837343267145,6.000000000000827));
#15296=VERTEX_POINT('',#15295);
#15297=CARTESIAN_POINT('',(-15.605573215927734,-0.395837343267145,6.000000000000827));
#15298=DIRECTION('',(-1.0,0.0,0.0));
#15299=VECTOR('',#15298,2.500000000000000);
#15300=LINE('',#15297,#15299);
#15301=EDGE_CURVE('',#15296,#15288,#15300,.T.);
#15302=ORIENTED_EDGE('',*,*,#15301,.F.);
#15303=CARTESIAN_POINT('',(-15.605573215927734,-0.395837343267201,1.999999999999740));
#15304=DIRECTION('',(0.0,0.0,1.0));
#15305=VECTOR('',#15304,4.000000000001087);
#15306=LINE('',#15303,#15305);
#15307=EDGE_CURVE('',#15265,#15296,#15306,.T.);
#15308=ORIENTED_EDGE('',*,*,#15307,.F.);
#15309=ORIENTED_EDGE('',*,*,#15270,.T.);
#15310=EDGE_LOOP('',(#15294,#15302,#15308,#15309));
#15311=FACE_OUTER_BOUND('',#15310,.T.);
#15312=ADVANCED_FACE('',(#15311),#15286,.F.);
#15313=CARTESIAN_POINT('',(-15.605573215927734,29.094589549589731,6.000000000000645));
#15314=DIRECTION('',(0.0,0.0,1.0));
#15315=DIRECTION('',(1.0,0.0,0.0));
#15316=AXIS2_PLACEMENT_3D('',#15313,#15314,#15315);
#15317=PLANE('',#15316);
#15318=CARTESIAN_POINT('',(-18.105573215928178,37.099376103161440,6.000000000000595));
#15319=DIRECTION('',(0.0,-1.0,0.0));
#15320=VECTOR('',#15319,37.495213446428586);
#15321=LINE('',#15318,#15320);
#15322=EDGE_CURVE('',#15049,#15288,#15321,.T.);
#15323=ORIENTED_EDGE('',*,*,#15322,.F.);
#15324=ORIENTED_EDGE('',*,*,#15054,.F.);
#15325=CARTESIAN_POINT('',(-15.605573215927734,-0.395837343267146,6.000000000000827));
#15326=DIRECTION('',(0.0,1.0,0.0));
#15327=VECTOR('',#15326,37.495213446428586);
#15328=LINE('',#15325,#15327);
#15329=EDGE_CURVE('',#15296,#14681,#15328,.T.);
#15330=ORIENTED_EDGE('',*,*,#15329,.F.);
#15331=ORIENTED_EDGE('',*,*,#15301,.T.);
#15332=EDGE_LOOP('',(#15323,#15324,#15330,#15331));
#15333=FACE_OUTER_BOUND('',#15332,.T.);
#15334=ADVANCED_FACE('',(#15333),#15317,.F.);
#15335=CARTESIAN_POINT('',(-15.605573215927734,39.599376103161411,2.000000000000184));
#15336=DIRECTION('',(0.0,0.0,1.0));
#15337=DIRECTION('',(1.0,0.0,0.0));
#15338=AXIS2_PLACEMENT_3D('',#15335,#15336,#15337);
#15339=PLANE('',#15338);
#15340=CARTESIAN_POINT('',(-18.105573215927734,37.599376103161376,2.000000000000184));
#15341=VERTEX_POINT('',#15340);
#15342=CARTESIAN_POINT('',(-16.105573215928189,37.599376103161376,2.000000000000184));
#15343=DIRECTION('',(0.0,0.0,1.0));
#15344=DIRECTION('',(0.0,1.0,0.0));
#15345=AXIS2_PLACEMENT_3D('',#15342,#15343,#15344);
#15346=CIRCLE('',#15345,2.0);
#15347=EDGE_CURVE('',#15010,#15341,#15346,.T.);
#15348=ORIENTED_EDGE('',*,*,#15347,.F.);
#15349=ORIENTED_EDGE('',*,*,#15015,.F.);
#15350=ORIENTED_EDGE('',*,*,#14976,.T.);
#15351=ORIENTED_EDGE('',*,*,#15068,.T.);
#15352=CARTESIAN_POINT('',(-18.105573215928192,37.599376103161383,2.000000000000184));
#15353=DIRECTION('',(0.0,-1.0,0.0));
#15354=VECTOR('',#15353,0.499999999999950);
#15355=LINE('',#15352,#15354);
#15356=EDGE_CURVE('',#15341,#15057,#15355,.T.);
#15357=ORIENTED_EDGE('',*,*,#15356,.F.);
#15358=EDGE_LOOP('',(#15348,#15349,#15350,#15351,#15357));
#15359=FACE_OUTER_BOUND('',#15358,.T.);
#15360=ADVANCED_FACE('',(#15359),#15339,.F.);
#15361=CARTESIAN_POINT('',(-15.605573215927734,37.099376103161433,0.0));
#15362=DIRECTION('',(1.0,0.0,0.0));
#15363=DIRECTION('',(0.0,0.0,-1.0));
#15364=AXIS2_PLACEMENT_3D('',#15361,#15362,#15363);
#15365=PLANE('',#15364);
#15366=CARTESIAN_POINT('',(-15.605573215927734,-8.400623896838567,6.000000000000028));
#15367=VERTEX_POINT('',#15366);
#15368=CARTESIAN_POINT('',(-15.605573215927734,-8.400623896838564,6.000000000000596));
#15369=DIRECTION('',(0.0,1.0,0.0));
#15370=VECTOR('',#15369,5.504786553571421);
#15371=LINE('',#15368,#15370);
#15372=EDGE_CURVE('',#15367,#15235,#15371,.T.);
#15373=ORIENTED_EDGE('',*,*,#15372,.T.);
#15374=ORIENTED_EDGE('',*,*,#15240,.T.);
#15375=ORIENTED_EDGE('',*,*,#15276,.T.);
#15376=ORIENTED_EDGE('',*,*,#15307,.T.);
#15377=ORIENTED_EDGE('',*,*,#15329,.T.);
#15378=CARTESIAN_POINT('',(-15.605573215927734,37.099376103161433,28.000000000000004));
#15379=VERTEX_POINT('',#15378);
#15380=CARTESIAN_POINT('',(-15.605573215927734,37.099376103161433,6.000000000000596));
#15381=DIRECTION('',(0.0,0.0,1.0));
#15382=VECTOR('',#15381,21.999999999999407);
#15383=LINE('',#15380,#15382);
#15384=EDGE_CURVE('',#14681,#15379,#15383,.T.);
#15385=ORIENTED_EDGE('',*,*,#15384,.T.);
#15386=CARTESIAN_POINT('',(-15.605573215927734,-8.400623896838567,28.000000000000004));
#15387=VERTEX_POINT('',#15386);
#15388=CARTESIAN_POINT('',(-15.605573215927734,37.099376103161440,28.000000000000004));
#15389=DIRECTION('',(0.0,-1.0,0.0));
#15390=VECTOR('',#15389,45.500000000000007);
#15391=LINE('',#15388,#15390);
#15392=EDGE_CURVE('',#15379,#15387,#15391,.T.);
#15393=ORIENTED_EDGE('',*,*,#15392,.T.);
#15394=CARTESIAN_POINT('',(-15.605573215927734,-8.400623896838567,6.000000000000028));
#15395=DIRECTION('',(0.0,0.0,1.0));
#15396=VECTOR('',#15395,21.999999999999975);
#15397=LINE('',#15394,#15396);
#15398=EDGE_CURVE('',#15367,#15387,#15397,.T.);
#15399=ORIENTED_EDGE('',*,*,#15398,.F.);
#15400=EDGE_LOOP('',(#15373,#15374,#15375,#15376,#15377,#15385,#15393,#15399));
#15401=FACE_OUTER_BOUND('',#15400,.T.);
#15402=ORIENTED_EDGE('',*,*,#15206,.T.);
#15403=EDGE_LOOP('',(#15402));
#15404=FACE_BOUND('',#15403,.T.);
#15405=ORIENTED_EDGE('',*,*,#15186,.T.);
#15406=EDGE_LOOP('',(#15405));
#15407=FACE_BOUND('',#15406,.T.);
#15408=ADVANCED_FACE('',(#15401,#15404,#15407),#15365,.T.);
#15409=CARTESIAN_POINT('',(-13.605573215928644,-10.900623896838527,6.000000000000028));
#15410=DIRECTION('',(0.0,0.0,1.0));
#15411=DIRECTION('',(1.0,0.0,0.0));
#15412=AXIS2_PLACEMENT_3D('',#15409,#15410,#15411);
#15413=PLANE('',#15412);
#15414=CARTESIAN_POINT('',(-18.105573215928633,-8.900623896838498,6.000000000000028));
#15415=VERTEX_POINT('',#15414);
#15416=CARTESIAN_POINT('',(-16.105573215927279,-10.900623896838511,6.000000000000028));
#15417=VERTEX_POINT('',#15416);
#15418=CARTESIAN_POINT('',(-16.105573215927279,-8.900623896838511,6.000000000000028));
#15419=DIRECTION('',(0.0,0.0,1.0));
#15420=DIRECTION('',(-1.0,0.0,0.0));
#15421=AXIS2_PLACEMENT_3D('',#15418,#15419,#15420);
#15422=CIRCLE('',#15421,2.0);
#15423=EDGE_CURVE('',#15415,#15417,#15422,.T.);
#15424=ORIENTED_EDGE('',*,*,#15423,.F.);
#15425=CARTESIAN_POINT('',(-18.105573215927397,-2.895837343267146,6.000000000000028));
#15426=DIRECTION('',(0.0,-1.0,0.0));
#15427=VECTOR('',#15426,6.004786553571354);
#15428=LINE('',#15425,#15427);
#15429=EDGE_CURVE('',#15219,#15415,#15428,.T.);
#15430=ORIENTED_EDGE('',*,*,#15429,.F.);
#15431=ORIENTED_EDGE('',*,*,#15246,.F.);
#15432=ORIENTED_EDGE('',*,*,#15372,.F.);
#15433=CARTESIAN_POINT('',(-5.105573215928631,-8.400623896838582,6.000000000000028));
#15434=VERTEX_POINT('',#15433);
#15435=CARTESIAN_POINT('',(-5.105573215928631,-8.400623896838541,6.000000000000028));
#15436=DIRECTION('',(-1.0,0.0,0.0));
#15437=VECTOR('',#15436,10.499999999999105);
#15438=LINE('',#15435,#15437);
#15439=EDGE_CURVE('',#15434,#15367,#15438,.T.);
#15440=ORIENTED_EDGE('',*,*,#15439,.F.);
#15441=CARTESIAN_POINT('',(-5.105573215928647,-10.900623896838582,6.000000000000028));
#15442=VERTEX_POINT('',#15441);
#15443=CARTESIAN_POINT('',(-5.105573215928647,-10.900623896838582,6.000000000000028));
#15444=DIRECTION('',(0.0,1.0,0.0));
#15445=VECTOR('',#15444,2.500000000000000);
#15446=LINE('',#15443,#15445);
#15447=EDGE_CURVE('',#15442,#15434,#15446,.T.);
#15448=ORIENTED_EDGE('',*,*,#15447,.F.);
#15449=CARTESIAN_POINT('',(-16.105573215927279,-10.900623896838511,6.000000000000028));
#15450=DIRECTION('',(1.0,0.0,0.0));
#15451=VECTOR('',#15450,10.999999999998632);
#15452=LINE('',#15449,#15451);
#15453=EDGE_CURVE('',#15417,#15442,#15452,.T.);
#15454=ORIENTED_EDGE('',*,*,#15453,.F.);
#15455=EDGE_LOOP('',(#15424,#15430,#15431,#15432,#15440,#15448,#15454));
#15456=FACE_OUTER_BOUND('',#15455,.T.);
#15457=ADVANCED_FACE('',(#15456),#15413,.F.);
#15458=CARTESIAN_POINT('',(-2.605573215928416,-10.900623896838598,2.831069E-014));
#15459=DIRECTION('',(1.0,0.0,0.0));
#15460=DIRECTION('',(0.0,0.0,-1.0));
#15461=AXIS2_PLACEMENT_3D('',#15458,#15459,#15460);
#15462=PLANE('',#15461);
#15463=CARTESIAN_POINT('',(-2.605573215928401,-8.400623896838598,2.831069E-014));
#15464=VERTEX_POINT('',#15463);
#15465=CARTESIAN_POINT('',(-2.605573215928401,-8.400623896838598,2.0));
#15466=VERTEX_POINT('',#15465);
#15467=CARTESIAN_POINT('',(-2.605573215928401,-8.400623896838532,2.831069E-014));
#15468=DIRECTION('',(0.0,0.0,1.0));
#15469=VECTOR('',#15468,1.999999999999972);
#15470=LINE('',#15467,#15469);
#15471=EDGE_CURVE('',#15464,#15466,#15470,.T.);
#15472=ORIENTED_EDGE('',*,*,#15471,.F.);
#15473=CARTESIAN_POINT('',(-2.605573215928416,-10.900623896838598,2.831069E-014));
#15474=VERTEX_POINT('',#15473);
#15475=CARTESIAN_POINT('',(-2.605573215928417,-10.900623896838596,0.0));
#15476=DIRECTION('',(0.0,1.0,0.0));
#15477=VECTOR('',#15476,2.500000000000000);
#15478=LINE('',#15475,#15477);
#15479=EDGE_CURVE('',#15474,#15464,#15478,.T.);
#15480=ORIENTED_EDGE('',*,*,#15479,.F.);
#15481=CARTESIAN_POINT('',(-2.605573215928416,-10.900623896838598,2.0));
#15482=VERTEX_POINT('',#15481);
#15483=CARTESIAN_POINT('',(-2.605573215928416,-10.900623896838598,2.0));
#15484=DIRECTION('',(0.0,0.0,-1.0));
#15485=VECTOR('',#15484,1.999999999999972);
#15486=LINE('',#15483,#15485);
#15487=EDGE_CURVE('',#15482,#15474,#15486,.T.);
#15488=ORIENTED_EDGE('',*,*,#15487,.F.);
#15489=CARTESIAN_POINT('',(-2.605573215928416,-10.900623896838598,2.0));
#15490=DIRECTION('',(0.0,1.0,0.0));
#15491=VECTOR('',#15490,2.500000000000000);
#15492=LINE('',#15489,#15491);
#15493=EDGE_CURVE('',#15482,#15466,#15492,.T.);
#15494=ORIENTED_EDGE('',*,*,#15493,.T.);
#15495=EDGE_LOOP('',(#15472,#15480,#15488,#15494));
#15496=FACE_OUTER_BOUND('',#15495,.T.);
#15497=ADVANCED_FACE('',(#15496),#15462,.F.);
#15498=CARTESIAN_POINT('',(-2.605573215928416,-10.900623896838598,2.0));
#15499=DIRECTION('',(0.0,0.0,1.0));
#15500=DIRECTION('',(1.0,0.0,0.0));
#15501=AXIS2_PLACEMENT_3D('',#15498,#15499,#15500);
#15502=PLANE('',#15501);
#15503=CARTESIAN_POINT('',(-5.105573215928631,-8.400623896838582,2.000000000000028));
#15504=VERTEX_POINT('',#15503);
#15505=CARTESIAN_POINT('',(-2.605573215928401,-8.400623896838532,2.0));
#15506=DIRECTION('',(-1.0,0.0,0.0));
#15507=VECTOR('',#15506,2.500000000000231);
#15508=LINE('',#15505,#15507);
#15509=EDGE_CURVE('',#15466,#15504,#15508,.T.);
#15510=ORIENTED_EDGE('',*,*,#15509,.F.);
#15511=ORIENTED_EDGE('',*,*,#15493,.F.);
#15512=CARTESIAN_POINT('',(-5.105573215928647,-10.900623896838582,2.000000000000028));
#15513=VERTEX_POINT('',#15512);
#15514=CARTESIAN_POINT('',(-5.105573215928646,-10.900623896838582,2.000000000000028));
#15515=DIRECTION('',(1.0,0.0,0.0));
#15516=VECTOR('',#15515,2.500000000000231);
#15517=LINE('',#15514,#15516);
#15518=EDGE_CURVE('',#15513,#15482,#15517,.T.);
#15519=ORIENTED_EDGE('',*,*,#15518,.F.);
#15520=CARTESIAN_POINT('',(-5.105573215928647,-10.900623896838582,2.000000000000028));
#15521=DIRECTION('',(0.0,1.0,0.0));
#15522=VECTOR('',#15521,2.500000000000000);
#15523=LINE('',#15520,#15522);
#15524=EDGE_CURVE('',#15513,#15504,#15523,.T.);
#15525=ORIENTED_EDGE('',*,*,#15524,.T.);
#15526=EDGE_LOOP('',(#15510,#15511,#15519,#15525));
#15527=FACE_OUTER_BOUND('',#15526,.T.);
#15528=ADVANCED_FACE('',(#15527),#15502,.F.);
#15529=CARTESIAN_POINT('',(-5.105573215928647,-10.900623896838582,2.000000000000028));
#15530=DIRECTION('',(1.0,0.0,0.0));
#15531=DIRECTION('',(0.0,0.0,-1.0));
#15532=AXIS2_PLACEMENT_3D('',#15529,#15530,#15531);
#15533=PLANE('',#15532);
#15534=CARTESIAN_POINT('',(-5.105573215928631,-8.400623896838539,2.000000000000028));
#15535=DIRECTION('',(0.0,0.0,1.0));
#15536=VECTOR('',#15535,4.0);
#15537=LINE('',#15534,#15536);
#15538=EDGE_CURVE('',#15504,#15434,#15537,.T.);
#15539=ORIENTED_EDGE('',*,*,#15538,.F.);
#15540=ORIENTED_EDGE('',*,*,#15524,.F.);
#15541=CARTESIAN_POINT('',(-5.105573215928647,-10.900623896838582,6.000000000000028));
#15542=DIRECTION('',(0.0,0.0,-1.0));
#15543=VECTOR('',#15542,4.0);
#15544=LINE('',#15541,#15543);
#15545=EDGE_CURVE('',#15442,#15513,#15544,.T.);
#15546=ORIENTED_EDGE('',*,*,#15545,.F.);
#15547=ORIENTED_EDGE('',*,*,#15447,.T.);
#15548=EDGE_LOOP('',(#15539,#15540,#15546,#15547));
#15549=FACE_OUTER_BOUND('',#15548,.T.);
#15550=ADVANCED_FACE('',(#15549),#15533,.F.);
#15551=CARTESIAN_POINT('',(-0.105573215928647,-10.900623896838615,11.000000000000076));
#15552=DIRECTION('',(-1.0,0.0,0.0));
#15553=DIRECTION('',(0.0,0.0,1.0));
#15554=AXIS2_PLACEMENT_3D('',#15551,#15552,#15553);
#15555=PLANE('',#15554);
#15556=CARTESIAN_POINT('',(-0.105573215928630,-8.400623896838615,11.000000000000076));
#15557=VERTEX_POINT('',#15556);
#15558=CARTESIAN_POINT('',(-0.105573215928400,-8.400623896838615,2.831069E-014));
#15559=VERTEX_POINT('',#15558);
#15560=CARTESIAN_POINT('',(-0.105573215928630,-8.400623896838527,11.000000000000076));
#15561=DIRECTION('',(0.0,0.0,-1.0));
#15562=VECTOR('',#15561,11.000000000000050);
#15563=LINE('',#15560,#15562);
#15564=EDGE_CURVE('',#15557,#15559,#15563,.T.);
#15565=ORIENTED_EDGE('',*,*,#15564,.F.);
#15566=CARTESIAN_POINT('',(-0.105573215928647,-10.900623896838615,11.000000000000076));
#15567=VERTEX_POINT('',#15566);
#15568=CARTESIAN_POINT('',(-0.105573215928647,-10.900623896838615,11.000000000000076));
#15569=DIRECTION('',(0.0,1.0,0.0));
#15570=VECTOR('',#15569,2.499999999999998);
#15571=LINE('',#15568,#15570);
#15572=EDGE_CURVE('',#15567,#15557,#15571,.T.);
#15573=ORIENTED_EDGE('',*,*,#15572,.F.);
#15574=CARTESIAN_POINT('',(-0.105573215928416,-10.900623896838615,2.831069E-014));
#15575=VERTEX_POINT('',#15574);
#15576=CARTESIAN_POINT('',(-0.105573215928416,-10.900623896838615,2.842171E-014));
#15577=DIRECTION('',(0.0,0.0,1.0));
#15578=VECTOR('',#15577,11.000000000000048);
#15579=LINE('',#15576,#15578);
#15580=EDGE_CURVE('',#15575,#15567,#15579,.T.);
#15581=ORIENTED_EDGE('',*,*,#15580,.F.);
#15582=CARTESIAN_POINT('',(-0.105573215928399,-8.400623896838615,0.0));
#15583=DIRECTION('',(0.0,-1.0,0.0));
#15584=VECTOR('',#15583,2.500000000000000);
#15585=LINE('',#15582,#15584);
#15586=EDGE_CURVE('',#15559,#15575,#15585,.T.);
#15587=ORIENTED_EDGE('',*,*,#15586,.F.);
#15588=EDGE_LOOP('',(#15565,#15573,#15581,#15587));
#15589=FACE_OUTER_BOUND('',#15588,.T.);
#15590=ADVANCED_FACE('',(#15589),#15555,.F.);
#15591=CARTESIAN_POINT('',(5.894426784071634,-10.900623896838653,11.000000000000046));
#15592=DIRECTION('',(0.0,0.0,1.0));
#15593=DIRECTION('',(1.0,0.0,0.0));
#15594=AXIS2_PLACEMENT_3D('',#15591,#15592,#15593);
#15595=PLANE('',#15594);
#15596=CARTESIAN_POINT('',(5.894426784071650,-8.400623896838654,11.000000000000046));
#15597=VERTEX_POINT('',#15596);
#15598=CARTESIAN_POINT('',(5.894426784071650,-8.400623896838511,11.000000000000046));
#15599=DIRECTION('',(-1.0,0.0,0.0));
#15600=VECTOR('',#15599,6.000000000000280);
#15601=LINE('',#15598,#15600);
#15602=EDGE_CURVE('',#15597,#15557,#15601,.T.);
#15603=ORIENTED_EDGE('',*,*,#15602,.F.);
#15604=CARTESIAN_POINT('',(5.894426784071634,-10.900623896838653,11.000000000000046));
#15605=VERTEX_POINT('',#15604);
#15606=CARTESIAN_POINT('',(5.894426784071811,-10.900623896838653,11.000000000000046));
#15607=DIRECTION('',(0.0,1.0,0.0));
#15608=VECTOR('',#15607,2.499999999999998);
#15609=LINE('',#15606,#15608);
#15610=EDGE_CURVE('',#15605,#15597,#15609,.T.);
#15611=ORIENTED_EDGE('',*,*,#15610,.F.);
#15612=CARTESIAN_POINT('',(-0.105573215928647,-10.900623896838614,11.000000000000078));
#15613=DIRECTION('',(1.0,0.0,0.0));
#15614=VECTOR('',#15613,6.000000000000281);
#15615=LINE('',#15612,#15614);
#15616=EDGE_CURVE('',#15567,#15605,#15615,.T.);
#15617=ORIENTED_EDGE('',*,*,#15616,.F.);
#15618=ORIENTED_EDGE('',*,*,#15572,.T.);
#15619=EDGE_LOOP('',(#15603,#15611,#15617,#15618));
#15620=FACE_OUTER_BOUND('',#15619,.T.);
#15621=ADVANCED_FACE('',(#15620),#15595,.F.);
#15622=CARTESIAN_POINT('',(-16.105573215927279,-8.900623896838511,0.0));
#15623=DIRECTION('',(0.0,0.0,1.0));
#15624=DIRECTION('',(-1.0,0.0,0.0));
#15625=AXIS2_PLACEMENT_3D('',#15622,#15623,#15624);
#15626=CYLINDRICAL_SURFACE('',#15625,2.0);
#15627=ORIENTED_EDGE('',*,*,#15423,.T.);
#15628=CARTESIAN_POINT('',(-16.105573215927279,-10.900623896838511,28.000000000000004));
#15629=VERTEX_POINT('',#15628);
#15630=CARTESIAN_POINT('',(-16.105573215927279,-10.900623896838511,6.000000000000028));
#15631=DIRECTION('',(0.0,0.0,1.0));
#15632=VECTOR('',#15631,21.999999999999975);
#15633=LINE('',#15630,#15632);
#15634=EDGE_CURVE('',#15417,#15629,#15633,.T.);
#15635=ORIENTED_EDGE('',*,*,#15634,.T.);
#15636=CARTESIAN_POINT('',(-18.105573215927279,-8.900623896838539,28.000000000000004));
#15637=VERTEX_POINT('',#15636);
#15638=CARTESIAN_POINT('',(-16.105573215927279,-8.900623896838511,28.000000000000004));
#15639=DIRECTION('',(0.0,0.0,-1.0));
#15640=DIRECTION('',(-1.0,0.0,0.0));
#15641=AXIS2_PLACEMENT_3D('',#15638,#15639,#15640);
#15642=CIRCLE('',#15641,2.0);
#15643=EDGE_CURVE('',#15629,#15637,#15642,.T.);
#15644=ORIENTED_EDGE('',*,*,#15643,.T.);
#15645=CARTESIAN_POINT('',(-18.105573215927279,-8.900623896838539,6.000000000000028));
#15646=DIRECTION('',(0.0,0.0,1.0));
#15647=VECTOR('',#15646,21.999999999999975);
#15648=LINE('',#15645,#15647);
#15649=EDGE_CURVE('',#15415,#15637,#15648,.T.);
#15650=ORIENTED_EDGE('',*,*,#15649,.F.);
#15651=EDGE_LOOP('',(#15627,#15635,#15644,#15650));
#15652=FACE_OUTER_BOUND('',#15651,.T.);
#15653=ADVANCED_FACE('',(#15652),#15626,.T.);
#15654=CARTESIAN_POINT('',(5.894426784071811,-10.900623896838653,0.0));
#15655=DIRECTION('',(0.0,-1.0,0.0));
#15656=DIRECTION('',(0.0,0.0,-1.0));
#15657=AXIS2_PLACEMENT_3D('',#15654,#15655,#15656);
#15658=PLANE('',#15657);
#15659=ORIENTED_EDGE('',*,*,#15453,.T.);
#15660=ORIENTED_EDGE('',*,*,#15545,.T.);
#15661=ORIENTED_EDGE('',*,*,#15518,.T.);
#15662=ORIENTED_EDGE('',*,*,#15487,.T.);
#15663=CARTESIAN_POINT('',(-2.605573215928416,-10.900623896838598,0.0));
#15664=DIRECTION('',(1.0,0.0,0.0));
#15665=VECTOR('',#15664,2.500000000000000);
#15666=LINE('',#15663,#15665);
#15667=EDGE_CURVE('',#15474,#15575,#15666,.T.);
#15668=ORIENTED_EDGE('',*,*,#15667,.T.);
#15669=ORIENTED_EDGE('',*,*,#15580,.T.);
#15670=ORIENTED_EDGE('',*,*,#15616,.T.);
#15671=CARTESIAN_POINT('',(5.894426784071811,-10.900623896838653,28.000000000000004));
#15672=VERTEX_POINT('',#15671);
#15673=CARTESIAN_POINT('',(5.894426784071811,-10.900623896838653,11.000000000000046));
#15674=DIRECTION('',(0.0,0.0,1.0));
#15675=VECTOR('',#15674,16.999999999999957);
#15676=LINE('',#15673,#15675);
#15677=EDGE_CURVE('',#15605,#15672,#15676,.T.);
#15678=ORIENTED_EDGE('',*,*,#15677,.T.);
#15679=CARTESIAN_POINT('',(5.894426784071811,-10.900623896838653,28.000000000000004));
#15680=DIRECTION('',(-1.0,0.0,0.0));
#15681=VECTOR('',#15680,21.999999999999091);
#15682=LINE('',#15679,#15681);
#15683=EDGE_CURVE('',#15672,#15629,#15682,.T.);
#15684=ORIENTED_EDGE('',*,*,#15683,.T.);
#15685=ORIENTED_EDGE('',*,*,#15634,.F.);
#15686=EDGE_LOOP('',(#15659,#15660,#15661,#15662,#15668,#15669,#15670,#15678,#15684,#15685));
#15687=FACE_OUTER_BOUND('',#15686,.T.);
#15688=ADVANCED_FACE('',(#15687),#15658,.T.);
#15689=CARTESIAN_POINT('',(-10.851976937578737,14.349376103161513,0.0));
#15690=DIRECTION('',(0.0,0.0,1.0));
#15691=DIRECTION('',(1.0,0.0,0.0));
#15692=AXIS2_PLACEMENT_3D('',#15689,#15690,#15691);
#15693=PLANE('',#15692);
#15694=ORIENTED_EDGE('',*,*,#15479,.T.);
#15695=CARTESIAN_POINT('',(-0.105573215928399,-8.400623896838527,0.0));
#15696=DIRECTION('',(-1.0,0.0,0.0));
#15697=VECTOR('',#15696,2.500000000000001);
#15698=LINE('',#15695,#15697);
#15699=EDGE_CURVE('',#15559,#15464,#15698,.T.);
#15700=ORIENTED_EDGE('',*,*,#15699,.F.);
#15701=ORIENTED_EDGE('',*,*,#15586,.T.);
#15702=ORIENTED_EDGE('',*,*,#15667,.F.);
#15703=EDGE_LOOP('',(#15694,#15700,#15701,#15702));
#15704=FACE_OUTER_BOUND('',#15703,.T.);
#15705=ADVANCED_FACE('',(#15704),#15693,.F.);
#15706=CARTESIAN_POINT('',(-15.605573215927734,-8.400623896838567,0.0));
#15707=DIRECTION('',(0.0,1.0,0.0));
#15708=DIRECTION('',(0.0,0.0,1.0));
#15709=AXIS2_PLACEMENT_3D('',#15706,#15707,#15708);
#15710=PLANE('',#15709);
#15711=ORIENTED_EDGE('',*,*,#15439,.T.);
#15712=ORIENTED_EDGE('',*,*,#15398,.T.);
#15713=CARTESIAN_POINT('',(5.894426784071811,-8.400623896838511,28.000000000000004));
#15714=VERTEX_POINT('',#15713);
#15715=CARTESIAN_POINT('',(-15.605573215927734,-8.400623896838567,28.000000000000004));
#15716=DIRECTION('',(1.0,0.0,0.0));
#15717=VECTOR('',#15716,21.499999999999545);
#15718=LINE('',#15715,#15717);
#15719=EDGE_CURVE('',#15387,#15714,#15718,.T.);
#15720=ORIENTED_EDGE('',*,*,#15719,.T.);
#15721=CARTESIAN_POINT('',(5.894426784071811,-8.400623896838511,11.000000000000046));
#15722=DIRECTION('',(0.0,0.0,1.0));
#15723=VECTOR('',#15722,16.999999999999957);
#15724=LINE('',#15721,#15723);
#15725=EDGE_CURVE('',#15597,#15714,#15724,.T.);
#15726=ORIENTED_EDGE('',*,*,#15725,.F.);
#15727=ORIENTED_EDGE('',*,*,#15602,.T.);
#15728=ORIENTED_EDGE('',*,*,#15564,.T.);
#15729=ORIENTED_EDGE('',*,*,#15699,.T.);
#15730=ORIENTED_EDGE('',*,*,#15471,.T.);
#15731=ORIENTED_EDGE('',*,*,#15509,.T.);
#15732=ORIENTED_EDGE('',*,*,#15538,.T.);
#15733=EDGE_LOOP('',(#15711,#15712,#15720,#15726,#15727,#15728,#15729,#15730,#15731,#15732));
#15734=FACE_OUTER_BOUND('',#15733,.T.);
#15735=ADVANCED_FACE('',(#15734),#15710,.T.);
#15736=CARTESIAN_POINT('',(5.894426784071811,-8.400623896838511,0.0));
#15737=DIRECTION('',(1.0,0.0,0.0));
#15738=DIRECTION('',(0.0,0.0,-1.0));
#15739=AXIS2_PLACEMENT_3D('',#15736,#15737,#15738);
#15740=PLANE('',#15739);
#15741=ORIENTED_EDGE('',*,*,#15610,.T.);
#15742=ORIENTED_EDGE('',*,*,#15725,.T.);
#15743=CARTESIAN_POINT('',(5.894426784071811,-8.400623896838511,28.000000000000004));
#15744=DIRECTION('',(0.0,-1.0,0.0));
#15745=VECTOR('',#15744,2.500000000000142);
#15746=LINE('',#15743,#15745);
#15747=EDGE_CURVE('',#15714,#15672,#15746,.T.);
#15748=ORIENTED_EDGE('',*,*,#15747,.T.);
#15749=ORIENTED_EDGE('',*,*,#15677,.F.);
#15750=EDGE_LOOP('',(#15741,#15742,#15748,#15749));
#15751=FACE_OUTER_BOUND('',#15750,.T.);
#15752=ADVANCED_FACE('',(#15751),#15740,.T.);
#15753=CARTESIAN_POINT('',(-18.105573215927279,-8.900623896838539,0.0));
#15754=DIRECTION('',(-1.0,0.0,0.0));
#15755=DIRECTION('',(0.0,0.0,1.0));
#15756=AXIS2_PLACEMENT_3D('',#15753,#15754,#15755);
#15757=PLANE('',#15756);
#15758=ORIENTED_EDGE('',*,*,#15429,.T.);
#15759=ORIENTED_EDGE('',*,*,#15649,.T.);
#15760=CARTESIAN_POINT('',(-18.105573215928189,37.599376103161319,28.000000000000004));
#15761=VERTEX_POINT('',#15760);
#15762=CARTESIAN_POINT('',(-18.105573215927279,-8.900623896838539,28.000000000000004));
#15763=DIRECTION('',(0.0,1.0,0.0));
#15764=VECTOR('',#15763,46.499999999999858);
#15765=LINE('',#15762,#15764);
#15766=EDGE_CURVE('',#15637,#15761,#15765,.T.);
#15767=ORIENTED_EDGE('',*,*,#15766,.T.);
#15768=CARTESIAN_POINT('',(-18.105573215928189,37.599376103161319,2.000000000000184));
#15769=DIRECTION('',(0.0,0.0,1.0));
#15770=VECTOR('',#15769,25.999999999999819);
#15771=LINE('',#15768,#15770);
#15772=EDGE_CURVE('',#15341,#15761,#15771,.T.);
#15773=ORIENTED_EDGE('',*,*,#15772,.F.);
#15774=ORIENTED_EDGE('',*,*,#15356,.T.);
#15775=ORIENTED_EDGE('',*,*,#15062,.T.);
#15776=ORIENTED_EDGE('',*,*,#15322,.T.);
#15777=ORIENTED_EDGE('',*,*,#15293,.T.);
#15778=ORIENTED_EDGE('',*,*,#15262,.T.);
#15779=ORIENTED_EDGE('',*,*,#15224,.T.);
#15780=EDGE_LOOP('',(#15758,#15759,#15767,#15773,#15774,#15775,#15776,#15777,#15778,#15779));
#15781=FACE_OUTER_BOUND('',#15780,.T.);
#15782=ORIENTED_EDGE('',*,*,#15106,.T.);
#15783=EDGE_LOOP('',(#15782));
#15784=FACE_BOUND('',#15783,.T.);
#15785=ORIENTED_EDGE('',*,*,#15155,.T.);
#15786=EDGE_LOOP('',(#15785));
#15787=FACE_BOUND('',#15786,.T.);
#15788=ADVANCED_FACE('',(#15781,#15784,#15787),#15757,.T.);
#15789=CARTESIAN_POINT('',(-16.105573215928189,37.599376103161376,0.0));
#15790=DIRECTION('',(0.0,0.0,1.0));
#15791=DIRECTION('',(0.0,1.0,0.0));
#15792=AXIS2_PLACEMENT_3D('',#15789,#15790,#15791);
#15793=CYLINDRICAL_SURFACE('',#15792,2.0);
#15794=ORIENTED_EDGE('',*,*,#15347,.T.);
#15795=ORIENTED_EDGE('',*,*,#15772,.T.);
#15796=CARTESIAN_POINT('',(-16.105573215928189,37.599376103161376,28.000000000000004));
#15797=DIRECTION('',(0.0,0.0,-1.0));
#15798=DIRECTION('',(0.0,1.0,0.0));
#15799=AXIS2_PLACEMENT_3D('',#15796,#15797,#15798);
#15800=CIRCLE('',#15799,2.0);
#15801=EDGE_CURVE('',#15761,#15018,#15800,.T.);
#15802=ORIENTED_EDGE('',*,*,#15801,.T.);
#15803=ORIENTED_EDGE('',*,*,#15023,.F.);
#15804=EDGE_LOOP('',(#15794,#15795,#15802,#15803));
#15805=FACE_OUTER_BOUND('',#15804,.T.);
#15806=ADVANCED_FACE('',(#15805),#15793,.T.);
#15807=CARTESIAN_POINT('',(5.894426784071584,39.599376103161489,0.0));
#15808=DIRECTION('',(1.0,0.0,0.0));
#15809=DIRECTION('',(0.0,0.0,-1.0));
#15810=AXIS2_PLACEMENT_3D('',#15807,#15808,#15809);
#15811=PLANE('',#15810);
#15812=ORIENTED_EDGE('',*,*,#14958,.T.);
#15813=ORIENTED_EDGE('',*,*,#15037,.T.);
#15814=CARTESIAN_POINT('',(5.894426784071811,37.099376103161489,28.000000000000004));
#15815=VERTEX_POINT('',#15814);
#15816=CARTESIAN_POINT('',(5.894426784071584,39.599376103161489,28.000000000000004));
#15817=DIRECTION('',(0.0,-1.0,0.0));
#15818=VECTOR('',#15817,2.500000000000000);
#15819=LINE('',#15816,#15818);
#15820=EDGE_CURVE('',#15026,#15815,#15819,.T.);
#15821=ORIENTED_EDGE('',*,*,#15820,.T.);
#15822=CARTESIAN_POINT('',(5.894426784071811,37.099376103161489,6.000000000000001));
#15823=DIRECTION('',(0.0,0.0,1.0));
#15824=VECTOR('',#15823,22.000000000000004);
#15825=LINE('',#15822,#15824);
#15826=EDGE_CURVE('',#14938,#15815,#15825,.T.);
#15827=ORIENTED_EDGE('',*,*,#15826,.F.);
#15828=EDGE_LOOP('',(#15812,#15813,#15821,#15827));
#15829=FACE_OUTER_BOUND('',#15828,.T.);
#15830=ADVANCED_FACE('',(#15829),#15811,.T.);
#15831=CARTESIAN_POINT('',(5.894426784071811,37.099376103161489,0.0));
#15832=DIRECTION('',(0.0,-1.0,0.0));
#15833=DIRECTION('',(0.0,0.0,-1.0));
#15834=AXIS2_PLACEMENT_3D('',#15831,#15832,#15833);
#15835=PLANE('',#15834);
#15836=ORIENTED_EDGE('',*,*,#14943,.T.);
#15837=ORIENTED_EDGE('',*,*,#15826,.T.);
#15838=CARTESIAN_POINT('',(5.894426784071811,37.099376103161489,28.000000000000004));
#15839=DIRECTION('',(-1.0,0.0,0.0));
#15840=VECTOR('',#15839,21.499999999999545);
#15841=LINE('',#15838,#15840);
#15842=EDGE_CURVE('',#15815,#15379,#15841,.T.);
#15843=ORIENTED_EDGE('',*,*,#15842,.T.);
#15844=ORIENTED_EDGE('',*,*,#15384,.F.);
#15845=ORIENTED_EDGE('',*,*,#14688,.T.);
#15846=ORIENTED_EDGE('',*,*,#14726,.T.);
#15847=ORIENTED_EDGE('',*,*,#14757,.T.);
#15848=ORIENTED_EDGE('',*,*,#14788,.T.);
#15849=ORIENTED_EDGE('',*,*,#14819,.T.);
#15850=ORIENTED_EDGE('',*,*,#14850,.T.);
#15851=ORIENTED_EDGE('',*,*,#14881,.T.);
#15852=ORIENTED_EDGE('',*,*,#14912,.T.);
#15853=EDGE_LOOP('',(#15836,#15837,#15843,#15844,#15845,#15846,#15847,#15848,#15849,#15850,#15851,#15852));
#15854=FACE_OUTER_BOUND('',#15853,.T.);
#15855=ADVANCED_FACE('',(#15854),#15835,.T.);
#15856=CARTESIAN_POINT('',(-10.851976937578737,14.349376103161514,28.000000000000004));
#15857=DIRECTION('',(0.0,0.0,1.0));
#15858=DIRECTION('',(1.0,0.0,0.0));
#15859=AXIS2_PLACEMENT_3D('',#15856,#15857,#15858);
#15860=PLANE('',#15859);
#15861=ORIENTED_EDGE('',*,*,#15719,.F.);
#15862=ORIENTED_EDGE('',*,*,#15392,.F.);
#15863=ORIENTED_EDGE('',*,*,#15842,.F.);
#15864=ORIENTED_EDGE('',*,*,#15820,.F.);
#15865=ORIENTED_EDGE('',*,*,#15031,.F.);
#15866=ORIENTED_EDGE('',*,*,#15801,.F.);
#15867=ORIENTED_EDGE('',*,*,#15766,.F.);
#15868=ORIENTED_EDGE('',*,*,#15643,.F.);
#15869=ORIENTED_EDGE('',*,*,#15683,.F.);
#15870=ORIENTED_EDGE('',*,*,#15747,.F.);
#15871=EDGE_LOOP('',(#15861,#15862,#15863,#15864,#15865,#15866,#15867,#15868,#15869,#15870));
#15872=FACE_OUTER_BOUND('',#15871,.T.);
#15873=ADVANCED_FACE('',(#15872),#15860,.T.);
#15874=CLOSED_SHELL('',(#14714,#14745,#14776,#14807,#14838,#14869,#14900,#14931,#14962,#14993,#15041,#15072,#15121,#15170,#15190,#15210,#15250,#15281,#15312,#15334,#15360,#15408,#15457,#15497,#15528,#15550,#15590,#15621,#15653,#15688,#15705,#15735,#15752,#15788,#15806,#15830,#15855,#15873));
#15875=MANIFOLD_SOLID_BREP('\X2\5BE69AD4\X0\1',#15874);
#15876=DRAUGHTING_PRE_DEFINED_COLOUR('cyan');
#15877=FILL_AREA_STYLE_COLOUR('\X2\FFFDFFFDFFFDFFFD\X0\ (\X2\FFFD\X0\G)',#15876);
#15878=FILL_AREA_STYLE('\X2\FFFDFFFDFFFDFFFD\X0\ (\X2\FFFD\X0\G)',(#15877));
#15879=SURFACE_STYLE_FILL_AREA(#15878);
#15880=SURFACE_SIDE_STYLE('\X2\FFFDFFFDFFFDFFFD\X0\ (\X2\FFFD\X0\G)',(#15879));
#15881=SURFACE_STYLE_USAGE(.BOTH.,#15880);
#15882=PRESENTATION_STYLE_ASSIGNMENT((#15881));
#15883=STYLED_ITEM('',(#15882),#15875);
#15884=ADVANCED_BREP_SHAPE_REPRESENTATION('ABSR',(#15875),#14643);
#15885=SHAPE_REPRESENTATION_RELATIONSHIP('SRR','None',#15884,#14648);
#15886=AXIS2_PLACEMENT_3D('',#15887,#15888,#15889);
#15887=CARTESIAN_POINT('',(71.510600781116523,2.926071072164302,-0.399999999999627));
#15888=DIRECTION('',(6.767906E-017,-2.715454E-013,0.999999999999998));
#15889=DIRECTION('',(0.999999999999997,1.040834E-016,-1.908196E-017));
#15890=NEXT_ASSEMBLY_USAGE_OCCURRENCE('HS-172:1','HS-172:1','HS-172:1',#12,#14619,'HS-172:1');
#15891=PRODUCT_DEFINITION_SHAPE('HS-172:1','HS-172:1',#15890);
#15892=ITEM_DEFINED_TRANSFORMATION('HS-172:1','HS-172:1',#14644,#15886);
#15896=(REPRESENTATION_RELATIONSHIP('HS-172:1','HS-172:1',#14648,#41)REPRESENTATION_RELATIONSHIP_WITH_TRANSFORMATION(#15892)SHAPE_REPRESENTATION_RELATIONSHIP());
#15897=CONTEXT_DEPENDENT_SHAPE_REPRESENTATION(#15896,#15891);
#15898=APPLICATION_CONTEXT('automotive design');
#15899=APPLICATION_PROTOCOL_DEFINITION('International Standard','automotive_design',2001,#15898);
#15900=PRODUCT_CONTEXT('',#15898,'mechanical');
#15901=PRODUCT('T1','T1',$,(#15900));
#15902=PRODUCT_RELATED_PRODUCT_CATEGORY('part',$,(#15901));
#15903=PRODUCT_DEFINITION_FORMATION('',$,#15901);
#15904=PRODUCT_DEFINITION_CONTEXT('part definition',#15898,'design');
#15905=PRODUCT_DEFINITION('',$,#15903,#15904);
#15911=(NAMED_UNIT(*)PLANE_ANGLE_UNIT()SI_UNIT($,.RADIAN.));
#15912=DIMENSIONAL_EXPONENTS(0.0,0.0,0.0,0.0,0.0,0.0,0.0);
#15913=PLANE_ANGLE_MEASURE_WITH_UNIT(PLANE_ANGLE_MEASURE(0.017453292500000),#15911);
#15917=(CONVERSION_BASED_UNIT('DEGREE',#15913)NAMED_UNIT(#15912)PLANE_ANGLE_UNIT());
#15921=(NAMED_UNIT(*)SI_UNIT($,.STERADIAN.)SOLID_ANGLE_UNIT());
#15925=(LENGTH_UNIT()NAMED_UNIT(*)SI_UNIT(.MILLI.,.METRE.));
#15927=UNCERTAINTY_MEASURE_WITH_UNIT(LENGTH_MEASURE(0.010000000000000),#15925,'DISTANCE_ACCURACY_VALUE','');
#15929=(GEOMETRIC_REPRESENTATION_CONTEXT(3)GLOBAL_UNCERTAINTY_ASSIGNED_CONTEXT((#15927))GLOBAL_UNIT_ASSIGNED_CONTEXT((#15917,#15921,#15925))REPRESENTATION_CONTEXT('None','None'));
#15930=AXIS2_PLACEMENT_3D('',#15931,#15932,#15933);
#15931=CARTESIAN_POINT('',(0.0,0.0,0.0));
#15932=DIRECTION('',(0.0,0.0,1.0));
#15933=DIRECTION('',(1.0,0.0,0.0));
#15934=SHAPE_REPRESENTATION('',(#15930),#15929);
#15935=PRODUCT_DEFINITION_SHAPE('','',#15905);
#15936=SHAPE_DEFINITION_REPRESENTATION(#15935,#15934);
#15942=(NAMED_UNIT(*)PLANE_ANGLE_UNIT()SI_UNIT($,.RADIAN.));
#15943=DIMENSIONAL_EXPONENTS(0.0,0.0,0.0,0.0,0.0,0.0,0.0);
#15944=PLANE_ANGLE_MEASURE_WITH_UNIT(PLANE_ANGLE_MEASURE(0.017453292500000),#15942);
#15948=(CONVERSION_BASED_UNIT('DEGREE',#15944)NAMED_UNIT(#15943)PLANE_ANGLE_UNIT());
#15952=(NAMED_UNIT(*)SI_UNIT($,.STERADIAN.)SOLID_ANGLE_UNIT());
#15956=(LENGTH_UNIT()NAMED_UNIT(*)SI_UNIT(.MILLI.,.METRE.));
#15958=UNCERTAINTY_MEASURE_WITH_UNIT(LENGTH_MEASURE(0.000001000000000),#15956,'DISTANCE_ACCURACY_VALUE','');
#15960=(GEOMETRIC_REPRESENTATION_CONTEXT(3)GLOBAL_UNCERTAINTY_ASSIGNED_CONTEXT((#15958))GLOBAL_UNIT_ASSIGNED_CONTEXT((#15948,#15952,#15956))REPRESENTATION_CONTEXT('','3D'));
#15961=CARTESIAN_POINT('',(-11.646990688303049,-6.356785033113810,0.0));
#15962=DIRECTION('',(0.0,0.0,1.0));
#15963=DIRECTION('',(0.999999999999998,-0.000000064233134,0.0));
#15964=AXIS2_PLACEMENT_3D('',#15961,#15962,#15963);
#15965=CYLINDRICAL_SURFACE('',#15964,0.999999935766882);
#15966=CARTESIAN_POINT('',(-11.646990624069872,-7.356784968880676,25.0));
#15967=VERTEX_POINT('',#15966);
#15968=CARTESIAN_POINT('',(-12.646990624069929,-6.356784968880680,25.0));
#15969=VERTEX_POINT('',#15968);
#15970=CARTESIAN_POINT('',(-11.646990688303049,-6.356785033113810,25.0));
#15971=DIRECTION('',(0.0,0.0,-1.000000000000000));
#15972=DIRECTION('',(0.999999999999998,-0.000000064233134,0.0));
#15973=AXIS2_PLACEMENT_3D('',#15970,#15971,#15972);
#15974=CIRCLE('',#15973,0.999999935766882);
#15975=EDGE_CURVE('',#15967,#15969,#15974,.T.);
#15976=ORIENTED_EDGE('',*,*,#15975,.T.);
#15977=CARTESIAN_POINT('',(-12.646990624069929,-6.356784968880680,0.0));
#15978=VERTEX_POINT('',#15977);
#15979=CARTESIAN_POINT('',(-12.646990624069929,-6.356784968880680,0.0));
#15980=DIRECTION('',(0.0,0.0,1.0));
#15981=VECTOR('',#15980,25.0);
#15982=LINE('',#15979,#15981);
#15983=EDGE_CURVE('',#15978,#15969,#15982,.T.);
#15984=ORIENTED_EDGE('',*,*,#15983,.F.);
#15985=CARTESIAN_POINT('',(-11.646990624069872,-7.356784968880676,0.0));
#15986=VERTEX_POINT('',#15985);
#15987=CARTESIAN_POINT('',(-11.646990688303049,-6.356785033113810,0.0));
#15988=DIRECTION('',(0.0,0.0,-1.000000000000000));
#15989=DIRECTION('',(0.999999999999998,-0.000000064233134,0.0));
#15990=AXIS2_PLACEMENT_3D('',#15987,#15988,#15989);
#15991=CIRCLE('',#15990,0.999999935766882);
#15992=EDGE_CURVE('',#15986,#15978,#15991,.T.);
#15993=ORIENTED_EDGE('',*,*,#15992,.F.);
#15994=CARTESIAN_POINT('',(-11.646990624069872,-7.356784968880676,0.0));
#15995=DIRECTION('',(0.0,0.0,1.0));
#15996=VECTOR('',#15995,25.0);
#15997=LINE('',#15994,#15996);
#15998=EDGE_CURVE('',#15986,#15967,#15997,.T.);
#15999=ORIENTED_EDGE('',*,*,#15998,.T.);
#16000=EDGE_LOOP('',(#15976,#15984,#15993,#15999));
#16001=FACE_OUTER_BOUND('',#16000,.T.);
#16002=ADVANCED_FACE('',(#16001),#15965,.T.);
#16003=CARTESIAN_POINT('',(-12.646990624069929,-6.356784968880680,0.0));
#16004=DIRECTION('',(-1.0,0.0,0.0));
#16005=DIRECTION('',(0.0,0.0,1.0));
#16006=AXIS2_PLACEMENT_3D('',#16003,#16004,#16005);
#16007=PLANE('',#16006);
#16008=CARTESIAN_POINT('',(-12.646990624069874,21.643215095352460,25.0));
#16009=VERTEX_POINT('',#16008);
#16010=CARTESIAN_POINT('',(-12.646990624069929,-6.356784968880680,25.0));
#16011=DIRECTION('',(0.0,1.0,0.0));
#16012=VECTOR('',#16011,28.000000064233141);
#16013=LINE('',#16010,#16012);
#16014=EDGE_CURVE('',#15969,#16009,#16013,.T.);
#16015=ORIENTED_EDGE('',*,*,#16014,.T.);
#16016=CARTESIAN_POINT('',(-12.646990624069874,21.643215095352460,0.0));
#16017=VERTEX_POINT('',#16016);
#16018=CARTESIAN_POINT('',(-12.646990624069874,21.643215095352460,0.0));
#16019=DIRECTION('',(0.0,0.0,1.0));
#16020=VECTOR('',#16019,25.0);
#16021=LINE('',#16018,#16020);
#16022=EDGE_CURVE('',#16017,#16009,#16021,.T.);
#16023=ORIENTED_EDGE('',*,*,#16022,.F.);
#16024=CARTESIAN_POINT('',(-12.646990624069929,-6.356784968880680,0.0));
#16025=DIRECTION('',(0.0,1.0,0.0));
#16026=VECTOR('',#16025,28.000000064233141);
#16027=LINE('',#16024,#16026);
#16028=EDGE_CURVE('',#15978,#16017,#16027,.T.);
#16029=ORIENTED_EDGE('',*,*,#16028,.F.);
#16030=ORIENTED_EDGE('',*,*,#15983,.T.);
#16031=EDGE_LOOP('',(#16015,#16023,#16029,#16030));
#16032=FACE_OUTER_BOUND('',#16031,.T.);
#16033=ADVANCED_FACE('',(#16032),#16007,.T.);
#16034=CARTESIAN_POINT('',(-11.646990688302255,21.643215095352460,0.0));
#16035=DIRECTION('',(0.0,0.0,1.0));
#16036=DIRECTION('',(-0.000000064233067,-0.999999999999998,0.0));
#16037=AXIS2_PLACEMENT_3D('',#16034,#16035,#16036);
#16038=CYLINDRICAL_SURFACE('',#16037,0.999999935766939);
#16039=CARTESIAN_POINT('',(-11.646990624069192,22.643215031119400,25.0));
#16040=VERTEX_POINT('',#16039);
#16041=CARTESIAN_POINT('',(-11.646990688302255,21.643215095352460,25.0));
#16042=DIRECTION('',(0.0,0.0,-1.000000000000000));
#16043=DIRECTION('',(-0.000000064233067,-0.999999999999998,0.0));
#16044=AXIS2_PLACEMENT_3D('',#16041,#16042,#16043);
#16045=CIRCLE('',#16044,0.999999935766939);
#16046=EDGE_CURVE('',#16009,#16040,#16045,.T.);
#16047=ORIENTED_EDGE('',*,*,#16046,.T.);
#16048=CARTESIAN_POINT('',(-11.646990624069192,22.643215031119400,0.0));
#16049=VERTEX_POINT('',#16048);
#16050=CARTESIAN_POINT('',(-11.646990624069192,22.643215031119400,0.0));
#16051=DIRECTION('',(0.0,0.0,1.0));
#16052=VECTOR('',#16051,25.0);
#16053=LINE('',#16050,#16052);
#16054=EDGE_CURVE('',#16049,#16040,#16053,.T.);
#16055=ORIENTED_EDGE('',*,*,#16054,.F.);
#16056=CARTESIAN_POINT('',(-11.646990688302255,21.643215095352460,0.0));
#16057=DIRECTION('',(0.0,0.0,-1.000000000000000));
#16058=DIRECTION('',(-0.000000064233067,-0.999999999999998,0.0));
#16059=AXIS2_PLACEMENT_3D('',#16056,#16057,#16058);
#16060=CIRCLE('',#16059,0.999999935766939);
#16061=EDGE_CURVE('',#16017,#16049,#16060,.T.);
#16062=ORIENTED_EDGE('',*,*,#16061,.F.);
#16063=ORIENTED_EDGE('',*,*,#16022,.T.);
#16064=EDGE_LOOP('',(#16047,#16055,#16062,#16063));
#16065=FACE_OUTER_BOUND('',#16064,.T.);
#16066=ADVANCED_FACE('',(#16065),#16038,.T.);
#16067=CARTESIAN_POINT('',(-11.646990624069192,22.643215031119400,0.0));
#16068=DIRECTION('',(0.0,1.0,0.0));
#16069=DIRECTION('',(0.0,0.0,1.0));
#16070=AXIS2_PLACEMENT_3D('',#16067,#16068,#16069);
#16071=PLANE('',#16070);
#16072=CARTESIAN_POINT('',(15.353009375930128,22.643215031119400,25.0));
#16073=VERTEX_POINT('',#16072);
#16074=CARTESIAN_POINT('',(-11.646990624069190,22.643215031119400,25.0));
#16075=DIRECTION('',(1.0,0.0,0.0));
#16076=VECTOR('',#16075,26.999999999999318);
#16077=LINE('',#16074,#16076);
#16078=EDGE_CURVE('',#16040,#16073,#16077,.T.);
#16079=ORIENTED_EDGE('',*,*,#16078,.T.);
#16080=CARTESIAN_POINT('',(15.353009375930128,22.643215031119400,0.0));
#16081=VERTEX_POINT('',#16080);
#16082=CARTESIAN_POINT('',(15.353009375930128,22.643215031119400,0.0));
#16083=DIRECTION('',(0.0,0.0,1.0));
#16084=VECTOR('',#16083,25.0);
#16085=LINE('',#16082,#16084);
#16086=EDGE_CURVE('',#16081,#16073,#16085,.T.);
#16087=ORIENTED_EDGE('',*,*,#16086,.F.);
#16088=CARTESIAN_POINT('',(-11.646990624069190,22.643215031119400,0.0));
#16089=DIRECTION('',(1.0,0.0,0.0));
#16090=VECTOR('',#16089,26.999999999999318);
#16091=LINE('',#16088,#16090);
#16092=EDGE_CURVE('',#16049,#16081,#16091,.T.);
#16093=ORIENTED_EDGE('',*,*,#16092,.F.);
#16094=ORIENTED_EDGE('',*,*,#16054,.T.);
#16095=EDGE_LOOP('',(#16079,#16087,#16093,#16094));
#16096=FACE_OUTER_BOUND('',#16095,.T.);
#16097=ADVANCED_FACE('',(#16096),#16071,.T.);
#16098=CARTESIAN_POINT('',(15.353009440163191,21.643215095352460,0.0));
#16099=DIRECTION('',(0.0,0.0,1.0));
#16100=DIRECTION('',(-0.999999999999998,0.000000064233138,0.0));
#16101=AXIS2_PLACEMENT_3D('',#16098,#16099,#16100);
#16102=CYLINDRICAL_SURFACE('',#16101,0.999999935766939);
#16103=CARTESIAN_POINT('',(16.353009375930128,21.643215031119325,25.0));
#16104=VERTEX_POINT('',#16103);
#16105=CARTESIAN_POINT('',(15.353009440163191,21.643215095352460,25.0));
#16106=DIRECTION('',(0.0,0.0,-1.000000000000000));
#16107=DIRECTION('',(-0.999999999999998,0.000000064233138,0.0));
#16108=AXIS2_PLACEMENT_3D('',#16105,#16106,#16107);
#16109=CIRCLE('',#16108,0.999999935766939);
#16110=EDGE_CURVE('',#16073,#16104,#16109,.T.);
#16111=ORIENTED_EDGE('',*,*,#16110,.T.);
#16112=CARTESIAN_POINT('',(16.353009375930128,21.643215031119325,0.0));
#16113=VERTEX_POINT('',#16112);
#16114=CARTESIAN_POINT('',(16.353009375930128,21.643215031119325,0.0));
#16115=DIRECTION('',(0.0,0.0,1.0));
#16116=VECTOR('',#16115,25.0);
#16117=LINE('',#16114,#16116);
#16118=EDGE_CURVE('',#16113,#16104,#16117,.T.);
#16119=ORIENTED_EDGE('',*,*,#16118,.F.);
#16120=CARTESIAN_POINT('',(15.353009440163191,21.643215095352460,0.0));
#16121=DIRECTION('',(0.0,0.0,-1.000000000000000));
#16122=DIRECTION('',(-0.999999999999998,0.000000064233138,0.0));
#16123=AXIS2_PLACEMENT_3D('',#16120,#16121,#16122);
#16124=CIRCLE('',#16123,0.999999935766939);
#16125=EDGE_CURVE('',#16081,#16113,#16124,.T.);
#16126=ORIENTED_EDGE('',*,*,#16125,.F.);
#16127=ORIENTED_EDGE('',*,*,#16086,.T.);
#16128=EDGE_LOOP('',(#16111,#16119,#16126,#16127));
#16129=FACE_OUTER_BOUND('',#16128,.T.);
#16130=ADVANCED_FACE('',(#16129),#16102,.T.);
#16131=CARTESIAN_POINT('',(16.353009375930128,21.643215031119325,0.0));
#16132=DIRECTION('',(1.0,0.0,0.0));
#16133=DIRECTION('',(0.0,0.0,-1.0));
#16134=AXIS2_PLACEMENT_3D('',#16131,#16132,#16133);
#16135=PLANE('',#16134);
#16136=CARTESIAN_POINT('',(16.353009375930014,-6.356784968880680,25.0));
#16137=VERTEX_POINT('',#16136);
#16138=CARTESIAN_POINT('',(16.353009375930128,21.643215031119325,25.0));
#16139=DIRECTION('',(0.0,-1.0,0.0));
#16140=VECTOR('',#16139,28.000000000000007);
#16141=LINE('',#16138,#16140);
#16142=EDGE_CURVE('',#16104,#16137,#16141,.T.);
#16143=ORIENTED_EDGE('',*,*,#16142,.T.);
#16144=CARTESIAN_POINT('',(16.353009375930014,-6.356784968880680,0.0));
#16145=VERTEX_POINT('',#16144);
#16146=CARTESIAN_POINT('',(16.353009375930014,-6.356784968880680,0.0));
#16147=DIRECTION('',(0.0,0.0,1.0));
#16148=VECTOR('',#16147,25.0);
#16149=LINE('',#16146,#16148);
#16150=EDGE_CURVE('',#16145,#16137,#16149,.T.);
#16151=ORIENTED_EDGE('',*,*,#16150,.F.);
#16152=CARTESIAN_POINT('',(16.353009375930128,21.643215031119325,0.0));
#16153=DIRECTION('',(0.0,-1.0,0.0));
#16154=VECTOR('',#16153,28.000000000000007);
#16155=LINE('',#16152,#16154);
#16156=EDGE_CURVE('',#16113,#16145,#16155,.T.);
#16157=ORIENTED_EDGE('',*,*,#16156,.F.);
#16158=ORIENTED_EDGE('',*,*,#16118,.T.);
#16159=EDGE_LOOP('',(#16143,#16151,#16157,#16158));
#16160=FACE_OUTER_BOUND('',#16159,.T.);
#16161=ADVANCED_FACE('',(#16160),#16135,.T.);
#16162=CARTESIAN_POINT('',(15.353009440163191,-6.356785033113867,0.0));
#16163=DIRECTION('',(0.0,0.0,1.0));
#16164=DIRECTION('',(0.000000064233067,0.999999999999998,0.0));
#16165=AXIS2_PLACEMENT_3D('',#16162,#16163,#16164);
#16166=CYLINDRICAL_SURFACE('',#16165,0.999999935766825);
#16167=CARTESIAN_POINT('',(15.353009375930128,-7.356784968880690,25.0));
#16168=VERTEX_POINT('',#16167);
#16169=CARTESIAN_POINT('',(15.353009440163191,-6.356785033113867,25.0));
#16170=DIRECTION('',(0.0,0.0,-1.000000000000000));
#16171=DIRECTION('',(0.000000064233067,0.999999999999998,0.0));
#16172=AXIS2_PLACEMENT_3D('',#16169,#16170,#16171);
#16173=CIRCLE('',#16172,0.999999935766825);
#16174=EDGE_CURVE('',#16137,#16168,#16173,.T.);
#16175=ORIENTED_EDGE('',*,*,#16174,.T.);
#16176=CARTESIAN_POINT('',(15.353009375930128,-7.356784968880690,0.0));
#16177=VERTEX_POINT('',#16176);
#16178=CARTESIAN_POINT('',(15.353009375930128,-7.356784968880690,0.0));
#16179=DIRECTION('',(0.0,0.0,1.0));
#16180=VECTOR('',#16179,25.0);
#16181=LINE('',#16178,#16180);
#16182=EDGE_CURVE('',#16177,#16168,#16181,.T.);
#16183=ORIENTED_EDGE('',*,*,#16182,.F.);
#16184=CARTESIAN_POINT('',(15.353009440163191,-6.356785033113867,0.0));
#16185=DIRECTION('',(0.0,0.0,-1.000000000000000));
#16186=DIRECTION('',(0.000000064233067,0.999999999999998,0.0));
#16187=AXIS2_PLACEMENT_3D('',#16184,#16185,#16186);
#16188=CIRCLE('',#16187,0.999999935766825);
#16189=EDGE_CURVE('',#16145,#16177,#16188,.T.);
#16190=ORIENTED_EDGE('',*,*,#16189,.F.);
#16191=ORIENTED_EDGE('',*,*,#16150,.T.);
#16192=EDGE_LOOP('',(#16175,#16183,#16190,#16191));
#16193=FACE_OUTER_BOUND('',#16192,.T.);
#16194=ADVANCED_FACE('',(#16193),#16166,.T.);
#16195=CARTESIAN_POINT('',(-9.614530624070085,-7.356784968880676,0.0));
#16196=DIRECTION('',(0.0,-1.0,0.0));
#16197=DIRECTION('',(0.0,0.0,-1.0));
#16198=AXIS2_PLACEMENT_3D('',#16195,#16196,#16197);
#16199=PLANE('',#16198);
#16200=CARTESIAN_POINT('',(15.353009375930128,-7.356784968880676,25.0));
#16201=DIRECTION('',(-1.0,0.0,0.0));
#16202=VECTOR('',#16201,27.0);
#16203=LINE('',#16200,#16202);
#16204=EDGE_CURVE('',#16168,#15967,#16203,.T.);
#16205=ORIENTED_EDGE('',*,*,#16204,.T.);
#16206=ORIENTED_EDGE('',*,*,#15998,.F.);
#16207=CARTESIAN_POINT('',(15.353009375930128,-7.356784968880676,0.0));
#16208=DIRECTION('',(-1.0,0.0,0.0));
#16209=VECTOR('',#16208,27.0);
#16210=LINE('',#16207,#16209);
#16211=EDGE_CURVE('',#16177,#15986,#16210,.T.);
#16212=ORIENTED_EDGE('',*,*,#16211,.F.);
#16213=ORIENTED_EDGE('',*,*,#16182,.T.);
#16214=EDGE_LOOP('',(#16205,#16206,#16212,#16213));
#16215=FACE_OUTER_BOUND('',#16214,.T.);
#16216=ADVANCED_FACE('',(#16215),#16199,.T.);
#16217=CARTESIAN_POINT('',(1.853009375902719,7.643215031134912,25.0));
#16218=DIRECTION('',(0.0,0.0,1.0));
#16219=DIRECTION('',(1.0,0.0,0.0));
#16220=AXIS2_PLACEMENT_3D('',#16217,#16218,#16219);
#16221=PLANE('',#16220);
#16222=ORIENTED_EDGE('',*,*,#15975,.F.);
#16223=ORIENTED_EDGE('',*,*,#16204,.F.);
#16224=ORIENTED_EDGE('',*,*,#16174,.F.);
#16225=ORIENTED_EDGE('',*,*,#16142,.F.);
#16226=ORIENTED_EDGE('',*,*,#16110,.F.);
#16227=ORIENTED_EDGE('',*,*,#16078,.F.);
#16228=ORIENTED_EDGE('',*,*,#16046,.F.);
#16229=ORIENTED_EDGE('',*,*,#16014,.F.);
#16230=EDGE_LOOP('',(#16222,#16223,#16224,#16225,#16226,#16227,#16228,#16229));
#16231=FACE_OUTER_BOUND('',#16230,.T.);
#16232=ADVANCED_FACE('',(#16231),#16221,.T.);
#16233=CARTESIAN_POINT('',(1.853009375902720,7.643215031134913,0.0));
#16234=DIRECTION('',(0.0,0.0,1.0));
#16235=DIRECTION('',(1.0,0.0,0.0));
#16236=AXIS2_PLACEMENT_3D('',#16233,#16234,#16235);
#16237=PLANE('',#16236);
#16238=ORIENTED_EDGE('',*,*,#16211,.T.);
#16239=ORIENTED_EDGE('',*,*,#15992,.T.);
#16240=ORIENTED_EDGE('',*,*,#16028,.T.);
#16241=ORIENTED_EDGE('',*,*,#16061,.T.);
#16242=ORIENTED_EDGE('',*,*,#16092,.T.);
#16243=ORIENTED_EDGE('',*,*,#16125,.T.);
#16244=ORIENTED_EDGE('',*,*,#16156,.T.);
#16245=ORIENTED_EDGE('',*,*,#16189,.T.);
#16246=EDGE_LOOP('',(#16238,#16239,#16240,#16241,#16242,#16243,#16244,#16245));
#16247=FACE_OUTER_BOUND('',#16246,.T.);
#16248=ADVANCED_FACE('',(#16247),#16237,.F.);
#16249=CLOSED_SHELL('',(#16002,#16033,#16066,#16097,#16130,#16161,#16194,#16216,#16232,#16248));
#16250=MANIFOLD_SOLID_BREP('\X2\5BE69AD4\X0\1',#16249);
#16251=DRAUGHTING_PRE_DEFINED_COLOUR('yellow');
#16252=FILL_AREA_STYLE_COLOUR('\X2\FFFDFFFD\X0\',#16251);
#16253=FILL_AREA_STYLE('\X2\FFFDFFFD\X0\',(#16252));
#16254=SURFACE_STYLE_FILL_AREA(#16253);
#16255=SURFACE_SIDE_STYLE('\X2\FFFDFFFD\X0\',(#16254));
#16256=SURFACE_STYLE_USAGE(.BOTH.,#16255);
#16257=PRESENTATION_STYLE_ASSIGNMENT((#16256));
#16258=STYLED_ITEM('',(#16257),#16250);
#16259=ADVANCED_BREP_SHAPE_REPRESENTATION('ABSR',(#16250),#15929);
#16260=SHAPE_REPRESENTATION_RELATIONSHIP('SRR','None',#16259,#15934);
#16261=AXIS2_PLACEMENT_3D('',#16262,#16263,#16264);
#16262=CARTESIAN_POINT('',(35.702018189259221,19.932232144206100,1.600000000000000));
#16263=DIRECTION('',(3.632579E-016,-4.857226E-017,0.999999999999999));
#16264=DIRECTION('',(1.000000000000002,2.109424E-015,1.224647E-016));
#16265=NEXT_ASSEMBLY_USAGE_OCCURRENCE('T1:1','T1:1','T1:1',#12,#15905,'T1:1');
#16266=PRODUCT_DEFINITION_SHAPE('T1:1','T1:1',#16265);
#16267=ITEM_DEFINED_TRANSFORMATION('T1:1','T1:1',#15930,#16261);
#16271=(REPRESENTATION_RELATIONSHIP('T1:1','T1:1',#15934,#41)REPRESENTATION_RELATIONSHIP_WITH_TRANSFORMATION(#16267)SHAPE_REPRESENTATION_RELATIONSHIP());
#16272=CONTEXT_DEPENDENT_SHAPE_REPRESENTATION(#16271,#16266);
#16273=APPLICATION_CONTEXT('automotive design');
#16274=APPLICATION_PROTOCOL_DEFINITION('International Standard','automotive_design',2001,#16273);
#16275=PRODUCT_CONTEXT('',#16273,'mechanical');
#16276=PRODUCT('VR','VR',$,(#16275));
#16277=PRODUCT_RELATED_PRODUCT_CATEGORY('part',$,(#16276));
#16278=PRODUCT_DEFINITION_FORMATION('',$,#16276);
#16279=PRODUCT_DEFINITION_CONTEXT('part definition',#16273,'design');
#16280=PRODUCT_DEFINITION('',$,#16278,#16279);
#16286=(NAMED_UNIT(*)PLANE_ANGLE_UNIT()SI_UNIT($,.RADIAN.));
#16287=DIMENSIONAL_EXPONENTS(0.0,0.0,0.0,0.0,0.0,0.0,0.0);
#16288=PLANE_ANGLE_MEASURE_WITH_UNIT(PLANE_ANGLE_MEASURE(0.017453292500000),#16286);
#16292=(CONVERSION_BASED_UNIT('DEGREE',#16288)NAMED_UNIT(#16287)PLANE_ANGLE_UNIT());
#16296=(NAMED_UNIT(*)SI_UNIT($,.STERADIAN.)SOLID_ANGLE_UNIT());
#16300=(LENGTH_UNIT()NAMED_UNIT(*)SI_UNIT(.MILLI.,.METRE.));
#16302=UNCERTAINTY_MEASURE_WITH_UNIT(LENGTH_MEASURE(0.010000000000000),#16300,'DISTANCE_ACCURACY_VALUE','');
#16304=(GEOMETRIC_REPRESENTATION_CONTEXT(3)GLOBAL_UNCERTAINTY_ASSIGNED_CONTEXT((#16302))GLOBAL_UNIT_ASSIGNED_CONTEXT((#16292,#16296,#16300))REPRESENTATION_CONTEXT('None','None'));
#16305=AXIS2_PLACEMENT_3D('',#16306,#16307,#16308);
#16306=CARTESIAN_POINT('',(0.0,0.0,0.0));
#16307=DIRECTION('',(0.0,0.0,1.0));
#16308=DIRECTION('',(1.0,0.0,0.0));
#16309=SHAPE_REPRESENTATION('',(#16305),#16304);
#16310=PRODUCT_DEFINITION_SHAPE('','',#16280);
#16311=SHAPE_DEFINITION_REPRESENTATION(#16310,#16309);
#16317=(NAMED_UNIT(*)PLANE_ANGLE_UNIT()SI_UNIT($,.RADIAN.));
#16318=DIMENSIONAL_EXPONENTS(0.0,0.0,0.0,0.0,0.0,0.0,0.0);
#16319=PLANE_ANGLE_MEASURE_WITH_UNIT(PLANE_ANGLE_MEASURE(0.017453292500000),#16317);
#16323=(CONVERSION_BASED_UNIT('DEGREE',#16319)NAMED_UNIT(#16318)PLANE_ANGLE_UNIT());
#16327=(NAMED_UNIT(*)SI_UNIT($,.STERADIAN.)SOLID_ANGLE_UNIT());
#16331=(LENGTH_UNIT()NAMED_UNIT(*)SI_UNIT(.MILLI.,.METRE.));
#16333=UNCERTAINTY_MEASURE_WITH_UNIT(LENGTH_MEASURE(0.000001000000000),#16331,'DISTANCE_ACCURACY_VALUE','');
#16335=(GEOMETRIC_REPRESENTATION_CONTEXT(3)GLOBAL_UNCERTAINTY_ASSIGNED_CONTEXT((#16333))GLOBAL_UNIT_ASSIGNED_CONTEXT((#16323,#16327,#16331))REPRESENTATION_CONTEXT('','3D'));
#16336=CARTESIAN_POINT('',(-5.340197622935444,6.957906528829827,0.0));
#16337=DIRECTION('',(0.0,0.0,-1.0));
#16338=DIRECTION('',(1.0,0.0,0.0));
#16339=AXIS2_PLACEMENT_3D('',#16336,#16337,#16338);
#16340=CYLINDRICAL_SURFACE('',#16339,0.400000000000000);
#16341=CARTESIAN_POINT('',(-5.740197622935444,6.957906528829827,-3.200000000000001));
#16342=VERTEX_POINT('',#16341);
#16343=CARTESIAN_POINT('',(-5.340197622935444,6.957906528829827,-3.200000000000001));
#16344=DIRECTION('',(0.0,0.0,1.0));
#16345=DIRECTION('',(1.0,0.0,0.0));
#16346=AXIS2_PLACEMENT_3D('',#16343,#16344,#16345);
#16347=CIRCLE('',#16346,0.400000000000000);
#16348=EDGE_CURVE('',#16342,#16342,#16347,.T.);
#16349=ORIENTED_EDGE('',*,*,#16348,.T.);
#16350=EDGE_LOOP('',(#16349));
#16351=FACE_OUTER_BOUND('',#16350,.T.);
#16352=CARTESIAN_POINT('',(-5.740197622935444,6.957906528829827,0.0));
#16353=VERTEX_POINT('',#16352);
#16354=CARTESIAN_POINT('',(-5.340197622935444,6.957906528829827,0.0));
#16355=DIRECTION('',(0.0,0.0,1.0));
#16356=DIRECTION('',(1.0,0.0,0.0));
#16357=AXIS2_PLACEMENT_3D('',#16354,#16355,#16356);
#16358=CIRCLE('',#16357,0.400000000000000);
#16359=EDGE_CURVE('',#16353,#16353,#16358,.T.);
#16360=ORIENTED_EDGE('',*,*,#16359,.F.);
#16361=EDGE_LOOP('',(#16360));
#16362=FACE_BOUND('',#16361,.T.);
#16363=ADVANCED_FACE('',(#16351,#16362),#16340,.T.);
#16364=CARTESIAN_POINT('',(-5.340197622935444,6.957906528829827,-3.200000000000001));
#16365=DIRECTION('',(0.0,0.0,1.0));
#16366=DIRECTION('',(1.0,0.0,0.0));
#16367=AXIS2_PLACEMENT_3D('',#16364,#16365,#16366);
#16368=PLANE('',#16367);
#16369=ORIENTED_EDGE('',*,*,#16348,.F.);
#16370=EDGE_LOOP('',(#16369));
#16371=FACE_OUTER_BOUND('',#16370,.T.);
#16372=ADVANCED_FACE('',(#16371),#16368,.F.);
#16373=CARTESIAN_POINT('',(-7.840197622935442,1.957906528829831,0.0));
#16374=DIRECTION('',(0.0,0.0,-1.0));
#16375=DIRECTION('',(1.0,0.0,0.0));
#16376=AXIS2_PLACEMENT_3D('',#16373,#16374,#16375);
#16377=CYLINDRICAL_SURFACE('',#16376,0.400000000000000);
#16378=CARTESIAN_POINT('',(-8.240197622935442,1.957906528829831,-3.200000000000001));
#16379=VERTEX_POINT('',#16378);
#16380=CARTESIAN_POINT('',(-7.840197622935442,1.957906528829831,-3.200000000000001));
#16381=DIRECTION('',(0.0,0.0,1.0));
#16382=DIRECTION('',(1.0,0.0,0.0));
#16383=AXIS2_PLACEMENT_3D('',#16380,#16381,#16382);
#16384=CIRCLE('',#16383,0.400000000000000);
#16385=EDGE_CURVE('',#16379,#16379,#16384,.T.);
#16386=ORIENTED_EDGE('',*,*,#16385,.T.);
#16387=EDGE_LOOP('',(#16386));
#16388=FACE_OUTER_BOUND('',#16387,.T.);
#16389=CARTESIAN_POINT('',(-8.240197622935442,1.957906528829831,0.0));
#16390=VERTEX_POINT('',#16389);
#16391=CARTESIAN_POINT('',(-7.840197622935442,1.957906528829831,0.0));
#16392=DIRECTION('',(0.0,0.0,1.0));
#16393=DIRECTION('',(1.0,0.0,0.0));
#16394=AXIS2_PLACEMENT_3D('',#16391,#16392,#16393);
#16395=CIRCLE('',#16394,0.400000000000000);
#16396=EDGE_CURVE('',#16390,#16390,#16395,.T.);
#16397=ORIENTED_EDGE('',*,*,#16396,.F.);
#16398=EDGE_LOOP('',(#16397));
#16399=FACE_BOUND('',#16398,.T.);
#16400=ADVANCED_FACE('',(#16388,#16399),#16377,.T.);
#16401=CARTESIAN_POINT('',(-7.840197622935442,1.957906528829831,-3.200000000000001));
#16402=DIRECTION('',(0.0,0.0,1.0));
#16403=DIRECTION('',(1.0,0.0,0.0));
#16404=AXIS2_PLACEMENT_3D('',#16401,#16402,#16403);
#16405=PLANE('',#16404);
#16406=ORIENTED_EDGE('',*,*,#16385,.F.);
#16407=EDGE_LOOP('',(#16406));
#16408=FACE_OUTER_BOUND('',#16407,.T.);
#16409=ADVANCED_FACE('',(#16408),#16405,.F.);
#16410=CARTESIAN_POINT('',(-2.840197622935442,1.957906528829831,0.0));
#16411=DIRECTION('',(0.0,0.0,-1.0));
#16412=DIRECTION('',(1.0,0.0,0.0));
#16413=AXIS2_PLACEMENT_3D('',#16410,#16411,#16412);
#16414=CYLINDRICAL_SURFACE('',#16413,0.400000000000000);
#16415=CARTESIAN_POINT('',(-3.240197622935442,1.957906528829831,-3.200000000000001));
#16416=VERTEX_POINT('',#16415);
#16417=CARTESIAN_POINT('',(-2.840197622935442,1.957906528829831,-3.200000000000001));
#16418=DIRECTION('',(0.0,0.0,1.0));
#16419=DIRECTION('',(1.0,0.0,0.0));
#16420=AXIS2_PLACEMENT_3D('',#16417,#16418,#16419);
#16421=CIRCLE('',#16420,0.400000000000000);
#16422=EDGE_CURVE('',#16416,#16416,#16421,.T.);
#16423=ORIENTED_EDGE('',*,*,#16422,.T.);
#16424=EDGE_LOOP('',(#16423));
#16425=FACE_OUTER_BOUND('',#16424,.T.);
#16426=CARTESIAN_POINT('',(-3.240197622935442,1.957906528829831,0.0));
#16427=VERTEX_POINT('',#16426);
#16428=CARTESIAN_POINT('',(-2.840197622935442,1.957906528829831,0.0));
#16429=DIRECTION('',(0.0,0.0,1.0));
#16430=DIRECTION('',(1.0,0.0,0.0));
#16431=AXIS2_PLACEMENT_3D('',#16428,#16429,#16430);
#16432=CIRCLE('',#16431,0.400000000000000);
#16433=EDGE_CURVE('',#16427,#16427,#16432,.T.);
#16434=ORIENTED_EDGE('',*,*,#16433,.F.);
#16435=EDGE_LOOP('',(#16434));
#16436=FACE_BOUND('',#16435,.T.);
#16437=ADVANCED_FACE('',(#16425,#16436),#16414,.T.);
#16438=CARTESIAN_POINT('',(-2.840197622935442,1.957906528829831,-3.200000000000001));
#16439=DIRECTION('',(0.0,0.0,1.0));
#16440=DIRECTION('',(1.0,0.0,0.0));
#16441=AXIS2_PLACEMENT_3D('',#16438,#16439,#16440);
#16442=PLANE('',#16441);
#16443=ORIENTED_EDGE('',*,*,#16422,.F.);
#16444=EDGE_LOOP('',(#16443));
#16445=FACE_OUTER_BOUND('',#16444,.T.);
#16446=ADVANCED_FACE('',(#16445),#16442,.F.);
#16447=CARTESIAN_POINT('',(-5.743581372935446,6.609290378829840,4.500000000000001));
#16448=DIRECTION('',(-1.0,0.0,0.0));
#16449=DIRECTION('',(0.0,0.0,1.0));
#16450=AXIS2_PLACEMENT_3D('',#16447,#16448,#16449);
#16451=PLANE('',#16450);
#16452=CARTESIAN_POINT('',(-5.743581372935446,6.609290378829840,2.600000000000001));
#16453=VERTEX_POINT('',#16452);
#16454=CARTESIAN_POINT('',(-5.743581372935446,5.308691078829839,2.600000000000001));
#16455=VERTEX_POINT('',#16454);
#16456=CARTESIAN_POINT('',(-5.743581372935446,6.609290378829840,2.600000000000001));
#16457=DIRECTION('',(0.0,-1.0,0.0));
#16458=VECTOR('',#16457,1.300599300000001);
#16459=LINE('',#16456,#16458);
#16460=EDGE_CURVE('',#16453,#16455,#16459,.T.);
#16461=ORIENTED_EDGE('',*,*,#16460,.F.);
#16462=CARTESIAN_POINT('',(-5.743581372935446,6.609290378829840,4.500000000000001));
#16463=VERTEX_POINT('',#16462);
#16464=CARTESIAN_POINT('',(-5.743581372935446,6.609290378829840,4.500000000000001));
#16465=DIRECTION('',(0.0,0.0,-1.0));
#16466=VECTOR('',#16465,1.900000000000000);
#16467=LINE('',#16464,#16466);
#16468=EDGE_CURVE('',#16463,#16453,#16467,.T.);
#16469=ORIENTED_EDGE('',*,*,#16468,.F.);
#16470=CARTESIAN_POINT('',(-5.743581372935446,5.308691078829839,4.500000000000001));
#16471=VERTEX_POINT('',#16470);
#16472=CARTESIAN_POINT('',(-5.743581372935446,5.308691078829839,4.500000000000001));
#16473=DIRECTION('',(0.0,1.0,0.0));
#16474=VECTOR('',#16473,1.300599300000001);
#16475=LINE('',#16472,#16474);
#16476=EDGE_CURVE('',#16471,#16463,#16475,.T.);
#16477=ORIENTED_EDGE('',*,*,#16476,.F.);
#16478=CARTESIAN_POINT('',(-5.743581372935446,5.308691078829839,4.500000000000001));
#16479=DIRECTION('',(0.0,0.0,-1.0));
#16480=VECTOR('',#16479,1.900000000000000);
#16481=LINE('',#16478,#16480);
#16482=EDGE_CURVE('',#16471,#16455,#16481,.T.);
#16483=ORIENTED_EDGE('',*,*,#16482,.T.);
#16484=EDGE_LOOP('',(#16461,#16469,#16477,#16483));
#16485=FACE_OUTER_BOUND('',#16484,.T.);
#16486=ADVANCED_FACE('',(#16485),#16451,.F.);
#16487=CARTESIAN_POINT('',(-5.743581372935446,5.308691078829839,4.500000000000001));
#16488=DIRECTION('',(0.0,1.0,0.0));
#16489=DIRECTION('',(0.0,0.0,1.0));
#16490=AXIS2_PLACEMENT_3D('',#16487,#16488,#16489);
#16491=PLANE('',#16490);
#16492=CARTESIAN_POINT('',(-7.049077872935442,5.308691078829839,2.600000000000001));
#16493=VERTEX_POINT('',#16492);
#16494=CARTESIAN_POINT('',(-5.743581372935445,5.308691078829839,2.600000000000001));
#16495=DIRECTION('',(-1.0,0.0,0.0));
#16496=VECTOR('',#16495,1.305496499999997);
#16497=LINE('',#16494,#16496);
#16498=EDGE_CURVE('',#16455,#16493,#16497,.T.);
#16499=ORIENTED_EDGE('',*,*,#16498,.F.);
#16500=ORIENTED_EDGE('',*,*,#16482,.F.);
#16501=CARTESIAN_POINT('',(-7.049077872935442,5.308691078829839,4.500000000000001));
#16502=VERTEX_POINT('',#16501);
#16503=CARTESIAN_POINT('',(-7.049077872935442,5.308691078829839,4.500000000000001));
#16504=DIRECTION('',(1.0,0.0,0.0));
#16505=VECTOR('',#16504,1.305496499999997);
#16506=LINE('',#16503,#16505);
#16507=EDGE_CURVE('',#16502,#16471,#16506,.T.);
#16508=ORIENTED_EDGE('',*,*,#16507,.F.);
#16509=CARTESIAN_POINT('',(-7.049077872935442,5.308691078829839,4.500000000000001));
#16510=DIRECTION('',(0.0,0.0,-1.0));
#16511=VECTOR('',#16510,1.900000000000000);
#16512=LINE('',#16509,#16511);
#16513=EDGE_CURVE('',#16502,#16493,#16512,.T.);
#16514=ORIENTED_EDGE('',*,*,#16513,.T.);
#16515=EDGE_LOOP('',(#16499,#16500,#16508,#16514));
#16516=FACE_OUTER_BOUND('',#16515,.T.);
#16517=ADVANCED_FACE('',(#16516),#16491,.F.);
#16518=CARTESIAN_POINT('',(-7.049077872935442,5.308691078829839,4.500000000000001));
#16519=DIRECTION('',(-1.0,0.0,0.0));
#16520=DIRECTION('',(0.0,0.0,1.0));
#16521=AXIS2_PLACEMENT_3D('',#16518,#16519,#16520);
#16522=PLANE('',#16521);
#16523=CARTESIAN_POINT('',(-7.049077872935442,4.506797678829835,2.600000000000001));
#16524=VERTEX_POINT('',#16523);
#16525=CARTESIAN_POINT('',(-7.049077872935442,5.308691078829839,2.600000000000001));
#16526=DIRECTION('',(0.0,-1.0,0.0));
#16527=VECTOR('',#16526,0.801893400000004);
#16528=LINE('',#16525,#16527);
#16529=EDGE_CURVE('',#16493,#16524,#16528,.T.);
#16530=ORIENTED_EDGE('',*,*,#16529,.F.);
#16531=ORIENTED_EDGE('',*,*,#16513,.F.);
#16532=CARTESIAN_POINT('',(-7.049077872935442,4.506797678829835,4.500000000000001));
#16533=VERTEX_POINT('',#16532);
#16534=CARTESIAN_POINT('',(-7.049077872935442,4.506797678829835,4.500000000000001));
#16535=DIRECTION('',(0.0,1.0,0.0));
#16536=VECTOR('',#16535,0.801893400000004);
#16537=LINE('',#16534,#16536);
#16538=EDGE_CURVE('',#16533,#16502,#16537,.T.);
#16539=ORIENTED_EDGE('',*,*,#16538,.F.);
#16540=CARTESIAN_POINT('',(-7.049077872935442,4.506797678829835,4.500000000000001));
#16541=DIRECTION('',(0.0,0.0,-1.0));
#16542=VECTOR('',#16541,1.900000000000000);
#16543=LINE('',#16540,#16542);
#16544=EDGE_CURVE('',#16533,#16524,#16543,.T.);
#16545=ORIENTED_EDGE('',*,*,#16544,.T.);
#16546=EDGE_LOOP('',(#16530,#16531,#16539,#16545));
#16547=FACE_OUTER_BOUND('',#16546,.T.);
#16548=ADVANCED_FACE('',(#16547),#16522,.F.);
#16549=CARTESIAN_POINT('',(-7.049077872935442,4.506797678829835,4.500000000000001));
#16550=DIRECTION('',(0.0,-1.0,0.0));
#16551=DIRECTION('',(0.0,0.0,-1.0));
#16552=AXIS2_PLACEMENT_3D('',#16549,#16550,#16551);
#16553=PLANE('',#16552);
#16554=CARTESIAN_POINT('',(-5.743581372935446,4.506797678829835,2.600000000000001));
#16555=VERTEX_POINT('',#16554);
#16556=CARTESIAN_POINT('',(-7.049077872935442,4.506797678829835,2.600000000000001));
#16557=DIRECTION('',(1.0,0.0,0.0));
#16558=VECTOR('',#16557,1.305496499999996);
#16559=LINE('',#16556,#16558);
#16560=EDGE_CURVE('',#16524,#16555,#16559,.T.);
#16561=ORIENTED_EDGE('',*,*,#16560,.F.);
#16562=ORIENTED_EDGE('',*,*,#16544,.F.);
#16563=CARTESIAN_POINT('',(-5.743581372935446,4.506797678829835,4.500000000000001));
#16564=VERTEX_POINT('',#16563);
#16565=CARTESIAN_POINT('',(-5.743581372935445,4.506797678829835,4.500000000000001));
#16566=DIRECTION('',(-1.0,0.0,0.0));
#16567=VECTOR('',#16566,1.305496499999997);
#16568=LINE('',#16565,#16567);
#16569=EDGE_CURVE('',#16564,#16533,#16568,.T.);
#16570=ORIENTED_EDGE('',*,*,#16569,.F.);
#16571=CARTESIAN_POINT('',(-5.743581372935446,4.506797678829835,4.500000000000001));
#16572=DIRECTION('',(0.0,0.0,-1.0));
#16573=VECTOR('',#16572,1.900000000000000);
#16574=LINE('',#16571,#16573);
#16575=EDGE_CURVE('',#16564,#16555,#16574,.T.);
#16576=ORIENTED_EDGE('',*,*,#16575,.T.);
#16577=EDGE_LOOP('',(#16561,#16562,#16570,#16576));
#16578=FACE_OUTER_BOUND('',#16577,.T.);
#16579=ADVANCED_FACE('',(#16578),#16553,.F.);
#16580=CARTESIAN_POINT('',(-5.743581372935446,4.506797678829835,4.500000000000001));
#16581=DIRECTION('',(-1.0,0.0,0.0));
#16582=DIRECTION('',(0.0,0.0,1.0));
#16583=AXIS2_PLACEMENT_3D('',#16580,#16581,#16582);
#16584=PLANE('',#16583);
#16585=CARTESIAN_POINT('',(-5.743581372935446,3.207170471079309,2.600000000000001));
#16586=VERTEX_POINT('',#16585);
#16587=CARTESIAN_POINT('',(-5.743581372935446,4.506797678829835,2.600000000000001));
#16588=DIRECTION('',(0.0,-1.0,0.0));
#16589=VECTOR('',#16588,1.299627207750525);
#16590=LINE('',#16587,#16589);
#16591=EDGE_CURVE('',#16555,#16586,#16590,.T.);
#16592=ORIENTED_EDGE('',*,*,#16591,.F.);
#16593=ORIENTED_EDGE('',*,*,#16575,.F.);
#16594=CARTESIAN_POINT('',(-5.743581372935446,3.207170471079309,4.500000000000001));
#16595=VERTEX_POINT('',#16594);
#16596=CARTESIAN_POINT('',(-5.743581372935446,3.207170471079309,4.500000000000001));
#16597=DIRECTION('',(0.0,1.0,0.0));
#16598=VECTOR('',#16597,1.299627207750525);
#16599=LINE('',#16596,#16598);
#16600=EDGE_CURVE('',#16595,#16564,#16599,.T.);
#16601=ORIENTED_EDGE('',*,*,#16600,.F.);
#16602=CARTESIAN_POINT('',(-5.743581372935446,3.207170471079309,4.500000000000001));
#16603=DIRECTION('',(0.0,0.0,-1.0));
#16604=VECTOR('',#16603,1.900000000000000);
#16605=LINE('',#16602,#16604);
#16606=EDGE_CURVE('',#16595,#16586,#16605,.T.);
#16607=ORIENTED_EDGE('',*,*,#16606,.T.);
#16608=EDGE_LOOP('',(#16592,#16593,#16601,#16607));
#16609=FACE_OUTER_BOUND('',#16608,.T.);
#16610=ADVANCED_FACE('',(#16609),#16584,.F.);
#16611=CARTESIAN_POINT('',(-5.743581372935446,3.207170471079309,4.500000000000001));
#16612=DIRECTION('',(-0.001219729406625,-0.999999256129811,0.0));
#16613=DIRECTION('',(0.0,0.0,-1.0));
#16614=AXIS2_PLACEMENT_3D('',#16611,#16612,#16613);
#16615=PLANE('',#16614);
#16616=CARTESIAN_POINT('',(-4.946608272935443,3.206198378829840,2.600000000000001));
#16617=VERTEX_POINT('',#16616);
#16618=CARTESIAN_POINT('',(-5.743581372935446,3.207170471079309,2.600000000000001));
#16619=DIRECTION('',(0.999999256129811,-0.001219729406625,0.0));
#16620=VECTOR('',#16619,0.796973692844975);
#16621=LINE('',#16618,#16620);
#16622=EDGE_CURVE('',#16586,#16617,#16621,.T.);
#16623=ORIENTED_EDGE('',*,*,#16622,.F.);
#16624=ORIENTED_EDGE('',*,*,#16606,.F.);
#16625=CARTESIAN_POINT('',(-4.946608272935443,3.206198378829840,4.500000000000001));
#16626=VERTEX_POINT('',#16625);
#16627=CARTESIAN_POINT('',(-4.946608272935442,3.206198378829840,4.500000000000001));
#16628=DIRECTION('',(-0.999999256129811,0.001219729406625,0.0));
#16629=VECTOR('',#16628,0.796973692844975);
#16630=LINE('',#16627,#16629);
#16631=EDGE_CURVE('',#16626,#16595,#16630,.T.);
#16632=ORIENTED_EDGE('',*,*,#16631,.F.);
#16633=CARTESIAN_POINT('',(-4.946608272935443,3.206198378829840,4.500000000000001));
#16634=DIRECTION('',(0.0,0.0,-1.0));
#16635=VECTOR('',#16634,1.900000000000000);
#16636=LINE('',#16633,#16635);
#16637=EDGE_CURVE('',#16626,#16617,#16636,.T.);
#16638=ORIENTED_EDGE('',*,*,#16637,.T.);
#16639=EDGE_LOOP('',(#16623,#16624,#16632,#16638));
#16640=FACE_OUTER_BOUND('',#16639,.T.);
#16641=ADVANCED_FACE('',(#16640),#16615,.F.);
#16642=CARTESIAN_POINT('',(-4.946608272935443,3.206198378829840,4.500000000000001));
#16643=DIRECTION('',(1.0,0.0,0.0));
#16644=DIRECTION('',(0.0,0.0,-1.0));
#16645=AXIS2_PLACEMENT_3D('',#16642,#16643,#16644);
#16646=PLANE('',#16645);
#16647=CARTESIAN_POINT('',(-4.946608272935443,4.506797678829835,2.600000000000001));
#16648=VERTEX_POINT('',#16647);
#16649=CARTESIAN_POINT('',(-4.946608272935443,3.206198378829840,2.600000000000001));
#16650=DIRECTION('',(0.0,1.0,0.0));
#16651=VECTOR('',#16650,1.300599299999995);
#16652=LINE('',#16649,#16651);
#16653=EDGE_CURVE('',#16617,#16648,#16652,.T.);
#16654=ORIENTED_EDGE('',*,*,#16653,.F.);
#16655=ORIENTED_EDGE('',*,*,#16637,.F.);
#16656=CARTESIAN_POINT('',(-4.946608272935443,4.506797678829835,4.500000000000001));
#16657=VERTEX_POINT('',#16656);
#16658=CARTESIAN_POINT('',(-4.946608272935443,4.506797678829835,4.500000000000001));
#16659=DIRECTION('',(0.0,-1.0,0.0));
#16660=VECTOR('',#16659,1.300599299999995);
#16661=LINE('',#16658,#16660);
#16662=EDGE_CURVE('',#16657,#16626,#16661,.T.);
#16663=ORIENTED_EDGE('',*,*,#16662,.F.);
#16664=CARTESIAN_POINT('',(-4.946608272935443,4.506797678829835,4.500000000000001));
#16665=DIRECTION('',(0.0,0.0,-1.0));
#16666=VECTOR('',#16665,1.900000000000000);
#16667=LINE('',#16664,#16666);
#16668=EDGE_CURVE('',#16657,#16648,#16667,.T.);
#16669=ORIENTED_EDGE('',*,*,#16668,.T.);
#16670=EDGE_LOOP('',(#16654,#16655,#16663,#16669));
#16671=FACE_OUTER_BOUND('',#16670,.T.);
#16672=ADVANCED_FACE('',(#16671),#16646,.F.);
#16673=CARTESIAN_POINT('',(-4.946608272935443,4.506797678829835,4.500000000000001));
#16674=DIRECTION('',(0.0,-1.0,0.0));
#16675=DIRECTION('',(0.0,0.0,-1.0));
#16676=AXIS2_PLACEMENT_3D('',#16673,#16674,#16675);
#16677=PLANE('',#16676);
#16678=CARTESIAN_POINT('',(-3.641111772935439,4.506797678829835,2.600000000000001));
#16679=VERTEX_POINT('',#16678);
#16680=CARTESIAN_POINT('',(-4.946608272935443,4.506797678829835,2.600000000000001));
#16681=DIRECTION('',(1.0,0.0,0.0));
#16682=VECTOR('',#16681,1.305496500000003);
#16683=LINE('',#16680,#16682);
#16684=EDGE_CURVE('',#16648,#16679,#16683,.T.);
#16685=ORIENTED_EDGE('',*,*,#16684,.F.);
#16686=ORIENTED_EDGE('',*,*,#16668,.F.);
#16687=CARTESIAN_POINT('',(-3.641111772935439,4.506797678829835,4.500000000000001));
#16688=VERTEX_POINT('',#16687);
#16689=CARTESIAN_POINT('',(-3.641111772935439,4.506797678829835,4.500000000000001));
#16690=DIRECTION('',(-1.0,0.0,0.0));
#16691=VECTOR('',#16690,1.305496500000003);
#16692=LINE('',#16689,#16691);
#16693=EDGE_CURVE('',#16688,#16657,#16692,.T.);
#16694=ORIENTED_EDGE('',*,*,#16693,.F.);
#16695=CARTESIAN_POINT('',(-3.641111772935439,4.506797678829835,4.500000000000001));
#16696=DIRECTION('',(0.0,0.0,-1.0));
#16697=VECTOR('',#16696,1.900000000000000);
#16698=LINE('',#16695,#16697);
#16699=EDGE_CURVE('',#16688,#16679,#16698,.T.);
#16700=ORIENTED_EDGE('',*,*,#16699,.T.);
#16701=EDGE_LOOP('',(#16685,#16686,#16694,#16700));
#16702=FACE_OUTER_BOUND('',#16701,.T.);
#16703=ADVANCED_FACE('',(#16702),#16677,.F.);
#16704=CARTESIAN_POINT('',(-3.641111772935439,4.506797678829835,4.500000000000001));
#16705=DIRECTION('',(1.0,0.0,0.0));
#16706=DIRECTION('',(0.0,0.0,-1.0));
#16707=AXIS2_PLACEMENT_3D('',#16704,#16705,#16706);
#16708=PLANE('',#16707);
#16709=CARTESIAN_POINT('',(-3.641111772935439,5.308691078829839,2.600000000000001));
#16710=VERTEX_POINT('',#16709);
#16711=CARTESIAN_POINT('',(-3.641111772935439,4.506797678829835,2.600000000000001));
#16712=DIRECTION('',(0.0,1.0,0.0));
#16713=VECTOR('',#16712,0.801893400000004);
#16714=LINE('',#16711,#16713);
#16715=EDGE_CURVE('',#16679,#16710,#16714,.T.);
#16716=ORIENTED_EDGE('',*,*,#16715,.F.);
#16717=ORIENTED_EDGE('',*,*,#16699,.F.);
#16718=CARTESIAN_POINT('',(-3.641111772935439,5.308691078829839,4.500000000000001));
#16719=VERTEX_POINT('',#16718);
#16720=CARTESIAN_POINT('',(-3.641111772935439,5.308691078829839,4.500000000000001));
#16721=DIRECTION('',(0.0,-1.0,0.0));
#16722=VECTOR('',#16721,0.801893400000004);
#16723=LINE('',#16720,#16722);
#16724=EDGE_CURVE('',#16719,#16688,#16723,.T.);
#16725=ORIENTED_EDGE('',*,*,#16724,.F.);
#16726=CARTESIAN_POINT('',(-3.641111772935439,5.308691078829839,4.500000000000001));
#16727=DIRECTION('',(0.0,0.0,-1.0));
#16728=VECTOR('',#16727,1.900000000000000);
#16729=LINE('',#16726,#16728);
#16730=EDGE_CURVE('',#16719,#16710,#16729,.T.);
#16731=ORIENTED_EDGE('',*,*,#16730,.T.);
#16732=EDGE_LOOP('',(#16716,#16717,#16725,#16731));
#16733=FACE_OUTER_BOUND('',#16732,.T.);
#16734=ADVANCED_FACE('',(#16733),#16708,.F.);
#16735=CARTESIAN_POINT('',(-3.641111772935439,5.308691078829839,4.500000000000001));
#16736=DIRECTION('',(0.0,1.0,0.0));
#16737=DIRECTION('',(0.0,0.0,1.0));
#16738=AXIS2_PLACEMENT_3D('',#16735,#16736,#16737);
#16739=PLANE('',#16738);
#16740=CARTESIAN_POINT('',(-4.946608272935443,5.308691078829839,2.600000000000001));
#16741=VERTEX_POINT('',#16740);
#16742=CARTESIAN_POINT('',(-3.641111772935440,5.308691078829839,2.600000000000001));
#16743=DIRECTION('',(-1.0,0.0,0.0));
#16744=VECTOR('',#16743,1.305496500000003);
#16745=LINE('',#16742,#16744);
#16746=EDGE_CURVE('',#16710,#16741,#16745,.T.);
#16747=ORIENTED_EDGE('',*,*,#16746,.F.);
#16748=ORIENTED_EDGE('',*,*,#16730,.F.);
#16749=CARTESIAN_POINT('',(-4.946608272935443,5.308691078829839,4.500000000000001));
#16750=VERTEX_POINT('',#16749);
#16751=CARTESIAN_POINT('',(-4.946608272935442,5.308691078829839,4.500000000000001));
#16752=DIRECTION('',(1.0,0.0,0.0));
#16753=VECTOR('',#16752,1.305496500000003);
#16754=LINE('',#16751,#16753);
#16755=EDGE_CURVE('',#16750,#16719,#16754,.T.);
#16756=ORIENTED_EDGE('',*,*,#16755,.F.);
#16757=CARTESIAN_POINT('',(-4.946608272935443,5.308691078829839,4.500000000000001));
#16758=DIRECTION('',(0.0,0.0,-1.0));
#16759=VECTOR('',#16758,1.900000000000000);
#16760=LINE('',#16757,#16759);
#16761=EDGE_CURVE('',#16750,#16741,#16760,.T.);
#16762=ORIENTED_EDGE('',*,*,#16761,.T.);
#16763=EDGE_LOOP('',(#16747,#16748,#16756,#16762));
#16764=FACE_OUTER_BOUND('',#16763,.T.);
#16765=ADVANCED_FACE('',(#16764),#16739,.F.);
#16766=CARTESIAN_POINT('',(-4.946608272935443,5.308691078829839,4.500000000000001));
#16767=DIRECTION('',(1.0,0.0,0.0));
#16768=DIRECTION('',(0.0,0.0,-1.0));
#16769=AXIS2_PLACEMENT_3D('',#16766,#16767,#16768);
#16770=PLANE('',#16769);
#16771=CARTESIAN_POINT('',(-4.946608272935443,6.609290378829840,2.600000000000001));
#16772=VERTEX_POINT('',#16771);
#16773=CARTESIAN_POINT('',(-4.946608272935443,5.308691078829840,2.600000000000001));
#16774=DIRECTION('',(0.0,1.0,0.0));
#16775=VECTOR('',#16774,1.300599300000000);
#16776=LINE('',#16773,#16775);
#16777=EDGE_CURVE('',#16741,#16772,#16776,.T.);
#16778=ORIENTED_EDGE('',*,*,#16777,.F.);
#16779=ORIENTED_EDGE('',*,*,#16761,.F.);
#16780=CARTESIAN_POINT('',(-4.946608272935443,6.609290378829840,4.500000000000001));
#16781=VERTEX_POINT('',#16780);
#16782=CARTESIAN_POINT('',(-4.946608272935443,6.609290378829840,4.500000000000001));
#16783=DIRECTION('',(0.0,-1.0,0.0));
#16784=VECTOR('',#16783,1.300599300000001);
#16785=LINE('',#16782,#16784);
#16786=EDGE_CURVE('',#16781,#16750,#16785,.T.);
#16787=ORIENTED_EDGE('',*,*,#16786,.F.);
#16788=CARTESIAN_POINT('',(-4.946608272935443,6.609290378829840,4.500000000000001));
#16789=DIRECTION('',(0.0,0.0,-1.0));
#16790=VECTOR('',#16789,1.900000000000000);
#16791=LINE('',#16788,#16790);
#16792=EDGE_CURVE('',#16781,#16772,#16791,.T.);
#16793=ORIENTED_EDGE('',*,*,#16792,.T.);
#16794=EDGE_LOOP('',(#16778,#16779,#16787,#16793));
#16795=FACE_OUTER_BOUND('',#16794,.T.);
#16796=ADVANCED_FACE('',(#16795),#16770,.F.);
#16797=CARTESIAN_POINT('',(-4.946608272935443,6.609290378829840,4.500000000000001));
#16798=DIRECTION('',(0.0,1.0,0.0));
#16799=DIRECTION('',(0.0,0.0,1.0));
#16800=AXIS2_PLACEMENT_3D('',#16797,#16798,#16799);
#16801=PLANE('',#16800);
#16802=CARTESIAN_POINT('',(-4.946608272935443,6.609290378829840,2.600000000000001));
#16803=DIRECTION('',(-1.0,0.0,0.0));
#16804=VECTOR('',#16803,0.796973100000003);
#16805=LINE('',#16802,#16804);
#16806=EDGE_CURVE('',#16772,#16453,#16805,.T.);
#16807=ORIENTED_EDGE('',*,*,#16806,.F.);
#16808=ORIENTED_EDGE('',*,*,#16792,.F.);
#16809=CARTESIAN_POINT('',(-5.743581372935445,6.609290378829840,4.500000000000001));
#16810=DIRECTION('',(1.0,0.0,0.0));
#16811=VECTOR('',#16810,0.796973100000003);
#16812=LINE('',#16809,#16811);
#16813=EDGE_CURVE('',#16463,#16781,#16812,.T.);
#16814=ORIENTED_EDGE('',*,*,#16813,.F.);
#16815=ORIENTED_EDGE('',*,*,#16468,.T.);
#16816=EDGE_LOOP('',(#16807,#16808,#16814,#16815));
#16817=FACE_OUTER_BOUND('',#16816,.T.);
#16818=ADVANCED_FACE('',(#16817),#16801,.F.);
#16819=CARTESIAN_POINT('',(-5.345066384379411,4.907894141897761,2.600000000000001));
#16820=DIRECTION('',(0.0,0.0,1.0));
#16821=DIRECTION('',(1.0,0.0,0.0));
#16822=AXIS2_PLACEMENT_3D('',#16819,#16820,#16821);
#16823=PLANE('',#16822);
#16824=ORIENTED_EDGE('',*,*,#16460,.T.);
#16825=ORIENTED_EDGE('',*,*,#16498,.T.);
#16826=ORIENTED_EDGE('',*,*,#16529,.T.);
#16827=ORIENTED_EDGE('',*,*,#16560,.T.);
#16828=ORIENTED_EDGE('',*,*,#16591,.T.);
#16829=ORIENTED_EDGE('',*,*,#16622,.T.);
#16830=ORIENTED_EDGE('',*,*,#16653,.T.);
#16831=ORIENTED_EDGE('',*,*,#16684,.T.);
#16832=ORIENTED_EDGE('',*,*,#16715,.T.);
#16833=ORIENTED_EDGE('',*,*,#16746,.T.);
#16834=ORIENTED_EDGE('',*,*,#16777,.T.);
#16835=ORIENTED_EDGE('',*,*,#16806,.T.);
#16836=EDGE_LOOP('',(#16824,#16825,#16826,#16827,#16828,#16829,#16830,#16831,#16832,#16833,#16834,#16835));
#16837=FACE_OUTER_BOUND('',#16836,.T.);
#16838=ADVANCED_FACE('',(#16837),#16823,.T.);
#16839=CARTESIAN_POINT('',(-5.340681100475326,7.670425446409832,3.400000000000001));
#16840=DIRECTION('',(0.0,0.0,1.0));
#16841=DIRECTION('',(1.0,0.0,0.0));
#16842=AXIS2_PLACEMENT_3D('',#16839,#16840,#16841);
#16843=PLANE('',#16842);
#16844=CARTESIAN_POINT('',(-7.961607373006031,7.034911713989840,3.400000000000001));
#16845=VERTEX_POINT('',#16844);
#16846=CARTESIAN_POINT('',(-2.723677396306487,7.034911713989840,3.400000000000001));
#16847=VERTEX_POINT('',#16846);
#16848=CARTESIAN_POINT('',(-5.342642384656259,4.908143857105813,3.400000000000001));
#16849=DIRECTION('',(0.0,0.0,-1.0));
#16850=DIRECTION('',(-1.0,0.0,0.0));
#16851=AXIS2_PLACEMENT_3D('',#16848,#16849,#16850);
#16852=CIRCLE('',#16851,3.373739635371555);
#16853=EDGE_CURVE('',#16845,#16847,#16852,.T.);
#16854=ORIENTED_EDGE('',*,*,#16853,.F.);
#16855=CARTESIAN_POINT('',(-7.961607373006031,7.034911713989840,3.400000000000001));
#16856=DIRECTION('',(1.0,0.0,0.0));
#16857=VECTOR('',#16856,5.237929976699545);
#16858=LINE('',#16855,#16857);
#16859=EDGE_CURVE('',#16845,#16847,#16858,.T.);
#16860=ORIENTED_EDGE('',*,*,#16859,.T.);
#16861=EDGE_LOOP('',(#16854,#16860));
#16862=FACE_OUTER_BOUND('',#16861,.T.);
#16863=ADVANCED_FACE('',(#16862),#16843,.T.);
#16864=CARTESIAN_POINT('',(-8.201221719850873,7.034911713989840,4.500000000000001));
#16865=DIRECTION('',(0.0,-1.0,0.0));
#16866=DIRECTION('',(0.0,0.0,-1.0));
#16867=AXIS2_PLACEMENT_3D('',#16864,#16865,#16866);
#16868=PLANE('',#16867);
#16869=CARTESIAN_POINT('',(-7.961607373006031,7.034911713989840,4.500000000000001));
#16870=VERTEX_POINT('',#16869);
#16871=CARTESIAN_POINT('',(-7.961607373006031,7.034911713989840,4.500000000000001));
#16872=DIRECTION('',(0.0,0.0,-1.0));
#16873=VECTOR('',#16872,1.100000000000000);
#16874=LINE('',#16871,#16873);
#16875=EDGE_CURVE('',#16870,#16845,#16874,.T.);
#16876=ORIENTED_EDGE('',*,*,#16875,.F.);
#16877=CARTESIAN_POINT('',(-2.723677396306487,7.034911713989840,4.500000000000001));
#16878=VERTEX_POINT('',#16877);
#16879=CARTESIAN_POINT('',(-2.723677396306487,7.034911713989840,4.500000000000001));
#16880=DIRECTION('',(-1.0,0.0,0.0));
#16881=VECTOR('',#16880,5.237929976699545);
#16882=LINE('',#16879,#16881);
#16883=EDGE_CURVE('',#16878,#16870,#16882,.T.);
#16884=ORIENTED_EDGE('',*,*,#16883,.F.);
#16885=CARTESIAN_POINT('',(-2.723677396306487,7.034911713989840,3.400000000000001));
#16886=DIRECTION('',(0.0,0.0,1.0));
#16887=VECTOR('',#16886,1.100000000000000);
#16888=LINE('',#16885,#16887);
#16889=EDGE_CURVE('',#16847,#16878,#16888,.T.);
#16890=ORIENTED_EDGE('',*,*,#16889,.F.);
#16891=ORIENTED_EDGE('',*,*,#16859,.F.);
#16892=EDGE_LOOP('',(#16876,#16884,#16890,#16891));
#16893=FACE_OUTER_BOUND('',#16892,.T.);
#16894=ADVANCED_FACE('',(#16893),#16868,.F.);
#16895=CARTESIAN_POINT('',(-5.342642384656259,4.908143857105813,0.800000000000000));
#16896=DIRECTION('',(0.0,0.0,1.0));
#16897=DIRECTION('',(-1.0,0.0,0.0));
#16898=AXIS2_PLACEMENT_3D('',#16895,#16896,#16897);
#16899=CYLINDRICAL_SURFACE('',#16898,3.373739635371555);
#16900=CARTESIAN_POINT('',(-1.968902749284703,4.908143857105814,0.800000000000000));
#16901=VERTEX_POINT('',#16900);
#16902=CARTESIAN_POINT('',(-5.342642384656259,4.908143857105813,0.800000000000000));
#16903=DIRECTION('',(0.0,0.0,-1.0));
#16904=DIRECTION('',(-1.0,0.0,0.0));
#16905=AXIS2_PLACEMENT_3D('',#16902,#16903,#16904);
#16906=CIRCLE('',#16905,3.373739635371555);
#16907=EDGE_CURVE('',#16901,#16901,#16906,.T.);
#16908=ORIENTED_EDGE('',*,*,#16907,.F.);
#16909=EDGE_LOOP('',(#16908));
#16910=FACE_OUTER_BOUND('',#16909,.T.);
#16911=ORIENTED_EDGE('',*,*,#16875,.T.);
#16912=ORIENTED_EDGE('',*,*,#16853,.T.);
#16913=ORIENTED_EDGE('',*,*,#16889,.T.);
#16914=CARTESIAN_POINT('',(-5.342642384656259,4.908143857105813,4.500000000000001));
#16915=DIRECTION('',(0.0,0.0,-1.0));
#16916=DIRECTION('',(-1.0,0.0,0.0));
#16917=AXIS2_PLACEMENT_3D('',#16914,#16915,#16916);
#16918=CIRCLE('',#16917,3.373739635371555);
#16919=EDGE_CURVE('',#16878,#16870,#16918,.T.);
#16920=ORIENTED_EDGE('',*,*,#16919,.T.);
#16921=EDGE_LOOP('',(#16911,#16912,#16913,#16920));
#16922=FACE_BOUND('',#16921,.T.);
#16923=ADVANCED_FACE('',(#16910,#16922),#16899,.T.);
#16924=CARTESIAN_POINT('',(-5.342642384656259,4.908143857105813,4.500000000000001));
#16925=DIRECTION('',(0.0,0.0,-1.0));
#16926=DIRECTION('',(-1.0,0.0,0.0));
#16927=AXIS2_PLACEMENT_3D('',#16924,#16925,#16926);
#16928=PLANE('',#16927);
#16929=ORIENTED_EDGE('',*,*,#16883,.T.);
#16930=ORIENTED_EDGE('',*,*,#16919,.F.);
#16931=EDGE_LOOP('',(#16929,#16930));
#16932=FACE_OUTER_BOUND('',#16931,.T.);
#16933=ORIENTED_EDGE('',*,*,#16476,.T.);
#16934=ORIENTED_EDGE('',*,*,#16813,.T.);
#16935=ORIENTED_EDGE('',*,*,#16786,.T.);
#16936=ORIENTED_EDGE('',*,*,#16755,.T.);
#16937=ORIENTED_EDGE('',*,*,#16724,.T.);
#16938=ORIENTED_EDGE('',*,*,#16693,.T.);
#16939=ORIENTED_EDGE('',*,*,#16662,.T.);
#16940=ORIENTED_EDGE('',*,*,#16631,.T.);
#16941=ORIENTED_EDGE('',*,*,#16600,.T.);
#16942=ORIENTED_EDGE('',*,*,#16569,.T.);
#16943=ORIENTED_EDGE('',*,*,#16538,.T.);
#16944=ORIENTED_EDGE('',*,*,#16507,.T.);
#16945=EDGE_LOOP('',(#16933,#16934,#16935,#16936,#16937,#16938,#16939,#16940,#16941,#16942,#16943,#16944));
#16946=FACE_BOUND('',#16945,.T.);
#16947=ADVANCED_FACE('',(#16932,#16946),#16928,.F.);
#16948=CARTESIAN_POINT('',(-8.740852572935445,1.108602878829835,0.0));
#16949=DIRECTION('',(-1.0,0.0,0.0));
#16950=DIRECTION('',(0.0,0.0,1.0));
#16951=AXIS2_PLACEMENT_3D('',#16948,#16949,#16950);
#16952=PLANE('',#16951);
#16953=CARTESIAN_POINT('',(-8.740852572935445,1.108602878829835,0.800000000000000));
#16954=VERTEX_POINT('',#16953);
#16955=CARTESIAN_POINT('',(-8.740852572935445,6.809752178829833,0.800000000000000));
#16956=VERTEX_POINT('',#16955);
#16957=CARTESIAN_POINT('',(-8.740852572935445,1.108602878829835,0.800000000000000));
#16958=DIRECTION('',(0.0,1.0,0.0));
#16959=VECTOR('',#16958,5.701149299999998);
#16960=LINE('',#16957,#16959);
#16961=EDGE_CURVE('',#16954,#16956,#16960,.T.);
#16962=ORIENTED_EDGE('',*,*,#16961,.T.);
#16963=CARTESIAN_POINT('',(-8.740852572935445,6.809752178829833,0.0));
#16964=VERTEX_POINT('',#16963);
#16965=CARTESIAN_POINT('',(-8.740852572935445,6.809752178829833,0.0));
#16966=DIRECTION('',(0.0,0.0,1.0));
#16967=VECTOR('',#16966,0.800000000000000);
#16968=LINE('',#16965,#16967);
#16969=EDGE_CURVE('',#16964,#16956,#16968,.T.);
#16970=ORIENTED_EDGE('',*,*,#16969,.F.);
#16971=CARTESIAN_POINT('',(-8.740852572935445,1.108602878829835,0.0));
#16972=VERTEX_POINT('',#16971);
#16973=CARTESIAN_POINT('',(-8.740852572935445,6.809752178829833,0.0));
#16974=DIRECTION('',(0.0,-1.0,0.0));
#16975=VECTOR('',#16974,5.701149299999998);
#16976=LINE('',#16973,#16975);
#16977=EDGE_CURVE('',#16964,#16972,#16976,.T.);
#16978=ORIENTED_EDGE('',*,*,#16977,.T.);
#16979=CARTESIAN_POINT('',(-8.740852572935445,1.108602878829835,0.0));
#16980=DIRECTION('',(0.0,0.0,1.0));
#16981=VECTOR('',#16980,0.800000000000000);
#16982=LINE('',#16979,#16981);
#16983=EDGE_CURVE('',#16972,#16954,#16982,.T.);
#16984=ORIENTED_EDGE('',*,*,#16983,.T.);
#16985=EDGE_LOOP('',(#16962,#16970,#16978,#16984));
#16986=FACE_OUTER_BOUND('',#16985,.T.);
#16987=ADVANCED_FACE('',(#16986),#16952,.T.);
#16988=CARTESIAN_POINT('',(-8.740852572935445,6.809752178829833,0.0));
#16989=DIRECTION('',(-0.707106781186544,0.707106781186551,0.0));
#16990=DIRECTION('',(0.0,0.0,1.0));
#16991=AXIS2_PLACEMENT_3D('',#16988,#16989,#16990);
#16992=PLANE('',#16991);
#16993=CARTESIAN_POINT('',(-7.244665572935439,8.305939178829824,0.800000000000000));
#16994=VERTEX_POINT('',#16993);
#16995=CARTESIAN_POINT('',(-8.740852572935445,6.809752178829833,0.800000000000000));
#16996=DIRECTION('',(0.707106781186551,0.707106781186544,0.0));
#16997=VECTOR('',#16996,2.115927947246312);
#16998=LINE('',#16995,#16997);
#16999=EDGE_CURVE('',#16956,#16994,#16998,.T.);
#17000=ORIENTED_EDGE('',*,*,#16999,.T.);
#17001=CARTESIAN_POINT('',(-7.244665572935439,8.305939178829824,0.0));
#17002=VERTEX_POINT('',#17001);
#17003=CARTESIAN_POINT('',(-7.244665572935439,8.305939178829824,0.0));
#17004=DIRECTION('',(0.0,0.0,1.0));
#17005=VECTOR('',#17004,0.800000000000000);
#17006=LINE('',#17003,#17005);
#17007=EDGE_CURVE('',#17002,#16994,#17006,.T.);
#17008=ORIENTED_EDGE('',*,*,#17007,.F.);
#17009=CARTESIAN_POINT('',(-7.244665572935439,8.305939178829824,0.0));
#17010=DIRECTION('',(-0.707106781186551,-0.707106781186544,0.0));
#17011=VECTOR('',#17010,2.115927947246312);
#17012=LINE('',#17009,#17011);
#17013=EDGE_CURVE('',#17002,#16964,#17012,.T.);
#17014=ORIENTED_EDGE('',*,*,#17013,.T.);
#17015=ORIENTED_EDGE('',*,*,#16969,.T.);
#17016=EDGE_LOOP('',(#17000,#17008,#17014,#17015));
#17017=FACE_OUTER_BOUND('',#17016,.T.);
#17018=ADVANCED_FACE('',(#17017),#16992,.T.);
#17019=CARTESIAN_POINT('',(-7.244665572935439,8.305939178829824,0.0));
#17020=DIRECTION('',(0.0,1.0,0.0));
#17021=DIRECTION('',(0.0,0.0,1.0));
#17022=AXIS2_PLACEMENT_3D('',#17019,#17020,#17021);
#17023=PLANE('',#17022);
#17024=CARTESIAN_POINT('',(-3.445524072935442,8.305939178829824,0.800000000000000));
#17025=VERTEX_POINT('',#17024);
#17026=CARTESIAN_POINT('',(-7.244665572935439,8.305939178829824,0.800000000000000));
#17027=DIRECTION('',(1.0,0.0,0.0));
#17028=VECTOR('',#17027,3.799141499999997);
#17029=LINE('',#17026,#17028);
#17030=EDGE_CURVE('',#16994,#17025,#17029,.T.);
#17031=ORIENTED_EDGE('',*,*,#17030,.T.);
#17032=CARTESIAN_POINT('',(-3.445524072935442,8.305939178829824,0.0));
#17033=VERTEX_POINT('',#17032);
#17034=CARTESIAN_POINT('',(-3.445524072935442,8.305939178829824,0.0));
#17035=DIRECTION('',(0.0,0.0,1.0));
#17036=VECTOR('',#17035,0.800000000000000);
#17037=LINE('',#17034,#17036);
#17038=EDGE_CURVE('',#17033,#17025,#17037,.T.);
#17039=ORIENTED_EDGE('',*,*,#17038,.F.);
#17040=CARTESIAN_POINT('',(-3.445524072935442,8.305939178829824,0.0));
#17041=DIRECTION('',(-1.0,0.0,0.0));
#17042=VECTOR('',#17041,3.799141499999997);
#17043=LINE('',#17040,#17042);
#17044=EDGE_CURVE('',#17033,#17002,#17043,.T.);
#17045=ORIENTED_EDGE('',*,*,#17044,.T.);
#17046=ORIENTED_EDGE('',*,*,#17007,.T.);
#17047=EDGE_LOOP('',(#17031,#17039,#17045,#17046));
#17048=FACE_OUTER_BOUND('',#17047,.T.);
#17049=ADVANCED_FACE('',(#17048),#17023,.T.);
#17050=CARTESIAN_POINT('',(-3.445524072935442,8.305939178829824,0.0));
#17051=DIRECTION('',(0.705950506890469,0.708261167805415,0.0));
#17052=DIRECTION('',(0.0,0.0,-1.0));
#17053=AXIS2_PLACEMENT_3D('',#17050,#17051,#17052);
#17054=PLANE('',#17053);
#17055=CARTESIAN_POINT('',(-1.944439872935441,6.809752178829833,0.800000000000000));
#17056=VERTEX_POINT('',#17055);
#17057=CARTESIAN_POINT('',(-3.445524072935442,8.305939178829824,0.800000000000000));
#17058=DIRECTION('',(0.708261167805415,-0.705950506890469,0.0));
#17059=VECTOR('',#17058,2.119393619519181);
#17060=LINE('',#17057,#17059);
#17061=EDGE_CURVE('',#17025,#17056,#17060,.T.);
#17062=ORIENTED_EDGE('',*,*,#17061,.T.);
#17063=CARTESIAN_POINT('',(-1.944439872935441,6.809752178829833,0.0));
#17064=VERTEX_POINT('',#17063);
#17065=CARTESIAN_POINT('',(-1.944439872935441,6.809752178829833,0.0));
#17066=DIRECTION('',(0.0,0.0,1.0));
#17067=VECTOR('',#17066,0.800000000000000);
#17068=LINE('',#17065,#17067);
#17069=EDGE_CURVE('',#17064,#17056,#17068,.T.);
#17070=ORIENTED_EDGE('',*,*,#17069,.F.);
#17071=CARTESIAN_POINT('',(-1.944439872935441,6.809752178829833,0.0));
#17072=DIRECTION('',(-0.708261167805415,0.705950506890469,0.0));
#17073=VECTOR('',#17072,2.119393619519181);
#17074=LINE('',#17071,#17073);
#17075=EDGE_CURVE('',#17064,#17033,#17074,.T.);
#17076=ORIENTED_EDGE('',*,*,#17075,.T.);
#17077=ORIENTED_EDGE('',*,*,#17038,.T.);
#17078=EDGE_LOOP('',(#17062,#17070,#17076,#17077));
#17079=FACE_OUTER_BOUND('',#17078,.T.);
#17080=ADVANCED_FACE('',(#17079),#17054,.T.);
#17081=CARTESIAN_POINT('',(-1.944439872935441,6.809752178829833,0.0));
#17082=DIRECTION('',(1.0,0.0,0.0));
#17083=DIRECTION('',(0.0,0.0,-1.0));
#17084=AXIS2_PLACEMENT_3D('',#17081,#17082,#17083);
#17085=PLANE('',#17084);
#17086=CARTESIAN_POINT('',(-1.944439872935441,1.108602878829835,0.800000000000000));
#17087=VERTEX_POINT('',#17086);
#17088=CARTESIAN_POINT('',(-1.944439872935441,6.809752178829833,0.800000000000000));
#17089=DIRECTION('',(0.0,-1.0,0.0));
#17090=VECTOR('',#17089,5.701149299999998);
#17091=LINE('',#17088,#17090);
#17092=EDGE_CURVE('',#17056,#17087,#17091,.T.);
#17093=ORIENTED_EDGE('',*,*,#17092,.T.);
#17094=CARTESIAN_POINT('',(-1.944439872935441,1.108602878829835,0.0));
#17095=VERTEX_POINT('',#17094);
#17096=CARTESIAN_POINT('',(-1.944439872935441,1.108602878829835,0.0));
#17097=DIRECTION('',(0.0,0.0,1.0));
#17098=VECTOR('',#17097,0.800000000000000);
#17099=LINE('',#17096,#17098);
#17100=EDGE_CURVE('',#17095,#17087,#17099,.T.);
#17101=ORIENTED_EDGE('',*,*,#17100,.F.);
#17102=CARTESIAN_POINT('',(-1.944439872935441,1.108602878829835,0.0));
#17103=DIRECTION('',(0.0,1.0,0.0));
#17104=VECTOR('',#17103,5.701149299999998);
#17105=LINE('',#17102,#17104);
#17106=EDGE_CURVE('',#17095,#17064,#17105,.T.);
#17107=ORIENTED_EDGE('',*,*,#17106,.T.);
#17108=ORIENTED_EDGE('',*,*,#17069,.T.);
#17109=EDGE_LOOP('',(#17093,#17101,#17107,#17108));
#17110=FACE_OUTER_BOUND('',#17109,.T.);
#17111=ADVANCED_FACE('',(#17110),#17085,.T.);
#17112=CARTESIAN_POINT('',(-1.944439872935441,1.108602878829835,0.0));
#17113=DIRECTION('',(0.703643676446659,-0.710553007591010,0.0));
#17114=DIRECTION('',(0.0,0.0,-1.0));
#17115=AXIS2_PLACEMENT_3D('',#17112,#17113,#17114);
#17116=PLANE('',#17115);
#17117=CARTESIAN_POINT('',(-2.448066072935440,0.609873878829831,0.800000000000000));
#17118=VERTEX_POINT('',#17117);
#17119=CARTESIAN_POINT('',(-1.944439872935440,1.108602878829835,0.800000000000000));
#17120=DIRECTION('',(-0.710553007591010,-0.703643676446659,0.0));
#17121=VECTOR('',#17120,0.708780618222200);
#17122=LINE('',#17119,#17121);
#17123=EDGE_CURVE('',#17087,#17118,#17122,.T.);
#17124=ORIENTED_EDGE('',*,*,#17123,.T.);
#17125=CARTESIAN_POINT('',(-2.448066072935440,0.609873878829831,0.0));
#17126=VERTEX_POINT('',#17125);
#17127=CARTESIAN_POINT('',(-2.448066072935440,0.609873878829831,0.0));
#17128=DIRECTION('',(0.0,0.0,1.0));
#17129=VECTOR('',#17128,0.800000000000000);
#17130=LINE('',#17127,#17129);
#17131=EDGE_CURVE('',#17126,#17118,#17130,.T.);
#17132=ORIENTED_EDGE('',*,*,#17131,.F.);
#17133=CARTESIAN_POINT('',(-2.448066072935440,0.609873878829831,0.0));
#17134=DIRECTION('',(0.710553007591010,0.703643676446659,0.0));
#17135=VECTOR('',#17134,0.708780618222200);
#17136=LINE('',#17133,#17135);
#17137=EDGE_CURVE('',#17126,#17095,#17136,.T.);
#17138=ORIENTED_EDGE('',*,*,#17137,.T.);
#17139=ORIENTED_EDGE('',*,*,#17100,.T.);
#17140=EDGE_LOOP('',(#17124,#17132,#17138,#17139));
#17141=FACE_OUTER_BOUND('',#17140,.T.);
#17142=ADVANCED_FACE('',(#17141),#17116,.T.);
#17143=CARTESIAN_POINT('',(-2.448066072935440,0.609873878829831,0.0));
#17144=DIRECTION('',(0.0,-1.0,0.0));
#17145=DIRECTION('',(0.0,0.0,-1.0));
#17146=AXIS2_PLACEMENT_3D('',#17143,#17144,#17145);
#17147=PLANE('',#17146);
#17148=CARTESIAN_POINT('',(-8.242123572935441,0.609873878829831,0.800000000000000));
#17149=VERTEX_POINT('',#17148);
#17150=CARTESIAN_POINT('',(-2.448066072935439,0.609873878829831,0.800000000000000));
#17151=DIRECTION('',(-1.0,0.0,0.0));
#17152=VECTOR('',#17151,5.794057500000002);
#17153=LINE('',#17150,#17152);
#17154=EDGE_CURVE('',#17118,#17149,#17153,.T.);
#17155=ORIENTED_EDGE('',*,*,#17154,.T.);
#17156=CARTESIAN_POINT('',(-8.242123572935441,0.609873878829831,0.0));
#17157=VERTEX_POINT('',#17156);
#17158=CARTESIAN_POINT('',(-8.242123572935441,0.609873878829831,0.0));
#17159=DIRECTION('',(0.0,0.0,1.0));
#17160=VECTOR('',#17159,0.800000000000000);
#17161=LINE('',#17158,#17160);
#17162=EDGE_CURVE('',#17157,#17149,#17161,.T.);
#17163=ORIENTED_EDGE('',*,*,#17162,.F.);
#17164=CARTESIAN_POINT('',(-8.242123572935441,0.609873878829831,0.0));
#17165=DIRECTION('',(1.0,0.0,0.0));
#17166=VECTOR('',#17165,5.794057500000002);
#17167=LINE('',#17164,#17166);
#17168=EDGE_CURVE('',#17157,#17126,#17167,.T.);
#17169=ORIENTED_EDGE('',*,*,#17168,.T.);
#17170=ORIENTED_EDGE('',*,*,#17131,.T.);
#17171=EDGE_LOOP('',(#17155,#17163,#17169,#17170));
#17172=FACE_OUTER_BOUND('',#17171,.T.);
#17173=ADVANCED_FACE('',(#17172),#17147,.T.);
#17174=CARTESIAN_POINT('',(-8.242123572935441,0.609873878829831,0.0));
#17175=DIRECTION('',(-0.707106781186548,-0.707106781186547,0.0));
#17176=DIRECTION('',(0.0,0.0,1.0));
#17177=AXIS2_PLACEMENT_3D('',#17174,#17175,#17176);
#17178=PLANE('',#17177);
#17179=CARTESIAN_POINT('',(-8.242123572935441,0.609873878829830,0.800000000000000));
#17180=DIRECTION('',(-0.707106781186547,0.707106781186548,0.0));
#17181=VECTOR('',#17180,0.705309315748778);
#17182=LINE('',#17179,#17181);
#17183=EDGE_CURVE('',#17149,#16954,#17182,.T.);
#17184=ORIENTED_EDGE('',*,*,#17183,.T.);
#17185=ORIENTED_EDGE('',*,*,#16983,.F.);
#17186=CARTESIAN_POINT('',(-8.740852572935445,1.108602878829835,0.0));
#17187=DIRECTION('',(0.707106781186547,-0.707106781186548,0.0));
#17188=VECTOR('',#17187,0.705309315748778);
#17189=LINE('',#17186,#17188);
#17190=EDGE_CURVE('',#16972,#17157,#17189,.T.);
#17191=ORIENTED_EDGE('',*,*,#17190,.T.);
#17192=ORIENTED_EDGE('',*,*,#17162,.T.);
#17193=EDGE_LOOP('',(#17184,#17185,#17191,#17192));
#17194=FACE_OUTER_BOUND('',#17193,.T.);
#17195=ADVANCED_FACE('',(#17194),#17178,.T.);
#17196=CARTESIAN_POINT('',(-5.343032787188466,4.258140031998324,0.0));
#17197=DIRECTION('',(0.0,0.0,1.0));
#17198=DIRECTION('',(1.0,0.0,0.0));
#17199=AXIS2_PLACEMENT_3D('',#17196,#17197,#17198);
#17200=PLANE('',#17199);
#17201=ORIENTED_EDGE('',*,*,#17190,.F.);
#17202=ORIENTED_EDGE('',*,*,#16977,.F.);
#17203=ORIENTED_EDGE('',*,*,#17013,.F.);
#17204=ORIENTED_EDGE('',*,*,#17044,.F.);
#17205=ORIENTED_EDGE('',*,*,#17075,.F.);
#17206=ORIENTED_EDGE('',*,*,#17106,.F.);
#17207=ORIENTED_EDGE('',*,*,#17137,.F.);
#17208=ORIENTED_EDGE('',*,*,#17168,.F.);
#17209=EDGE_LOOP('',(#17201,#17202,#17203,#17204,#17205,#17206,#17207,#17208));
#17210=FACE_OUTER_BOUND('',#17209,.T.);
#17211=ORIENTED_EDGE('',*,*,#16359,.T.);
#17212=EDGE_LOOP('',(#17211));
#17213=FACE_BOUND('',#17212,.T.);
#17214=ORIENTED_EDGE('',*,*,#16396,.T.);
#17215=EDGE_LOOP('',(#17214));
#17216=FACE_BOUND('',#17215,.T.);
#17217=ORIENTED_EDGE('',*,*,#16433,.T.);
#17218=EDGE_LOOP('',(#17217));
#17219=FACE_BOUND('',#17218,.T.);
#17220=ADVANCED_FACE('',(#17210,#17213,#17216,#17219),#17200,.F.);
#17221=CARTESIAN_POINT('',(-5.343032787188465,4.258140031998323,0.800000000000000));
#17222=DIRECTION('',(0.0,0.0,1.0));
#17223=DIRECTION('',(1.0,0.0,0.0));
#17224=AXIS2_PLACEMENT_3D('',#17221,#17222,#17223);
#17225=PLANE('',#17224);
#17226=ORIENTED_EDGE('',*,*,#16961,.F.);
#17227=ORIENTED_EDGE('',*,*,#17183,.F.);
#17228=ORIENTED_EDGE('',*,*,#17154,.F.);
#17229=ORIENTED_EDGE('',*,*,#17123,.F.);
#17230=ORIENTED_EDGE('',*,*,#17092,.F.);
#17231=ORIENTED_EDGE('',*,*,#17061,.F.);
#17232=ORIENTED_EDGE('',*,*,#17030,.F.);
#17233=ORIENTED_EDGE('',*,*,#16999,.F.);
#17234=EDGE_LOOP('',(#17226,#17227,#17228,#17229,#17230,#17231,#17232,#17233));
#17235=FACE_OUTER_BOUND('',#17234,.T.);
#17236=ORIENTED_EDGE('',*,*,#16907,.T.);
#17237=EDGE_LOOP('',(#17236));
#17238=FACE_BOUND('',#17237,.T.);
#17239=ADVANCED_FACE('',(#17235,#17238),#17225,.T.);
#17240=CLOSED_SHELL('',(#16363,#16372,#16400,#16409,#16437,#16446,#16486,#16517,#16548,#16579,#16610,#16641,#16672,#16703,#16734,#16765,#16796,#16818,#16838,#16863,#16894,#16923,#16947,#16987,#17018,#17049,#17080,#17111,#17142,#17173,#17195,#17220,#17239));
#17241=MANIFOLD_SOLID_BREP('\X2\5BE69AD4\X0\1',#17240);
#17242=COLOUR_RGB('\X2\FFFD\X0\w\X2\FFFD\X0\]',0.752941012382507,0.752941012382507,0.752941012382507);
#17243=FILL_AREA_STYLE_COLOUR('\X2\FFFD\X0\w\X2\FFFD\X0\]',#17242);
#17244=FILL_AREA_STYLE('\X2\FFFD\X0\w\X2\FFFD\X0\]',(#17243));
#17245=SURFACE_STYLE_FILL_AREA(#17244);
#17246=SURFACE_SIDE_STYLE('\X2\FFFD\X0\w\X2\FFFD\X0\]',(#17245));
#17247=SURFACE_STYLE_USAGE(.BOTH.,#17246);
#17248=PRESENTATION_STYLE_ASSIGNMENT((#17247));
#17249=STYLED_ITEM('',(#17248),#17241);
#17250=ADVANCED_BREP_SHAPE_REPRESENTATION('ABSR',(#17241),#16304);
#17251=SHAPE_REPRESENTATION_RELATIONSHIP('SRR','None',#17250,#16309);
#17252=GROUP('\X2\FFFDFFFDFFFD\X0\4',$);
#17253=APPLIED_GROUP_ASSIGNMENT(#17252,(#17285,#17320));
#17259=(NAMED_UNIT(*)PLANE_ANGLE_UNIT()SI_UNIT($,.RADIAN.));
#17260=DIMENSIONAL_EXPONENTS(0.0,0.0,0.0,0.0,0.0,0.0,0.0);
#17261=PLANE_ANGLE_MEASURE_WITH_UNIT(PLANE_ANGLE_MEASURE(0.017453292500000),#17259);
#17265=(CONVERSION_BASED_UNIT('DEGREE',#17261)NAMED_UNIT(#17260)PLANE_ANGLE_UNIT());
#17269=(NAMED_UNIT(*)SI_UNIT($,.STERADIAN.)SOLID_ANGLE_UNIT());
#17273=(LENGTH_UNIT()NAMED_UNIT(*)SI_UNIT(.MILLI.,.METRE.));
#17275=UNCERTAINTY_MEASURE_WITH_UNIT(LENGTH_MEASURE(0.000001000000000),#17273,'DISTANCE_ACCURACY_VALUE','');
#17277=(GEOMETRIC_REPRESENTATION_CONTEXT(3)GLOBAL_UNCERTAINTY_ASSIGNED_CONTEXT((#17275))GLOBAL_UNIT_ASSIGNED_CONTEXT((#17265,#17269,#17273))REPRESENTATION_CONTEXT('','3D'));
#17278=CARTESIAN_POINT('',(-5.342642384656259,4.908143857105813,4.500000000000001));
#17279=DIRECTION('',(0.0,0.0,1.0));
#17280=DIRECTION('',(1.0,0.0,0.0));
#17281=AXIS2_PLACEMENT_3D('',#17278,#17279,#17280);
#17282=CIRCLE('',#17281,3.373739635371555);
#17283=CARTESIAN_POINT('',(-7.961607373006030,7.034911713989841,4.500000000000001));
#17284=CARTESIAN_POINT('',(-2.723677396306487,7.034911713989839,4.500000000000001));
#17285=TRIMMED_CURVE('',#17282,(PARAMETER_VALUE(140.921182812625860),#17283),(PARAMETER_VALUE(39.078817187374149),#17284),.T.,.PARAMETER.);
#17286=STYLED_ITEM('',(#5466),#17285);
#17287=MECHANICAL_DESIGN_GEOMETRIC_PRESENTATION_REPRESENTATION('',(#17286),#17277);
#17288=GEOMETRIC_SET('GEOSET',(#17285,#17320,#17354,#17386,#17418,#17450,#17482,#17514,#17546,#17578));
#17289=GEOMETRICALLY_BOUNDED_SURFACE_SHAPE_REPRESENTATION('GBSSR',(#17288),#16304);
#17290=SHAPE_REPRESENTATION_RELATIONSHIP('SRR','None',#17289,#16309);
#17296=(NAMED_UNIT(*)PLANE_ANGLE_UNIT()SI_UNIT($,.RADIAN.));
#17297=DIMENSIONAL_EXPONENTS(0.0,0.0,0.0,0.0,0.0,0.0,0.0);
#17298=PLANE_ANGLE_MEASURE_WITH_UNIT(PLANE_ANGLE_MEASURE(0.017453292500000),#17296);
#17302=(CONVERSION_BASED_UNIT('DEGREE',#17298)NAMED_UNIT(#17297)PLANE_ANGLE_UNIT());
#17306=(NAMED_UNIT(*)SI_UNIT($,.STERADIAN.)SOLID_ANGLE_UNIT());
#17310=(LENGTH_UNIT()NAMED_UNIT(*)SI_UNIT(.MILLI.,.METRE.));
#17312=UNCERTAINTY_MEASURE_WITH_UNIT(LENGTH_MEASURE(0.000001000000000),#17310,'DISTANCE_ACCURACY_VALUE','');
#17314=(GEOMETRIC_REPRESENTATION_CONTEXT(3)GLOBAL_UNCERTAINTY_ASSIGNED_CONTEXT((#17312))GLOBAL_UNIT_ASSIGNED_CONTEXT((#17302,#17306,#17310))REPRESENTATION_CONTEXT('','3D'));
#17315=CARTESIAN_POINT('',(-2.723677396306487,7.034911713989840,4.500000000000001));
#17316=DIRECTION('',(-1.0,0.0,0.0));
#17317=VECTOR('',#17316,5.237929976699545);
#17318=LINE('',#17315,#17317);
#17319=CARTESIAN_POINT('',(-7.961607373006031,7.034911713989840,4.500000000000001));
#17320=TRIMMED_CURVE('',#17318,(PARAMETER_VALUE(0.0),#17315),(PARAMETER_VALUE(1.0),#17319),.T.,.PARAMETER.);
#17321=STYLED_ITEM('',(#5466),#17320);
#17322=MECHANICAL_DESIGN_GEOMETRIC_PRESENTATION_REPRESENTATION('',(#17321),#17314);
#17323=GROUP('\X2\FFFDFFFDFFFD\X0\6',$);
#17324=APPLIED_GROUP_ASSIGNMENT(#17323,(#17354,#17386,#17418,#17450,#17482,#17514,#17546,#17578));
#17330=(NAMED_UNIT(*)PLANE_ANGLE_UNIT()SI_UNIT($,.RADIAN.));
#17331=DIMENSIONAL_EXPONENTS(0.0,0.0,0.0,0.0,0.0,0.0,0.0);
#17332=PLANE_ANGLE_MEASURE_WITH_UNIT(PLANE_ANGLE_MEASURE(0.017453292500000),#17330);
#17336=(CONVERSION_BASED_UNIT('DEGREE',#17332)NAMED_UNIT(#17331)PLANE_ANGLE_UNIT());
#17340=(NAMED_UNIT(*)SI_UNIT($,.STERADIAN.)SOLID_ANGLE_UNIT());
#17344=(LENGTH_UNIT()NAMED_UNIT(*)SI_UNIT(.MILLI.,.METRE.));
#17346=UNCERTAINTY_MEASURE_WITH_UNIT(LENGTH_MEASURE(0.000001000000000),#17344,'DISTANCE_ACCURACY_VALUE','');
#17348=(GEOMETRIC_REPRESENTATION_CONTEXT(3)GLOBAL_UNCERTAINTY_ASSIGNED_CONTEXT((#17346))GLOBAL_UNIT_ASSIGNED_CONTEXT((#17336,#17340,#17344))REPRESENTATION_CONTEXT('','3D'));
#17349=CARTESIAN_POINT('',(-8.242123572935441,0.609873878829831,0.0));
#17350=DIRECTION('',(1.0,0.0,0.0));
#17351=VECTOR('',#17350,5.794057500000002);
#17352=LINE('',#17349,#17351);
#17353=CARTESIAN_POINT('',(-2.448066072935439,0.609873878829831,0.0));
#17354=TRIMMED_CURVE('',#17352,(PARAMETER_VALUE(0.0),#17349),(PARAMETER_VALUE(1.0),#17353),.T.,.PARAMETER.);
#17355=STYLED_ITEM('',(#5466),#17354);
#17356=MECHANICAL_DESIGN_GEOMETRIC_PRESENTATION_REPRESENTATION('',(#17355),#17348);
#17362=(NAMED_UNIT(*)PLANE_ANGLE_UNIT()SI_UNIT($,.RADIAN.));
#17363=DIMENSIONAL_EXPONENTS(0.0,0.0,0.0,0.0,0.0,0.0,0.0);
#17364=PLANE_ANGLE_MEASURE_WITH_UNIT(PLANE_ANGLE_MEASURE(0.017453292500000),#17362);
#17368=(CONVERSION_BASED_UNIT('DEGREE',#17364)NAMED_UNIT(#17363)PLANE_ANGLE_UNIT());
#17372=(NAMED_UNIT(*)SI_UNIT($,.STERADIAN.)SOLID_ANGLE_UNIT());
#17376=(LENGTH_UNIT()NAMED_UNIT(*)SI_UNIT(.MILLI.,.METRE.));
#17378=UNCERTAINTY_MEASURE_WITH_UNIT(LENGTH_MEASURE(0.000001000000000),#17376,'DISTANCE_ACCURACY_VALUE','');
#17380=(GEOMETRIC_REPRESENTATION_CONTEXT(3)GLOBAL_UNCERTAINTY_ASSIGNED_CONTEXT((#17378))GLOBAL_UNIT_ASSIGNED_CONTEXT((#17368,#17372,#17376))REPRESENTATION_CONTEXT('','3D'));
#17381=CARTESIAN_POINT('',(-2.448066072935440,0.609873878829831,0.0));
#17382=DIRECTION('',(0.710553007591010,0.703643676446659,0.0));
#17383=VECTOR('',#17382,0.708780618222200);
#17384=LINE('',#17381,#17383);
#17385=CARTESIAN_POINT('',(-1.944439872935440,1.108602878829835,0.0));
#17386=TRIMMED_CURVE('',#17384,(PARAMETER_VALUE(0.0),#17381),(PARAMETER_VALUE(1.0),#17385),.T.,.PARAMETER.);
#17387=STYLED_ITEM('',(#5466),#17386);
#17388=MECHANICAL_DESIGN_GEOMETRIC_PRESENTATION_REPRESENTATION('',(#17387),#17380);
#17394=(NAMED_UNIT(*)PLANE_ANGLE_UNIT()SI_UNIT($,.RADIAN.));
#17395=DIMENSIONAL_EXPONENTS(0.0,0.0,0.0,0.0,0.0,0.0,0.0);
#17396=PLANE_ANGLE_MEASURE_WITH_UNIT(PLANE_ANGLE_MEASURE(0.017453292500000),#17394);
#17400=(CONVERSION_BASED_UNIT('DEGREE',#17396)NAMED_UNIT(#17395)PLANE_ANGLE_UNIT());
#17404=(NAMED_UNIT(*)SI_UNIT($,.STERADIAN.)SOLID_ANGLE_UNIT());
#17408=(LENGTH_UNIT()NAMED_UNIT(*)SI_UNIT(.MILLI.,.METRE.));
#17410=UNCERTAINTY_MEASURE_WITH_UNIT(LENGTH_MEASURE(0.000001000000000),#17408,'DISTANCE_ACCURACY_VALUE','');
#17412=(GEOMETRIC_REPRESENTATION_CONTEXT(3)GLOBAL_UNCERTAINTY_ASSIGNED_CONTEXT((#17410))GLOBAL_UNIT_ASSIGNED_CONTEXT((#17400,#17404,#17408))REPRESENTATION_CONTEXT('','3D'));
#17413=CARTESIAN_POINT('',(-1.944439872935441,1.108602878829835,0.0));
#17414=DIRECTION('',(0.0,1.0,0.0));
#17415=VECTOR('',#17414,5.701149299999998);
#17416=LINE('',#17413,#17415);
#17417=CARTESIAN_POINT('',(-1.944439872935441,6.809752178829833,0.0));
#17418=TRIMMED_CURVE('',#17416,(PARAMETER_VALUE(0.0),#17413),(PARAMETER_VALUE(1.0),#17417),.T.,.PARAMETER.);
#17419=STYLED_ITEM('',(#5466),#17418);
#17420=MECHANICAL_DESIGN_GEOMETRIC_PRESENTATION_REPRESENTATION('',(#17419),#17412);
#17426=(NAMED_UNIT(*)PLANE_ANGLE_UNIT()SI_UNIT($,.RADIAN.));
#17427=DIMENSIONAL_EXPONENTS(0.0,0.0,0.0,0.0,0.0,0.0,0.0);
#17428=PLANE_ANGLE_MEASURE_WITH_UNIT(PLANE_ANGLE_MEASURE(0.017453292500000),#17426);
#17432=(CONVERSION_BASED_UNIT('DEGREE',#17428)NAMED_UNIT(#17427)PLANE_ANGLE_UNIT());
#17436=(NAMED_UNIT(*)SI_UNIT($,.STERADIAN.)SOLID_ANGLE_UNIT());
#17440=(LENGTH_UNIT()NAMED_UNIT(*)SI_UNIT(.MILLI.,.METRE.));
#17442=UNCERTAINTY_MEASURE_WITH_UNIT(LENGTH_MEASURE(0.000001000000000),#17440,'DISTANCE_ACCURACY_VALUE','');
#17444=(GEOMETRIC_REPRESENTATION_CONTEXT(3)GLOBAL_UNCERTAINTY_ASSIGNED_CONTEXT((#17442))GLOBAL_UNIT_ASSIGNED_CONTEXT((#17432,#17436,#17440))REPRESENTATION_CONTEXT('','3D'));
#17445=CARTESIAN_POINT('',(-1.944439872935441,6.809752178829833,0.0));
#17446=DIRECTION('',(-0.708261167805415,0.705950506890469,0.0));
#17447=VECTOR('',#17446,2.119393619519181);
#17448=LINE('',#17445,#17447);
#17449=CARTESIAN_POINT('',(-3.445524072935442,8.305939178829824,0.0));
#17450=TRIMMED_CURVE('',#17448,(PARAMETER_VALUE(0.0),#17445),(PARAMETER_VALUE(1.0),#17449),.T.,.PARAMETER.);
#17451=STYLED_ITEM('',(#5466),#17450);
#17452=MECHANICAL_DESIGN_GEOMETRIC_PRESENTATION_REPRESENTATION('',(#17451),#17444);
#17458=(NAMED_UNIT(*)PLANE_ANGLE_UNIT()SI_UNIT($,.RADIAN.));
#17459=DIMENSIONAL_EXPONENTS(0.0,0.0,0.0,0.0,0.0,0.0,0.0);
#17460=PLANE_ANGLE_MEASURE_WITH_UNIT(PLANE_ANGLE_MEASURE(0.017453292500000),#17458);
#17464=(CONVERSION_BASED_UNIT('DEGREE',#17460)NAMED_UNIT(#17459)PLANE_ANGLE_UNIT());
#17468=(NAMED_UNIT(*)SI_UNIT($,.STERADIAN.)SOLID_ANGLE_UNIT());
#17472=(LENGTH_UNIT()NAMED_UNIT(*)SI_UNIT(.MILLI.,.METRE.));
#17474=UNCERTAINTY_MEASURE_WITH_UNIT(LENGTH_MEASURE(0.000001000000000),#17472,'DISTANCE_ACCURACY_VALUE','');
#17476=(GEOMETRIC_REPRESENTATION_CONTEXT(3)GLOBAL_UNCERTAINTY_ASSIGNED_CONTEXT((#17474))GLOBAL_UNIT_ASSIGNED_CONTEXT((#17464,#17468,#17472))REPRESENTATION_CONTEXT('','3D'));
#17477=CARTESIAN_POINT('',(-3.445524072935442,8.305939178829824,0.0));
#17478=DIRECTION('',(-1.0,0.0,0.0));
#17479=VECTOR('',#17478,3.799141499999997);
#17480=LINE('',#17477,#17479);
#17481=CARTESIAN_POINT('',(-7.244665572935439,8.305939178829824,0.0));
#17482=TRIMMED_CURVE('',#17480,(PARAMETER_VALUE(0.0),#17477),(PARAMETER_VALUE(1.0),#17481),.T.,.PARAMETER.);
#17483=STYLED_ITEM('',(#5466),#17482);
#17484=MECHANICAL_DESIGN_GEOMETRIC_PRESENTATION_REPRESENTATION('',(#17483),#17476);
#17490=(NAMED_UNIT(*)PLANE_ANGLE_UNIT()SI_UNIT($,.RADIAN.));
#17491=DIMENSIONAL_EXPONENTS(0.0,0.0,0.0,0.0,0.0,0.0,0.0);
#17492=PLANE_ANGLE_MEASURE_WITH_UNIT(PLANE_ANGLE_MEASURE(0.017453292500000),#17490);
#17496=(CONVERSION_BASED_UNIT('DEGREE',#17492)NAMED_UNIT(#17491)PLANE_ANGLE_UNIT());
#17500=(NAMED_UNIT(*)SI_UNIT($,.STERADIAN.)SOLID_ANGLE_UNIT());
#17504=(LENGTH_UNIT()NAMED_UNIT(*)SI_UNIT(.MILLI.,.METRE.));
#17506=UNCERTAINTY_MEASURE_WITH_UNIT(LENGTH_MEASURE(0.000001000000000),#17504,'DISTANCE_ACCURACY_VALUE','');
#17508=(GEOMETRIC_REPRESENTATION_CONTEXT(3)GLOBAL_UNCERTAINTY_ASSIGNED_CONTEXT((#17506))GLOBAL_UNIT_ASSIGNED_CONTEXT((#17496,#17500,#17504))REPRESENTATION_CONTEXT('','3D'));
#17509=CARTESIAN_POINT('',(-7.244665572935439,8.305939178829824,0.0));
#17510=DIRECTION('',(-0.707106781186551,-0.707106781186544,0.0));
#17511=VECTOR('',#17510,2.115927947246312);
#17512=LINE('',#17509,#17511);
#17513=CARTESIAN_POINT('',(-8.740852572935445,6.809752178829833,0.0));
#17514=TRIMMED_CURVE('',#17512,(PARAMETER_VALUE(0.0),#17509),(PARAMETER_VALUE(1.0),#17513),.T.,.PARAMETER.);
#17515=STYLED_ITEM('',(#5466),#17514);
#17516=MECHANICAL_DESIGN_GEOMETRIC_PRESENTATION_REPRESENTATION('',(#17515),#17508);
#17522=(NAMED_UNIT(*)PLANE_ANGLE_UNIT()SI_UNIT($,.RADIAN.));
#17523=DIMENSIONAL_EXPONENTS(0.0,0.0,0.0,0.0,0.0,0.0,0.0);
#17524=PLANE_ANGLE_MEASURE_WITH_UNIT(PLANE_ANGLE_MEASURE(0.017453292500000),#17522);
#17528=(CONVERSION_BASED_UNIT('DEGREE',#17524)NAMED_UNIT(#17523)PLANE_ANGLE_UNIT());
#17532=(NAMED_UNIT(*)SI_UNIT($,.STERADIAN.)SOLID_ANGLE_UNIT());
#17536=(LENGTH_UNIT()NAMED_UNIT(*)SI_UNIT(.MILLI.,.METRE.));
#17538=UNCERTAINTY_MEASURE_WITH_UNIT(LENGTH_MEASURE(0.000001000000000),#17536,'DISTANCE_ACCURACY_VALUE','');
#17540=(GEOMETRIC_REPRESENTATION_CONTEXT(3)GLOBAL_UNCERTAINTY_ASSIGNED_CONTEXT((#17538))GLOBAL_UNIT_ASSIGNED_CONTEXT((#17528,#17532,#17536))REPRESENTATION_CONTEXT('','3D'));
#17541=CARTESIAN_POINT('',(-8.740852572935445,6.809752178829833,0.0));
#17542=DIRECTION('',(0.0,-1.0,0.0));
#17543=VECTOR('',#17542,5.701149299999998);
#17544=LINE('',#17541,#17543);
#17545=CARTESIAN_POINT('',(-8.740852572935445,1.108602878829835,0.0));
#17546=TRIMMED_CURVE('',#17544,(PARAMETER_VALUE(0.0),#17541),(PARAMETER_VALUE(1.0),#17545),.T.,.PARAMETER.);
#17547=STYLED_ITEM('',(#5466),#17546);
#17548=MECHANICAL_DESIGN_GEOMETRIC_PRESENTATION_REPRESENTATION('',(#17547),#17540);
#17554=(NAMED_UNIT(*)PLANE_ANGLE_UNIT()SI_UNIT($,.RADIAN.));
#17555=DIMENSIONAL_EXPONENTS(0.0,0.0,0.0,0.0,0.0,0.0,0.0);
#17556=PLANE_ANGLE_MEASURE_WITH_UNIT(PLANE_ANGLE_MEASURE(0.017453292500000),#17554);
#17560=(CONVERSION_BASED_UNIT('DEGREE',#17556)NAMED_UNIT(#17555)PLANE_ANGLE_UNIT());
#17564=(NAMED_UNIT(*)SI_UNIT($,.STERADIAN.)SOLID_ANGLE_UNIT());
#17568=(LENGTH_UNIT()NAMED_UNIT(*)SI_UNIT(.MILLI.,.METRE.));
#17570=UNCERTAINTY_MEASURE_WITH_UNIT(LENGTH_MEASURE(0.000001000000000),#17568,'DISTANCE_ACCURACY_VALUE','');
#17572=(GEOMETRIC_REPRESENTATION_CONTEXT(3)GLOBAL_UNCERTAINTY_ASSIGNED_CONTEXT((#17570))GLOBAL_UNIT_ASSIGNED_CONTEXT((#17560,#17564,#17568))REPRESENTATION_CONTEXT('','3D'));
#17573=CARTESIAN_POINT('',(-8.740852572935445,1.108602878829835,0.0));
#17574=DIRECTION('',(0.707106781186547,-0.707106781186548,0.0));
#17575=VECTOR('',#17574,0.705309315748778);
#17576=LINE('',#17573,#17575);
#17577=CARTESIAN_POINT('',(-8.242123572935441,0.609873878829830,0.0));
#17578=TRIMMED_CURVE('',#17576,(PARAMETER_VALUE(0.0),#17573),(PARAMETER_VALUE(1.0),#17577),.T.,.PARAMETER.);
#17579=STYLED_ITEM('',(#5466),#17578);
#17580=MECHANICAL_DESIGN_GEOMETRIC_PRESENTATION_REPRESENTATION('',(#17579),#17572);
#17581=AXIS2_PLACEMENT_3D('',#17582,#17583,#17584);
#17582=CARTESIAN_POINT('',(86.758833077923555,19.135994749040908,3.636520760029293));
#17583=DIRECTION('',(-6.134734E-018,-1.559150E-017,1.0));
#17584=DIRECTION('',(1.0,-2.775558E-017,1.387779E-017));
#17585=NEXT_ASSEMBLY_USAGE_OCCURRENCE('VR:1','VR:1','VR:1',#12,#16280,'VR:1');
#17586=PRODUCT_DEFINITION_SHAPE('VR:1','VR:1',#17585);
#17587=ITEM_DEFINED_TRANSFORMATION('VR:1','VR:1',#16305,#17581);
#17591=(REPRESENTATION_RELATIONSHIP('VR:1','VR:1',#16309,#41)REPRESENTATION_RELATIONSHIP_WITH_TRANSFORMATION(#17587)SHAPE_REPRESENTATION_RELATIONSHIP());
#17592=CONTEXT_DEPENDENT_SHAPE_REPRESENTATION(#17591,#17586);
ENDSEC;
END-ISO-10303-21;
